"","YEAR","STATION_ID","LATITUDE","LONGITUDE","SAM_WTD","SAM_UNWTD"
"1",1989,"A-05",6113.24685092994,874.063790497256,NA,NA
"2",1989,"B-05",6152.55740631411,866.167977064256,NA,NA
"3",1989,"B-06",6148.86379869703,904.274062301123,NA,NA
"4",1989,"C-06",6190.05137699536,904.414032672006,NA,NA
"5",1989,"D-02",6213.12291874415,750.64054101278,NA,NA
"6",1989,"D-04",6224.77588625344,821.384269652188,NA,NA
"7",1989,"D-05",6219.27054497838,862.004317308933,NA,NA
"8",1989,"D-06",6225.18794755162,899.977687827079,NA,NA
"9",1989,"D-18",6209.80798815244,673.342066308613,NA,NA
"10",1989,"E-02",6249.14377699527,744.905923734826,NA,NA
"11",1989,"E-03",6254.39766960526,783.864744592124,NA,NA
"12",1989,"E-05",6256.91496548028,858.45265647399,NA,NA
"13",1989,"E-06",6261.86188635929,895.10874265817,NA,NA
"14",1989,"E-18",6246.47129164748,669.939297409848,NA,NA
"15",1989,"E-21",6246.36569421769,557.210634490633,NA,NA
"16",1989,"F-01",6285.41980886352,704.532378066341,NA,NA
"17",1989,"F-02",6287.44109058185,742.643327331048,NA,NA
"18",1989,"F-04",6293.61217442893,816.225136335964,67.4691687080289,67.4691687080289
"19",1989,"F-05",6292.05975491635,853.452544927522,NA,NA
"20",1989,"F-18",6282.72689975405,666.278071994541,58.2144762877942,58.2144762877942
"21",1989,"F-20",6282.79015260011,591.923647032493,NA,NA
"22",1989,"F-22",6278.76515594454,516.508379462357,NA,NA
"23",1989,"F-24",6278.86908511514,439.614470905506,NA,NA
"24",1989,"G-01",6324.05668692569,699.417334216209,NA,NA
"25",1989,"G-02",6324.37513634901,736.382848326775,56.2849623996469,56.2849623996469
"26",1989,"G-03",6327.51260400478,775.263702804226,NA,NA
"27",1989,"G-04",6330.37881867481,811.598821362761,92.8550982119123,92.8550982119123
"28",1989,"G-06",6335.69660212838,888.372203134294,94.9042291654762,94.9042291654762
"29",1989,"G-07",6343.07345125856,924.464669882271,NA,NA
"30",1989,"G-18",6321.67818194023,661.419876309301,NA,NA
"31",1989,"G-19",6318.69265995796,622.806584270902,65.1068536347647,65.1068536347647
"32",1989,"G-20",6318.14659313214,587.744898803916,71.8552250717961,71.8552250717961
"33",1989,"G-22",6312.47265120776,513.31441659113,NA,NA
"34",1989,"G-23",6317.34008024428,476.687447945272,NA,NA
"35",1989,"G-24",6318.7253484057,438.330103180366,57.6488124116046,57.6488124116046
"36",1989,"GF1918",6299.71977922977,645.327012450812,62.2677588666951,62.2677588666951
"37",1989,"GF2019",6299.66881708252,607.100929326063,NA,NA
"38",1989,"GF2120",6299.16665191039,567.534737892104,NA,NA
"39",1989,"GF2221",6300.93793553036,533.915658771262,NA,NA
"40",1989,"H-02",6360.7339399587,732.046168028903,77.0825737911265,77.0825737911265
"41",1989,"H-03",6371.384869061,770.872170358059,101.221545361265,101.221545361265
"42",1989,"H-04",6365.41927657246,809.397017189178,101.876436687096,101.876436687096
"43",1989,"H-05",6366.69444314116,845.972911011007,100.80299277504,100.80299277504
"44",1989,"H-06",6371.84822356383,885.576793582396,99.5169396794544,99.5169396794544
"45",1989,"H-18",6359.15382988895,657.231598139133,89.62750384679,89.62750384679
"46",1989,"H-19",6355.48325610833,619.822702033847,75.020895779124,75.020895779124
"47",1989,"H-20",6356.6659367967,581.926808885322,90.4693233772558,90.4693233772558
"48",1989,"H-24",6355.52545488833,432.797056575645,NA,NA
"49",1989,"H-26",6367.24086265621,357.19612030463,NA,NA
"50",1989,"HG1918",6339.60258372444,643.129336774042,60.7259973156857,60.7259973156857
"51",1989,"HG2019",6333.59541324106,602.969157936934,NA,NA
"52",1989,"HG2120",6333.95798427441,568.61013565705,71.4446059957031,71.4446059957031
"53",1989,"I-01",6399.51165128738,693.705693444985,96.3006708294709,96.3006708294709
"54",1989,"I-02",6397.72958106405,729.240970485658,101.666532035993,101.666532035993
"55",1989,"I-03",6402.7983182036,768.168641264035,105.106190589098,105.106190589098
"56",1989,"I-04",6403.3310145788,805.252664009683,103.813016173301,103.813016173301
"57",1989,"I-05",6405.42896782378,842.715400152622,NA,NA
"58",1989,"I-06",6410.24401338667,880.638782037827,100.631121933734,100.631121933734
"59",1989,"I-18",6395.42955250336,655.108795760541,97.8175434627632,97.8175434627632
"60",1989,"I-19",6392.71088235006,614.84616665989,96.5978041267765,96.5978041267765
"61",1989,"I-20",6394.38691354724,578.138948163602,94.5323027234463,94.5323027234463
"62",1989,"I-21",6391.71258319781,544.281658322196,92.5477482809824,92.5477482809824
"63",1989,"I-22",6390.78806134317,505.80763301527,77.320503084669,77.320503084669
"64",1989,"I-24",6392.43971911723,430.435737256941,59.111560113282,59.111560113282
"65",1989,"IH1918",6375.86352568566,635.654779104367,92.8748948047824,92.8748948047824
"66",1989,"IH2019",6374.33859248446,597.284336509427,89.8769037946936,89.8769037946936
"67",1989,"IH2120",6374.58320699243,560.652591730753,92.2502498142223,92.2502498142223
"68",1989,"IH2221",6375.20620712852,527.274624864902,91.3628248021955,91.3628248021955
"69",1989,"J-01",6433.53458850267,690.865990298227,102.662247893741,102.662247893741
"70",1989,"J-02",6434.92850034431,727.20965164441,106.33453465719,106.33453465719
"71",1989,"J-03",6439.62462970172,764.553970880378,NA,NA
"72",1989,"J-04",6439.58441257975,800.465209419686,104.641937297409,104.641937297409
"73",1989,"J-05",6441.41133226748,839.758611425469,NA,NA
"74",1989,"J-18",6432.28162819481,651.502414771525,101.87203521104,101.87203521104
"75",1989,"J-19",6423.5047151873,613.649560276172,100.625589980387,100.625589980387
"76",1989,"J-20",6429.92891243273,576.667284654031,98.3448069616895,98.3448069616895
"77",1989,"J-21",6430.9919664738,539.380029164726,95.2275181400804,95.2275181400804
"78",1989,"J-22",6427.9312526034,501.842497931629,92.2470664250257,92.2470664250257
"79",1989,"J-23",6429.34382707362,464.199131260766,83.7613390669757,83.7613390669757
"80",1989,"J-24",6431.00879455027,429.164986201071,NA,NA
"81",1989,"J-26",6431.18046589514,353.120544404041,NA,NA
"82",1989,"JI1918",6411.37852163608,635.434380712627,99.5263615069695,99.5263615069695
"83",1989,"JI2019",6411.07850139197,599.033503418736,99.9381549805775,99.9381549805775
"84",1989,"JI2120",6409.09966006539,559.39456402906,91.7927561735521,91.7927561735521
"85",1989,"JI2221",6411.60584196202,523.478055041958,92.9696788585499,92.9696788585499
"86",1989,"K-01",6470.2258818521,685.490078313342,104.418365420083,104.418365420083
"87",1989,"K-02",6473.61879993581,724.555064778732,NA,NA
"88",1989,"K-03",6476.62660113973,759.932954634774,NA,NA
"89",1989,"K-04",6476.77555371454,797.47696888128,NA,NA
"90",1989,"K-18",6469.09569286252,647.547597732387,103.271197391683,103.271197391683
"91",1989,"K-19",6467.74059333885,610.774267560554,98.3187720759731,98.3187720759731
"92",1989,"K-20",6470.82032225266,574.832184391808,94.8941374189103,94.8941374189103
"93",1989,"K-21",6471.22384416259,536.418815697345,95.5314018892976,95.5314018892976
"94",1989,"K-22",6465.3677533771,498.686957841147,94.6427034936595,94.6427034936595
"95",1989,"K-23",6462.54094368601,462.352898918853,87.6558363793099,87.6558363793099
"96",1989,"K-24",6468.14203003031,426.434250277446,66.7438866045931,66.7438866045931
"97",1989,"K-25",6466.96847703622,387.968786851708,NA,NA
"98",1989,"K-26",6468.49860594819,349.572364856461,NA,NA
"99",1989,"L-01",6507.52055138232,680.815501683867,100.285431817313,100.285431817313
"100",1989,"L-02",6509.1284507906,719.917854722117,NA,NA
"101",1989,"L-04",6514.3741940729,793.213311233481,NA,NA
"102",1989,"L-18",6505.51305584873,645.111562436014,NA,NA
"103",1989,"L-19",6504.78263058719,606.442523025411,94.3606408577197,94.3606408577197
"104",1989,"L-20",6502.55728196848,571.17100495926,91.2222923067183,91.2222923067183
"105",1989,"L-21",6503.80351558641,532.332355186814,95.1152481727852,95.1152481727852
"106",1989,"L-22",6500.90669141626,495.337896749858,75.1236021732276,75.1236021732276
"107",1989,"L-23",6503.54184963227,459.89299317377,88.4695018030412,88.4695018030412
"108",1989,"L-24",6503.64059702258,420.778844017087,71.2210146293682,71.2210146293682
"109",1989,"L-25",6504.75918066607,384.295524701346,79.9901985918213,79.9901985918213
"110",1989,"M-18",6543.41710652596,642.386048472061,NA,NA
"111",1989,"M-19",6542.38385024917,605.521541256763,NA,NA
"112",1989,"M-20",6540.33998314953,566.470579647264,82.6335302283306,82.6335302283306
"113",1989,"M-21",6544.69030722388,529.069975673062,92.9363191116562,92.9363191116562
"114",1989,"M-22",6540.45786173834,492.852529361211,91.4687661843217,91.4687661843217
"115",1989,"M-23",6539.4812975564,456.523792485513,93.6110847545339,93.6110847545339
"116",1989,"M-24",6541.00164756637,416.2970303194,91.0310602437837,91.0310602437837
"117",1989,"M-25",6546.00976563915,380.399643906202,NA,NA
"118",1989,"M-26",6543.04259621117,344.080295609442,90.6905652901839,90.6905652901839
"119",1989,"M-27",6546.73521719347,306.831076262016,82.0410185918914,82.0410185918914
"120",1989,"M-32",6559.40489169254,121.825312067193,NA,NA
"121",1989,"N-18",6579.96572135737,638.360481515678,NA,NA
"122",1989,"N-19",6579.57978500858,600.864450065346,NA,NA
"123",1989,"N-20",6579.55080129803,564.15501269872,82.2986769772846,82.2986769772846
"124",1989,"N-21",6580.36697209108,525.875996570331,73.3689366507768,73.3689366507768
"125",1989,"N-22",6576.88610346436,489.919229633823,88.9533428423207,88.9533428423207
"126",1989,"N-23",6577.58688458121,452.6315180388,92.5005601322277,92.5005601322277
"127",1989,"N-24",6577.82520050964,415.056716594114,94.1558481862374,94.1558481862374
"128",1989,"N-25",6581.71304204668,376.361998813253,95.7730044395452,95.7730044395452
"129",1989,"N-26",6580.72063166551,340.995710854191,93.9402980870833,93.9402980870833
"130",1989,"N-27",6582.98624789178,308.704140663463,84.863673678986,84.863673678986
"131",1989,"N-28",6585.0126606241,262.760504774805,56.1050383873065,56.1050383873065
"132",1989,"N-29",6587.05006043794,228.477560537244,NA,NA
"133",1989,"N-30",6587.91535455283,188.175648322276,NA,NA
"134",1989,"O-19",6612.93973401836,598.103616338252,NA,NA
"135",1989,"O-20",6614.79448206892,560.885190558014,77.6506513304448,77.6506513304448
"136",1989,"O-21",6615.89698992925,523.895936835265,66.6129565936526,66.6129565936526
"137",1989,"O-22",6615.18061358123,485.627900021114,68.9435985620924,68.9435985620924
"138",1989,"O-23",6614.50036978933,448.173020578226,73.5164521715275,73.5164521715275
"139",1989,"O-24",6615.30403349432,412.103783944879,95.7682583878121,95.7682583878121
"140",1989,"O-25",6617.26632916735,372.649777232131,98.7377895172574,98.7377895172574
"141",1989,"O-26",6617.85225123682,337.871776211663,95.0756483401622,95.0756483401622
"142",1989,"O-27",6620.79686055671,305.593737081538,60.9464352949875,60.9464352949875
"143",1989,"O-28",6621.569709637,268.409982001535,NA,NA
"144",1989,"O-30",6626.43208971321,189.246545461193,68.2057144596165,68.2057144596165
"145",1989,"ON2524",6598.63361830177,397.336147094111,96.4381302603179,96.4381302603179
"146",1989,"ON2625",6598.0569264379,361.191457937919,98.2593117917827,98.2593117917827
"147",1989,"P-18",6653.71723648565,630.436686777986,NA,NA
"148",1989,"P-20",6651.77721048869,557.599684122591,NA,NA
"149",1989,"P-21",6651.75520816926,520.352734875161,65.492312982548,65.492312982548
"150",1989,"P-22",6650.56324253601,482.18397993882,57.3587105895701,57.3587105895701
"151",1989,"P-23",6651.71173429859,445.463180076322,64.1235523344035,64.1235523344035
"152",1989,"P-24",6652.76751323121,408.903784409423,90.6138031300032,90.6138031300032
"153",1989,"P-25",6653.74855397771,371.592730473748,96.2850579388996,96.2850579388996
"154",1989,"P-26",6655.9710206383,335.517987673461,99.8501663452055,99.8501663452055
"155",1989,"P-27",6659.03678755901,299.193455182662,96.3342926330242,96.3342926330242
"156",1989,"P-28",6660.60520292198,265.289080890238,NA,NA
"157",1989,"P-29",6661.94961021983,226.667708207232,NA,NA
"158",1989,"P-30",6664.95021980127,185.193303181727,54.7155333497148,54.7155333497148
"159",1989,"P-31",6667.87392487163,155.423717750637,53.1948597458942,53.1948597458942
"160",1989,"P-32",6672.02538730797,116.760926485669,NA,NA
"161",1989,"PO2423",6630.16534578589,430.624789958801,81.7664747232566,81.7664747232566
"162",1989,"PO2524",6634.46182216788,395.740586139292,94.8656394235519,94.8656394235519
"163",1989,"PO2625",6636.35016658759,358.595494108871,98.8085056682603,98.8085056682603
"164",1989,"PO2726",6637.77454519858,319.926883298379,94.9721149084342,94.9721149084342
"165",1989,"Q-19",6685.93523166566,592.303551646028,NA,NA
"166",1989,"Q-20",6687.75148081302,554.311812128804,NA,NA
"167",1989,"Q-21",6689.33479149861,516.896824229372,69.1643811894683,69.1643811894683
"168",1989,"Q-22",6689.49160952811,479.662561727758,64.8427221639936,64.8427221639936
"169",1989,"Q-23",6689.65036878296,440.6091795052,64.3917604590525,64.3917604590525
"170",1989,"Q-25",6689.40561106821,366.206867814959,91.699783511705,91.699783511705
"171",1989,"Q-26",6692.16279049712,331.385532253691,NA,NA
"172",1989,"Q-27",6692.65881915433,295.269089254392,98.3641086497449,98.3641086497449
"173",1989,"Q-28",6696.41996401777,256.876929347561,94.7550582866639,94.7550582866639
"174",1989,"Q-29",6699.65238862382,223.184920110389,66.9815468132771,66.9815468132771
"175",1989,"Q-30",6701.78516878801,183.965063248527,NA,NA
"176",1989,"Q-31",6705.24852359205,148.97137180413,55.6385541840205,55.6385541840205
"177",1989,"QP2423",6670.28102800136,426.590951764239,67.3691095991504,67.3691095991504
"178",1989,"QP2625",6672.62859454105,358.554407934534,97.3791933756026,97.3791933756026
"179",1989,"QP2726",6672.62445862074,315.234464634365,103.295112929056,103.295112929056
"180",1989,"R-22",6725.81603432866,475.721623436529,80.2661818613094,80.2661818613094
"181",1989,"R-23",6724.44463788666,438.830918475968,75.5294085050898,75.5294085050898
"182",1989,"R-24",6726.79865492278,402.823662736407,NA,NA
"183",1989,"R-25",6730.27772155951,362.823164108457,84.5032436850399,84.5032436850399
"184",1989,"R-26",6728.81029930533,328.863035012628,91.4437797234868,91.4437797234868
"185",1989,"R-27",6729.1328408097,292.918647418892,NA,NA
"186",1989,"R-28",6734.20217559021,256.518953012303,94.9426849945057,94.9426849945057
"187",1989,"R-29",6736.86016678411,212.621782757553,94.2269681340465,94.2269681340465
"188",1989,"R-30",6739.61503678322,182.777166457466,59.03143743352,59.03143743352
"189",1989,"R-31",6742.8864586179,144.154906796458,52.5809493296207,52.5809493296207
"190",1989,"R-32",6744.77616069958,108.918890934022,NA,NA
"191",1989,"S-22",6760.51935937506,473.511799506859,NA,NA
"192",1989,"S-23",6761.23389339288,436.823716471194,NA,NA
"193",1989,"S-24",6762.23349196139,400.21972130841,70.7610769814662,70.7610769814662
"194",1989,"S-25",6764.93896175505,364.602270426359,75.4131149267764,75.4131149267764
"195",1989,"S-26",6766.32088363655,329.598429275951,81.8773602391942,81.8773602391942
"196",1989,"S-27",6776.83907858782,287.694799622475,71.9828763098252,71.9828763098252
"197",1989,"S-28",6771.6883862403,252.855103536857,75.0629440482813,75.0629440482813
"198",1989,"S-29",6774.49220678275,214.675036148749,95.9298182921368,95.9298182921368
"199",1989,"S-30",6776.98364084832,179.459458281297,90.5352146814641,90.5352146814641
"200",1989,"S-31",6780.87745206589,141.638871846271,52.281215813002,52.281215813002
"201",1989,"T-25",6803.25918300679,362.860730501017,68.9324204923099,68.9324204923099
"202",1989,"T-26",6805.30338305776,327.843666875288,NA,NA
"203",1989,"T-27",6809.56228219445,285.585536775084,90.4186731885788,90.4186731885788
"204",1989,"T-28",6803.48445085454,242.743960947033,75.3553298578654,75.3553298578654
"205",1989,"T-29",6810.84923795744,217.07152651597,83.4039277621996,83.4039277621996
"206",1989,"T-30",6814.17653194641,181.167256531502,95.1568803458582,95.1568803458582
"207",1989,"U-25",6840.17979704601,357.291249285746,66.999318971483,66.999318971483
"208",1989,"U-26",6840.52399751524,324.495991307738,NA,NA
"209",1989,"U-27",6843.94390517432,289.248465023587,92.3792092083114,92.3792092083114
"210",1989,"U-28",6846.19915216655,247.866825391186,89.1043531030686,89.1043531030686
"211",1989,"U-29",6849.26390293775,211.968857840735,NA,NA
"212",1989,"V-25",6876.88707364461,344.841440932396,56.6305458110439,56.6305458110439
"213",1989,"V-26",6871.24832912549,311.268301545377,74.1544787795566,74.1544787795566
"214",1989,"V-27",6881.12721597791,280.788500037179,91.1387835944777,91.1387835944777
"215",1989,"V-28",6884.80944336691,235.335558736531,90.0222570117699,90.0222570117699
"216",1990,"A-02",6104.16661367509,758.088929887716,78.3844774760787,78.3844774760787
"217",1990,"A-04",6112.21105164731,837.306324188679,NA,NA
"218",1990,"A-05",6110.21199791934,877.426980691241,NA,NA
"219",1990,"B-01",6139.13014322743,718.297589279611,NA,NA
"220",1990,"B-02",6134.00188978839,756.047417010654,NA,NA
"221",1990,"B-07",6154.99416025983,943.355827431585,NA,NA
"222",1990,"C-01",6173.47912214971,715.139192869668,NA,NA
"223",1990,"C-02",6176.4059967418,752.854239399037,64.8050636017429,64.8050636017429
"224",1990,"C-03",6179.27180287522,790.159287887983,NA,NA
"225",1990,"C-18",6173.94417498381,679.206312835968,NA,NA
"226",1990,"D-01",6211.24309472351,711.668299348226,NA,NA
"227",1990,"D-02",6214.15912776506,749.272483056285,NA,NA
"228",1990,"D-04",6218.35861945064,825.695599544563,NA,NA
"229",1990,"D-05",6220.16896914004,861.155138473385,NA,NA
"230",1990,"D-18",6211.36009260647,673.602267499281,NA,NA
"231",1990,"E-01",6247.19111762603,708.828475761649,NA,NA
"232",1990,"E-02",6249.52549325261,745.710552648495,NA,NA
"233",1990,"E-03",6252.91471873364,785.204801968465,NA,NA
"234",1990,"E-04",6259.27919127198,822.576133700169,69.1277969307415,69.1277969307415
"235",1990,"E-05",6258.04114733343,858.103578949975,86.7669385989858,86.7669385989858
"236",1990,"E-07",6265.64566922921,932.478120783926,NA,NA
"237",1990,"E-18",6246.150902122,670.050223178557,NA,NA
"238",1990,"E-19",6246.90889021434,631.473864293168,57.9695807694382,57.9695807694382
"239",1990,"E-20",6254.16808208333,590.33273537953,NA,NA
"240",1990,"E-21",6245.37041480193,557.698122494246,NA,NA
"241",1990,"F-01",6286.07179852129,704.572422441202,NA,NA
"242",1990,"F-02",6287.72515942822,740.144287561099,NA,NA
"243",1990,"F-03",6289.4834523738,779.904648026229,NA,NA
"244",1990,"F-04",6292.64281355464,817.195819572018,NA,NA
"245",1990,"F-05",6296.45582251995,854.390345316845,NA,NA
"246",1990,"F-06",6294.21110045619,892.600462004066,98.255324887067,98.255324887067
"247",1990,"F-07",6311.46519838599,939.400961757689,92.8767872947176,92.8767872947176
"248",1990,"F-08",6308.43995095457,964.800959052633,84.9908856176188,84.9908856176188
"249",1990,"F-18",6282.96074088695,665.143960214429,NA,NA
"250",1990,"F-19",6282.35026107672,628.234555456557,NA,NA
"251",1990,"F-21",6281.29264583426,551.433562175242,NA,NA
"252",1990,"F-22",6282.1513207514,516.67366853183,NA,NA
"253",1990,"F-23",6282.94966789083,479.159121082285,61.6157926573513,61.6157926573513
"254",1990,"G-01",6322.40343831787,700.186300714915,58.3074123032013,58.3074123032013
"255",1990,"G-02",6320.25201324616,737.613657466543,60.6395979803377,60.6395979803377
"256",1990,"G-03",6327.73328910937,777.172981306097,62.8729126782273,62.8729126782273
"257",1990,"G-04",6330.08462177698,815.70690698434,104.944671419575,104.944671419575
"258",1990,"G-05",6333.41029301179,853.345307315814,106.961855043714,106.961855043714
"259",1990,"G-06",6330.99885557572,889.528125678182,106.05432455859,106.05432455859
"260",1990,"G-07",6347.62372728533,924.26540520252,105.712634918652,105.712634918652
"261",1990,"G-08",6341.39317666151,950.391191079629,NA,NA
"262",1990,"G-18",6320.40653413899,658.803644737315,NA,NA
"263",1990,"G-19",6319.80037882537,622.900513408531,68.3423619987247,68.3423619987247
"264",1990,"G-20",6319.85477888933,588.220244284246,95.4099700143209,95.4099700143209
"265",1990,"G-22",6318.51240250127,513.750861522717,NA,NA
"266",1990,"G-23",6317.39972040412,475.989157191813,NA,NA
"267",1990,"G-26",6321.05293409196,363.464211499288,NA,NA
"268",1990,"GF1918",6302.45189245072,645.944143972999,58.887112663141,58.887112663141
"269",1990,"GF2019",6299.01920246938,604.537329516385,75.4706910732684,75.4706910732684
"270",1990,"GF2120",6299.09392162679,572.622064140339,90.4056586602737,90.4056586602737
"271",1990,"GF2221",6298.37037346022,531.790076660938,NA,NA
"272",1990,"H-01",6358.22488853889,696.366772686145,87.0941795191693,87.0941795191693
"273",1990,"H-02",6360.88712308261,732.454752930092,95.7201041163678,95.7201041163678
"274",1990,"H-03",6363.25954069884,771.975685305152,101.082638062669,101.082638062669
"275",1990,"H-04",6369.29922961248,810.945423136115,113.124118495336,113.124118495336
"276",1990,"H-05",6368.16799867613,845.76213930723,118.518797042307,118.518797042307
"277",1990,"H-06",6366.08637612001,884.755863774944,112.094578645255,112.094578645255
"278",1990,"H-18",6359.25749924123,655.570724108284,73.7155410019991,73.7155410019991
"279",1990,"H-19",6358.86973702467,620.400903844636,68.7762690866411,68.7762690866411
"280",1990,"H-20",6352.68978971964,582.162118020577,99.0754785523296,99.0754785523296
"281",1990,"H-22",6357.25088219993,510.287928189454,NA,NA
"282",1990,"H-23",6354.31084515949,471.732567416745,NA,NA
"283",1990,"H-24",6354.25951718612,434.79416390474,NA,NA
"284",1990,"H-25",6356.83029031951,397.209536534215,NA,NA
"285",1990,"HG1918",6339.01799289941,644.733457486924,55.2621575183465,55.2621575183465
"286",1990,"HG2019",6337.33114413835,602.407061782758,87.4061439151742,87.4061439151742
"287",1990,"HG2120",6334.83120356122,568.091549186001,NA,NA
"288",1990,"I-01",6395.9687990662,692.685366712312,96.3710859547561,96.3710859547561
"289",1990,"I-02",6399.10985301429,731.110516062479,103.741592834032,103.741592834032
"290",1990,"I-03",6399.7903857079,767.435581252562,107.839901193449,107.839901193449
"291",1990,"I-04",6403.14124641757,807.777735199182,109.924518745841,109.924518745841
"292",1990,"I-05",6405.55026794571,842.385158089827,109.854580113801,109.854580113801
"293",1990,"I-06",6407.58502301495,879.569003416982,108.176267083005,108.176267083005
"294",1990,"I-18",6398.47007504013,653.515168942666,92.9482606295419,92.9482606295419
"295",1990,"I-19",6394.3783816821,616.345288049282,72.046807845943,72.046807845943
"296",1990,"I-20",6392.2875062415,577.542812345089,66.8643351694485,66.8643351694485
"297",1990,"I-21",6392.01917984479,543.447838726239,69.2443093992918,69.2443093992918
"298",1990,"I-22",6394.11783275173,505.380740212739,NA,NA
"299",1990,"I-23",6392.39241266962,468.262583857107,NA,NA
"300",1990,"I-24",6391.43538776548,430.562592943401,NA,NA
"301",1990,"I-25",6392.52065219695,394.167789333175,NA,NA
"302",1990,"IH1918",6379.61873068855,640.428053738147,76.9966702912891,76.9966702912891
"303",1990,"IH2019",6375.28652715637,599.274458723645,69.42667639843,69.42667639843
"304",1990,"IH2120",6372.19455777184,563.40618225694,92.7980468896128,92.7980468896128
"305",1990,"IH2221",6374.64252889498,526.289880914954,90.5342760167933,90.5342760167933
"306",1990,"J-01",6432.70903521698,689.736088068345,98.7111991094536,98.7111991094536
"307",1990,"J-02",6434.54574704209,727.512618018106,103.91304159922,103.91304159922
"308",1990,"J-03",6437.62210178531,764.534082388632,106.105113405537,106.105113405537
"309",1990,"J-04",6443.94538552687,800.363085343716,106.609113374363,106.609113374363
"310",1990,"J-05",6443.58179127911,839.944557236289,NA,NA
"311",1990,"J-18",6434.58530922778,649.542795768162,93.4164131676285,93.4164131676285
"312",1990,"J-19",6430.94292372169,613.093167902454,91.9296767297713,91.9296767297713
"313",1990,"J-20",6427.23592118386,576.566076017412,66.4429320541012,66.4429320541012
"314",1990,"J-21",6428.00183989963,539.089363319539,71.0604438597382,71.0604438597382
"315",1990,"J-22",6430.27838576319,500.88628994862,NA,NA
"316",1990,"J-23",6429.08232942896,464.369090313577,56.2515403338729,56.2515403338729
"317",1990,"J-24",6428.71304801601,425.290373724694,NA,NA
"318",1990,"J-25",6425.12632286991,388.099035533196,NA,NA
"319",1990,"J-26",6434.35029477653,352.774008639953,NA,NA
"320",1990,"JI1918",6415.55557090239,636.76365241925,91.3478561721847,91.3478561721847
"321",1990,"JI2019",6410.58572396674,597.87685741554,72.2286498887297,72.2286498887297
"322",1990,"JI2120",6408.89986435614,563.303998683269,60.0937839578896,60.0937839578896
"323",1990,"JI2221",6409.77199463891,522.370131017125,67.5801240531636,67.5801240531636
"324",1990,"K-01",6470.09849254776,685.354147404452,100.74157289058,100.74157289058
"325",1990,"K-02",6471.46146499468,723.245053243226,103.150328390551,103.150328390551
"326",1990,"K-03",6477.12343390219,758.433046917498,104.521810794337,104.521810794337
"327",1990,"K-18",6474.00169173308,647.861301114375,97.9197695337307,97.9197695337307
"328",1990,"K-19",6467.16641003141,609.481727907411,93.1431232698104,93.1431232698104
"329",1990,"K-20",6464.26869727187,574.365674608899,90.478593593149,90.478593593149
"330",1990,"K-21",6465.94256138496,536.282333980064,95.2769670075317,95.2769670075317
"331",1990,"K-22",6469.08310475653,489.672875288929,100.211933089701,100.211933089701
"332",1990,"K-23",6467.16281696708,462.245949582234,87.7348741791896,87.7348741791896
"333",1990,"K-24",6463.83792043441,424.859247096147,NA,NA
"334",1990,"K-25",6466.34302643483,386.158468921295,NA,NA
"335",1990,"L-01",6507.28078046798,682.235383068197,NA,NA
"336",1990,"L-02",6504.69968268167,717.549651415909,NA,NA
"337",1990,"L-18",6510.2818997107,645.479256190767,NA,NA
"338",1990,"L-19",6505.67818139249,603.884741171372,96.3909821892344,96.3909821892344
"339",1990,"L-20",6499.64840052396,570.962841543956,94.8612585083519,94.8612585083519
"340",1990,"L-21",6502.21026945126,530.348773883392,98.9748962229413,98.9748962229413
"341",1990,"L-22",6502.15888414746,495.716224847316,95.8903590937335,95.8903590937335
"342",1990,"L-23",6503.61814189725,458.825637146108,90.2332465755656,90.2332465755656
"343",1990,"L-24",6501.32448276318,420.562441147392,NA,NA
"344",1990,"L-25",6504.56754718108,384.802341725298,NA,NA
"345",1990,"M-01",6543.41954406642,678.643501830441,NA,NA
"346",1990,"M-18",6546.87432186191,641.434555147102,NA,NA
"347",1990,"M-19",6542.90445522326,604.516033472193,NA,NA
"348",1990,"M-20",6540.76709646471,568.09109709569,95.3691244992653,95.3691244992653
"349",1990,"M-21",6540.55605155458,529.627833740175,99.6810274305027,99.6810274305027
"350",1990,"M-22",6541.23744949486,492.782474234104,97.5961415772734,97.5961415772734
"351",1990,"M-23",6541.15475255699,455.432328589448,96.732821268979,96.732821268979
"352",1990,"M-24",6541.29450200598,416.916574494695,72.9448997638086,72.9448997638086
"353",1990,"M-25",6541.87861497533,381.281721918332,NA,NA
"354",1990,"M-26",6546.46088706651,343.850563041689,63.5483206878417,63.5483206878417
"355",1990,"M-27",6548.25218139466,306.610546840621,NA,NA
"356",1990,"M-29",6549.24136484082,228.139489724944,73.609943211046,73.609943211046
"357",1990,"N-18",6580.565134285,638.993329010916,NA,NA
"358",1990,"N-20",6577.12770013767,564.675007565324,NA,NA
"359",1990,"N-21",6577.35177169581,525.93899141675,NA,NA
"360",1990,"N-22",6578.87336577846,489.474097440784,NA,NA
"361",1990,"N-23",6576.82633301271,452.579612174543,99.0310050787841,99.0310050787841
"362",1990,"N-24",6576.63013085777,413.692162867586,98.3482307830336,98.3482307830336
"363",1990,"N-25",6578.67406995704,376.998161500752,99.4842916083127,99.4842916083127
"364",1990,"N-26",6583.28451718679,340.567479113671,97.4446894478506,97.4446894478506
"365",1990,"N-27",6581.72264744697,304.507588447561,NA,NA
"366",1990,"N-29",6587.26917913909,229.44980920088,NA,NA
"367",1990,"O-19",6615.99350921003,597.718369652653,NA,NA
"368",1990,"O-20",6613.56852842232,559.698076251394,NA,NA
"369",1990,"O-21",6613.51480638791,522.812299270587,NA,NA
"370",1990,"O-22",6616.42414832477,485.585664548068,NA,NA
"371",1990,"O-23",6614.56882694591,449.272435168601,97.0244739950339,97.0244739950339
"372",1990,"O-24",6615.37651578271,407.934871746985,102.718814338018,102.718814338018
"373",1990,"O-25",6616.39764686849,373.353139733433,105.143352042042,105.143352042042
"374",1990,"O-26",6622.16032572921,337.100640884796,102.254614619729,102.254614619729
"375",1990,"O-27",6618.44697994109,306.083024333193,73.9301318258968,73.9301318258968
"376",1990,"O-29",6622.7364324035,226.299851033334,54.0823529709566,54.0823529709566
"377",1990,"O-30",6629.48525441581,188.190504360076,56.4140508204832,56.4140508204832
"378",1990,"ON2524",6596.67076391239,399.534753614772,102.697862006359,102.697862006359
"379",1990,"ON2625",6596.514930304,358.450792246185,103.092032555482,103.092032555482
"380",1990,"P-19",6651.97594672884,593.590096498516,NA,NA
"381",1990,"P-20",6651.64645952816,557.536450919999,NA,NA
"382",1990,"P-21",6651.87976509315,521.113902272437,93.6052487881268,93.6052487881268
"383",1990,"P-22",6656.26023517042,482.559644644551,NA,NA
"384",1990,"P-23",6650.46539977375,445.6864008724,94.1811333085916,94.1811333085916
"385",1990,"P-24",6651.19487139848,406.083065887557,NA,NA
"386",1990,"P-26",6659.02968018525,335.910338268242,104.490377459793,104.490377459793
"387",1990,"P-27",6659.07376903457,299.702631835601,100.559690895786,100.559690895786
"388",1990,"P-28",6650.82140343676,261.85303225976,54.5497619570336,54.5497619570336
"389",1990,"P-29",6658.04887963284,224.645486651222,NA,NA
"390",1990,"P-30",6668.97798976731,181.315607803756,52.5730736027196,52.5730736027196
"391",1990,"P-31",6667.70698971401,151.358981942755,56.9066355427761,56.9066355427761
"392",1990,"P-32",6670.71735961232,120.983316066816,NA,NA
"393",1990,"PO2423",6634.90382233821,431.92303428133,97.8946117486637,97.8946117486637
"394",1990,"PO2524",6629.83258826985,396.925492739726,102.511012943508,102.511012943508
"395",1990,"PO2625",6635.00275441572,355.003915504122,105.901324082372,105.901324082372
"396",1990,"PO2726",6638.4366586482,323.181171626422,103.199751094779,103.199751094779
"397",1990,"Q-18",6690.50300897629,626.835171918245,NA,NA
"398",1990,"Q-19",6689.05512780426,591.934192669863,NA,NA
"399",1990,"Q-20",6686.41936791561,553.981592224914,NA,NA
"400",1990,"Q-21",6687.87535841081,518.307472210335,NA,NA
"401",1990,"Q-22",6689.33274188377,478.245096677669,NA,NA
"402",1990,"Q-23",6688.38342933121,442.613952745466,91.9975339001364,91.9975339001364
"403",1990,"Q-26",6698.52080783578,330.7604368239,102.140684862308,102.140684862308
"404",1990,"Q-27",6697.72107348401,296.046951830112,101.078347669649,101.078347669649
"405",1990,"Q-28",6693.77170630359,258.205212245255,97.1188034756146,97.1188034756146
"406",1990,"Q-29",6698.24077565555,223.003219981446,67.661396554192,67.661396554192
"407",1990,"Q-30",6708.48514558492,185.652364880587,NA,NA
"408",1990,"Q-31",6705.99754282938,147.599582529264,NA,NA
"409",1990,"QP2423",6672.24673737699,426.699685612812,NA,NA
"410",1990,"QP2524",6672.23470471434,387.323444091523,NA,NA
"411",1990,"QP2726",6674.8592008957,314.249332510706,NA,NA
"412",1990,"R-22",6725.88337702522,476.824116687386,NA,NA
"413",1990,"R-23",6725.32009891248,439.23319392923,NA,NA
"414",1990,"R-24",6727.85801922359,402.446722228473,NA,NA
"415",1990,"R-25",6725.93061612262,366.005233524826,NA,NA
"416",1990,"R-26",6734.99324836646,328.246895955749,100.125824989871,100.125824989871
"417",1990,"R-27",6732.15669743091,292.426689797661,101.064928773017,101.064928773017
"418",1990,"R-28",6731.40820321899,256.534512888792,101.180068556535,101.180068556535
"419",1990,"R-29",6736.96783534905,216.298400308732,96.7238409254026,96.7238409254026
"420",1990,"R-30",6743.58097174186,182.973430514822,67.0983606238051,67.0983606238051
"421",1990,"R-31",6744.52540561733,144.588419847223,NA,NA
"422",1990,"R-32",6746.42503540295,111.206245722371,58.2830449594473,58.2830449594473
"423",1990,"S-22",6760.99611854263,470.74646254892,88.0903527412536,88.0903527412536
"424",1990,"S-23",6764.62601543008,437.150233783667,NA,NA
"425",1990,"S-24",6761.04646945794,402.145034412541,NA,NA
"426",1990,"S-25",6769.23012200826,364.387838122318,NA,NA
"427",1990,"S-26",6766.61955632843,330.533716999705,98.5007850693148,98.5007850693148
"428",1990,"S-27",6769.12488451175,290.840107854237,100.332361715418,100.332361715418
"429",1990,"S-28",6768.20577945362,257.028229811851,99.1014647954376,99.1014647954376
"430",1990,"S-29",6773.87955570621,213.606940732952,86.0152033448528,86.0152033448528
"431",1990,"S-30",6783.25363735971,164.256255220185,98.1369959754106,98.1369959754106
"432",1990,"S-31",6779.36855396888,147.803204792608,97.9748947625028,97.9748947625028
"433",1990,"T-25",6806.48917576044,364.133852510892,NA,NA
"434",1990,"T-26",6806.94247785288,324.982900052988,NA,NA
"435",1990,"T-27",6805.17745203594,292.855219769739,100.804615941231,100.804615941231
"436",1990,"T-28",6807.22284892115,250.514495741723,94.0406529264959,94.0406529264959
"437",1990,"T-29",6810.30450128975,216.547964937367,97.7709533216319,97.7709533216319
"438",1990,"T-30",6812.16994161674,172.617490814037,95.3714790072783,95.3714790072783
"439",1990,"U-25",6843.92440756729,362.789231220251,NA,NA
"440",1990,"U-26",6842.08846410985,317.301437028419,NA,NA
"441",1990,"U-27",6844.1264548747,289.157763166146,NA,NA
"442",1990,"U-28",6842.31033498631,246.792684902497,96.616457629468,96.616457629468
"443",1990,"U-29",6846.11210127517,215.328345693512,96.2379440744327,96.2379440744327
"444",1990,"V-25",6879.17148004828,358.508052908668,NA,NA
"445",1990,"V-26",6878.87982355298,314.906349357444,NA,NA
"446",1990,"V-27",6878.30842031914,290.183988349752,93.5808875550301,93.5808875550301
"447",1990,"V-28",6873.78748277041,245.430323781539,NA,NA
"448",1991,"A-03",6105.52719323299,800.89028349161,NA,NA
"449",1991,"A-05",6110.60879983235,873.953297734787,79.7594060486252,79.7594060486252
"450",1991,"B-02",6142.15562363437,755.897870268383,NA,NA
"451",1991,"B-03",6143.24621720641,793.945170398664,77.6375677266696,77.6375677266696
"452",1991,"B-05",6147.64562693857,869.297482119713,NA,NA
"453",1991,"C-01",6166.34399091081,716.080179315055,NA,NA
"454",1991,"C-03",6179.85238678901,790.493766147045,NA,NA
"455",1991,"C-05",6185.19277805684,865.829554627722,NA,NA
"456",1991,"C-18",6176.36031654577,677.664665490432,NA,NA
"457",1991,"D-01",6211.34930423105,710.605989536984,70.1970584848755,70.1970584848755
"458",1991,"D-02",6217.8862930361,748.447497070246,NA,NA
"459",1991,"D-05",6218.75165834962,867.966201217297,NA,NA
"460",1991,"D-07",6229.16054036355,932.886822246482,NA,NA
"461",1991,"E-03",6253.12872853929,782.988297797219,NA,NA
"462",1991,"E-05",6258.59407052474,857.477086274663,NA,NA
"463",1991,"E-07",6265.69737898886,928.849931730459,NA,NA
"464",1991,"E-19",6248.65851531497,630.420404679611,97.1297878143375,97.1297878143375
"465",1991,"E-22",6245.74488110378,516.715025031315,NA,NA
"466",1991,"F-01",6286.05592359868,702.128100216806,72.8163278286539,72.8163278286539
"467",1991,"F-02",6291.39100741698,741.167042587587,67.6987329442491,67.6987329442491
"468",1991,"F-03",6289.42087808809,778.12541965913,NA,NA
"469",1991,"F-04",6289.80895540796,815.439677257443,NA,NA
"470",1991,"F-05",6294.55810965585,854.222347931202,81.3852131365902,81.3852131365902
"471",1991,"F-06",6299.68779390275,891.68093879488,NA,NA
"472",1991,"F-07",6302.65272343713,924.067681521502,94.9629324301455,94.9629324301455
"473",1991,"F-09",6312.00088131904,1000.72297962886,NA,NA
"474",1991,"F-19",6282.57382234616,628.570237456764,96.5614869462894,96.5614869462894
"475",1991,"F-21",6280.34432546874,553.539507770965,74.0310122299235,74.0310122299235
"476",1991,"F-22",6280.45152925071,516.082851216924,NA,NA
"477",1991,"F-24",6292.49107938425,442.051419935799,101.129232503893,101.129232503893
"478",1991,"G-01",6322.59566527741,700.333990851964,75.8753497745803,75.8753497745803
"479",1991,"G-02",6327.52179125038,737.430382842212,91.1499580182397,91.1499580182397
"480",1991,"G-03",6326.34155643742,774.452775429773,NA,NA
"481",1991,"G-04",6326.89755347452,812.868052916132,NA,NA
"482",1991,"G-05",6332.60144311848,851.404755844278,NA,NA
"483",1991,"G-06",6341.02863522322,877.952800032419,101.908966254468,101.908966254468
"484",1991,"G-18",6317.27843131302,661.712904399014,NA,NA
"485",1991,"G-19",6318.73340996338,626.022612909147,NA,NA
"486",1991,"G-20",6320.61468783849,589.464315376768,95.3138756066912,95.3138756066912
"487",1991,"G-21",6319.71735965189,549.130525099399,NA,NA
"488",1991,"G-23",6318.34033497857,475.422765968339,92.8037582626768,92.8037582626768
"489",1991,"G-24",6323.63778889693,435.596705411137,97.1263671051011,97.1263671051011
"490",1991,"G-26",6323.4022642668,368.916767658829,NA,NA
"491",1991,"GF2019",6301.21027595657,603.465717066323,93.361127599436,93.361127599436
"492",1991,"GF2120",6302.01711201897,568.815220897114,82.3063473372901,82.3063473372901
"493",1991,"GF2221",6299.63793221502,533.732813210052,68.0045799328769,68.0045799328769
"494",1991,"H-01",6359.42831116703,695.50015222845,93.4325504758698,93.4325504758698
"495",1991,"H-02",6361.71810986776,733.488385443684,97.7579732615722,97.7579732615722
"496",1991,"H-03",6365.07252382285,771.523019299507,100.39061131203,100.39061131203
"497",1991,"H-04",6364.76070963223,809.068968849667,101.412819665483,101.412819665483
"498",1991,"H-05",6369.83607327281,847.617344583264,99.2129539317679,99.2129539317679
"499",1991,"H-06",6373.29908555472,884.036177250333,NA,NA
"500",1991,"H-07",6375.94370207337,919.207124219416,NA,NA
"501",1991,"H-18",6356.66355141239,658.397241271888,NA,NA
"502",1991,"H-19",6358.27439521699,619.088678389683,NA,NA
"503",1991,"H-20",6354.15036181847,583.739107775114,99.7058856657253,99.7058856657253
"504",1991,"H-23",6354.34580136658,475.004260732441,78.836997905502,78.836997905502
"505",1991,"H-24",6358.99153544453,434.202644700927,68.0030544528009,68.0030544528009
"506",1991,"H-25",6356.48841341095,391.740874762107,98.2667113081825,98.2667113081825
"507",1991,"H-26",6362.81878427014,361.859859256851,100.733004232456,100.733004232456
"508",1991,"HG2019",6334.71507028592,600.181584938454,89.5404369856241,89.5404369856241
"509",1991,"I-01",6396.50830228409,690.932072083291,96.1686585785824,96.1686585785824
"510",1991,"I-02",6402.41537846323,731.020684863877,103.294758918511,103.294758918511
"511",1991,"I-03",6400.8296733252,768.094919371464,104.547552140225,104.547552140225
"512",1991,"I-04",6399.69656763041,805.102745618149,103.666167031131,103.666167031131
"513",1991,"I-05",6406.22318933579,844.261685738599,92.8501286522098,92.8501286522098
"514",1991,"I-18",6393.82875474578,654.54307759581,90.4842862457586,90.4842862457586
"515",1991,"I-19",6391.47777708674,618.742911688297,92.6070496721583,92.6070496721583
"516",1991,"I-20",6396.23362499801,582.336073594306,97.6321287689343,97.6321287689343
"517",1991,"I-21",6390.00396467714,545.817677538124,101.002147375229,101.002147375229
"518",1991,"I-22",6392.26310349024,505.775990152938,NA,NA
"519",1991,"I-24",6401.44755664678,431.111362843245,61.7974348416344,61.7974348416344
"520",1991,"I-25",6391.12622249088,393.19080841167,NA,NA
"521",1991,"I-26",6395.81151960264,356.665387526984,99.3695385879728,99.3695385879728
"522",1991,"IH1918",6375.04201258801,634.113077811601,82.9219211007401,82.9219211007401
"523",1991,"IH2019",6375.09602265465,598.699754768309,91.6526365779814,91.6526365779814
"524",1991,"IH2120",6374.75762220822,562.357772526878,100.675476269001,100.675476269001
"525",1991,"IH2221",6373.75179181707,524.762497907272,NA,NA
"526",1991,"J-01",6432.70166417938,688.404242496145,98.0899742861774,98.0899742861774
"527",1991,"J-02",6436.72818636839,725.172430349614,103.038330409304,103.038330409304
"528",1991,"J-03",6438.43086784417,764.386418470367,104.045242083177,104.045242083177
"529",1991,"J-04",6438.1299853633,800.698753967181,94.5776392038622,94.5776392038622
"530",1991,"J-18",6428.14652322386,650.944057040832,93.2339868729985,93.2339868729985
"531",1991,"J-19",6430.51287848914,614.943430843918,97.8710498559066,97.8710498559066
"532",1991,"J-20",6431.44012595386,576.116453580088,96.0280835570114,96.0280835570114
"533",1991,"J-21",6430.19609246526,539.57048391692,NA,NA
"534",1991,"J-22",6426.26595491653,506.397466754149,101.582242739955,101.582242739955
"535",1991,"J-23",6428.62850885193,465.330698978979,96.7785629725605,96.7785629725605
"536",1991,"J-24",6438.98434904183,426.883419360733,63.2237090673365,63.2237090673365
"537",1991,"J-26",6431.4361138272,352.473814227907,97.5065596119993,97.5065596119993
"538",1991,"JI1918",6411.76184877617,634.123887829243,90.062815850481,90.062815850481
"539",1991,"JI2019",6413.53306775957,596.949172987064,97.9037175983619,97.9037175983619
"540",1991,"JI2120",6409.04327931939,559.984503575536,98.8434269577537,98.8434269577537
"541",1991,"K-01",6468.40961647936,684.211471394031,100.164839562744,100.164839562744
"542",1991,"K-02",6474.75178739859,722.569551708227,103.525669808846,103.525669808846
"543",1991,"K-03",6474.84196965325,760.951921801047,NA,NA
"544",1991,"K-18",6466.54476650388,648.381222585293,97.285037379852,97.285037379852
"545",1991,"K-19",6467.27794299801,610.821551916008,97.249722884459,97.249722884459
"546",1991,"K-20",6470.46580582022,573.27366107997,95.1678516609955,95.1678516609955
"547",1991,"K-21",6466.27874699538,535.478753088587,NA,NA
"548",1991,"K-22",6465.76612882104,499.922115542417,NA,NA
"549",1991,"K-23",6466.83650967318,461.447416252711,101.813067641745,101.813067641745
"550",1991,"K-24",6473.73910199222,424.419700291777,65.6365212551343,65.6365212551343
"551",1991,"K-25",6467.72722729865,387.086939739392,94.3551090777057,94.3551090777057
"552",1991,"K-26",6463.38593225937,350.169862639143,95.2052832776854,95.2052832776854
"553",1991,"K-27",6478.20522950557,305.168781934543,NA,NA
"554",1991,"L-01",6506.45402610633,681.451100327277,NA,NA
"555",1991,"L-02",6511.53458877482,718.222573085069,NA,NA
"556",1991,"L-03",6510.98153307315,752.517249347233,NA,NA
"557",1991,"L-18",6503.71034496817,645.827134963877,100.764421315065,100.764421315065
"558",1991,"L-19",6504.73885835643,607.241655805896,88.7702861067915,88.7702861067915
"559",1991,"L-20",6507.20921886589,569.260005115715,96.8238353014936,96.8238353014936
"560",1991,"L-21",6502.17902627916,532.278260474046,NA,NA
"561",1991,"L-22",6502.90114647514,496.103949873362,102.164828440248,102.164828440248
"562",1991,"L-23",6504.20189607824,458.019877720416,99.2994411866632,99.2994411866632
"563",1991,"L-24",6505.31201137569,420.305384622376,59.4616471998272,59.4616471998272
"564",1991,"L-25",6505.7235375274,382.786510317671,94.6281615540817,94.6281615540817
"565",1991,"L-26",6498.1271715757,347.175844909555,99.8274614491787,99.8274614491787
"566",1991,"L-27",6508.86835466104,301.851777867527,109.924295904697,109.924295904697
"567",1991,"L-28",6518.61834491661,279.019948249323,NA,NA
"568",1991,"L-31",6520.35796229262,163.43875300082,NA,NA
"569",1991,"M-01",6544.17408545368,678.478908584151,NA,NA
"570",1991,"M-18",6541.52287594278,641.646420372236,NA,NA
"571",1991,"M-19",6543.23912434082,603.855668765023,NA,NA
"572",1991,"M-20",6543.71750588629,566.44540820713,95.6033246189592,95.6033246189592
"573",1991,"M-21",6540.70810157603,528.90398431778,96.2266870157212,96.2266870157212
"574",1991,"M-22",6540.40138238623,492.98656370487,99.6927072601081,99.6927072601081
"575",1991,"M-23",6540.28760412377,455.020055665133,100.452833765004,100.452833765004
"576",1991,"M-24",6542.09382869433,418.599721479498,94.9202111284274,94.9202111284274
"577",1991,"M-25",6541.69472621481,380.60049176512,NA,NA
"578",1991,"M-26",6543.79855882081,343.761364792675,99.0646150894705,99.0646150894705
"579",1991,"M-27",6551.00377985721,306.438052153524,108.863159940304,108.863159940304
"580",1991,"M-28",6545.4718654318,285.152410328512,111.572825552741,111.572825552741
"581",1991,"M-29",6550.86666046284,227.673643071125,107.563421726224,107.563421726224
"582",1991,"M-30",6552.87709458615,195.439600813667,NA,NA
"583",1991,"M-31",6551.19036671377,153.64437369609,NA,NA
"584",1991,"N-03",6586.19311088234,749.92733106771,NA,NA
"585",1991,"N-18",6577.56560341928,637.735930762307,NA,NA
"586",1991,"N-19",6578.08558934767,599.466500782214,NA,NA
"587",1991,"N-20",6579.05456896141,563.921934714875,94.642195721589,94.642195721589
"588",1991,"N-21",6577.87211958037,526.063429224248,87.569550732659,87.569550732659
"589",1991,"N-22",6576.64396764557,490.321468762634,90.4112752887553,90.4112752887553
"590",1991,"N-23",6577.57605948234,452.74034694531,98.9254968710039,98.9254968710039
"591",1991,"N-24",6581.49465736424,414.902430637931,97.6413816344499,97.6413816344499
"592",1991,"N-25",6579.05490405823,377.850358956351,96.6618622814905,96.6618622814905
"593",1991,"N-26",6574.13940049423,337.562152709331,98.5885282463304,98.5885282463304
"594",1991,"N-27",6579.62627701561,312.882520906955,99.982913305077,99.982913305077
"595",1991,"N-28",6584.22008342855,263.980461955615,102.080534933168,102.080534933168
"596",1991,"N-29",6587.66019573356,230.224408761762,100.851344464193,100.851344464193
"597",1991,"N-30",6590.76109944683,193.153094105485,98.8917079767808,98.8917079767808
"598",1991,"N-31",6590.52047889676,158.897373923843,96.4840807483927,96.4840807483927
"599",1991,"O-18",6614.72482107831,633.566809180145,NA,NA
"600",1991,"O-20",6614.95868507388,560.708692007284,NA,NA
"601",1991,"O-21",6613.1947964566,523.645796207274,NA,NA
"602",1991,"O-22",6613.11096651621,485.47426306056,NA,NA
"603",1991,"O-23",6613.96673558427,447.82270241882,93.0621136069231,93.0621136069231
"604",1991,"O-24",6616.49910599803,408.723163678348,97.420266512048,97.420266512048
"605",1991,"O-25",6614.85805810401,372.72761410594,99.363710068894,99.363710068894
"606",1991,"O-26",6617.38619574222,339.407454062944,98.7649394877001,98.7649394877001
"607",1991,"O-27",6609.56107490341,306.762980506586,94.8268656613304,94.8268656613304
"608",1991,"O-28",6623.27854373551,267.574901077807,96.0025993919062,96.0025993919062
"609",1991,"O-29",6626.66518287469,225.688818777103,98.1588362702875,98.1588362702875
"610",1991,"O-30",6625.57227421882,188.717028024485,97.9355122906448,97.9355122906448
"611",1991,"O-31",6631.63383306218,151.367323010517,94.8107036034319,94.8107036034319
"612",1991,"ON2524",6599.96696149854,394.113256737378,96.4048633597768,96.4048633597768
"613",1991,"ON2625",6599.24408297583,357.023626430597,100.122742666812,100.122742666812
"614",1991,"P-18",6650.56485330609,630.333906042931,NA,NA
"615",1991,"P-20",6653.43392405819,557.303927895722,NA,NA
"616",1991,"P-21",6652.21118427484,520.638259307708,NA,NA
"617",1991,"P-22",6650.52663207917,484.10417800228,NA,NA
"618",1991,"P-23",6651.9525601621,447.442301784736,94.435005001058,94.435005001058
"619",1991,"P-24",6651.96116448222,407.748984048546,90.0292506727489,90.0292506727489
"620",1991,"P-26",6653.81101017759,336.645973790911,87.9717413536642,87.9717413536642
"621",1991,"P-27",6654.73139779329,299.876576226562,97.9569148953798,97.9569148953798
"622",1991,"P-28",6658.35027264772,260.566953180026,96.0760920846209,96.0760920846209
"623",1991,"P-29",6663.92424133829,225.294605978231,93.9883751851397,93.9883751851397
"624",1991,"P-30",6666.17645128858,181.464373576338,89.1630042003432,89.1630042003432
"625",1991,"P-31",6669.55685585061,152.030148344705,72.3132245109615,72.3132245109615
"626",1991,"P-32",6669.93784757622,117.50778723633,74.1923400021843,74.1923400021843
"627",1991,"PO2423",6633.13116036637,429.881031079358,88.1241647700772,88.1241647700772
"628",1991,"PO2524",6636.11265687985,394.829141998923,94.3503180281111,94.3503180281111
"629",1991,"PO2625",6634.73812856642,354.174925284396,96.8689463682561,96.8689463682561
"630",1991,"PO2726",6637.01715142214,316.230656947393,94.058245833585,94.058245833585
"631",1991,"Q-20",6690.8967842233,552.273241530015,NA,NA
"632",1991,"Q-21",6686.66432709871,517.434327257017,NA,NA
"633",1991,"Q-22",6687.65660787989,482.814539563741,NA,NA
"634",1991,"Q-23",6688.13717419158,441.187693382944,96.3613139227845,96.3613139227845
"635",1991,"Q-26",6697.86432465143,318.203125130728,95.1456486104038,95.1456486104038
"636",1991,"Q-27",6690.43154869222,299.694478893174,98.7694545221372,98.7694545221372
"637",1991,"Q-28",6701.97917280253,263.602599783058,97.1722675506564,97.1722675506564
"638",1991,"Q-29",6698.82685532872,220.825822955136,89.0655992648733,89.0655992648733
"639",1991,"Q-30",6701.31967443779,185.353754774153,NA,NA
"640",1991,"Q-31",6707.33209854862,147.993244611828,NA,NA
"641",1991,"QP2423",6670.66873990671,426.700304532635,NA,NA
"642",1991,"QP2524",6672.19692238557,387.937487784587,71.6982032619082,71.6982032619082
"643",1991,"QP2625",6667.87453010069,346.92907274893,93.5538869757925,93.5538869757925
"644",1991,"QP2726",6670.83036313396,310.497270642158,97.1210980962397,97.1210980962397
"645",1991,"R-22",6724.85430252976,475.305121218693,NA,NA
"646",1991,"R-23",6725.20434989376,441.167591595652,NA,NA
"647",1991,"R-24",6729.97295871815,403.210061109453,NA,NA
"648",1991,"R-25",6728.99404545458,365.084797693703,76.5745015396602,76.5745015396602
"649",1991,"R-26",6729.41308292732,329.662489496623,95.803746295762,95.803746295762
"650",1991,"R-27",6736.28791911879,293.536797649303,NA,NA
"651",1991,"R-28",6733.21113134775,256.446662919712,97.5120559215028,97.5120559215028
"652",1991,"R-29",6736.58975226724,224.713748145956,97.4434531614479,97.4434531614479
"653",1991,"R-30",6739.50945970483,172.75735823342,94.3690681431172,94.3690681431172
"654",1991,"R-31",6742.28201374475,145.44272424293,94.8313657664198,94.8313657664198
"655",1991,"R-32",6747.6000683044,108.498177885954,NA,NA
"656",1991,"S-22",6760.82730217567,470.957219968892,NA,NA
"657",1991,"S-23",6763.1275888947,436.307802148546,NA,NA
"658",1991,"S-24",6768.375425398,401.419624009156,NA,NA
"659",1991,"S-25",6765.63699599396,364.818430113097,61.9756435043321,61.9756435043321
"660",1991,"S-26",6763.8121674973,328.786414503417,97.6224859795766,97.6224859795766
"661",1991,"S-27",6771.52713488443,290.025280953896,99.95431583001,99.95431583001
"662",1991,"S-28",6769.52856707198,252.717614084703,98.0914424667045,98.0914424667045
"663",1991,"S-29",6770.93769209507,217.259833691909,94.4249008453737,94.4249008453737
"664",1991,"S-30",6774.24150313852,174.74665345777,98.6821268880815,98.6821268880815
"665",1991,"S-31",6782.95900359136,144.516946403203,95.4365961883001,95.4365961883001
"666",1991,"T-25",6802.58353942494,363.499549592476,67.2647625706585,67.2647625706585
"667",1991,"T-26",6805.725636426,321.845142603801,69.4860897873818,69.4860897873818
"668",1991,"T-27",6809.50846020656,285.707120008534,93.5736104913467,93.5736104913467
"669",1991,"T-28",6807.04632295785,250.380988180236,97.6089816564693,97.6089816564693
"670",1991,"T-29",6812.99359000213,210.045821559949,92.0030742022131,92.0030742022131
"671",1991,"T-30",6814.41053538693,181.363584977389,95.2982934974853,95.2982934974853
"672",1991,"U-25",6839.68956356336,359.272084611281,71.8901251060184,71.8901251060184
"673",1991,"U-26",6839.1483904467,322.488615863992,62.5336310751361,62.5336310751361
"674",1991,"U-27",6848.47396376256,280.518681177454,75.9281415825711,75.9281415825711
"675",1991,"U-28",6846.95879787756,245.651474639491,94.4080812948553,94.4080812948553
"676",1991,"U-29",6844.73064624161,211.437360384764,NA,NA
"677",1991,"V-25",6877.49480719402,358.826905093545,NA,NA
"678",1991,"V-26",6877.39037884508,312.89967713664,NA,NA
"679",1991,"V-27",6872.22354906221,275.574398551366,73.8080063495824,73.8080063495824
"680",1991,"V-28",6875.62940961805,249.348360335174,92.3290651702627,92.3290651702627
"681",1991,"Z-05",6080.97701619629,875.97231135836,NA,NA
"682",1992,"A-02",6103.23540209376,760.456407986738,NA,NA
"683",1992,"B-01",6138.23747035624,718.664548661791,NA,NA
"684",1992,"B-03",6142.02076383853,794.679573187466,NA,NA
"685",1992,"B-07",6154.45062853678,943.341669487526,NA,NA
"686",1992,"C-02",6177.70055542725,752.726449752946,NA,NA
"687",1992,"C-03",6177.96460881935,790.372663603864,NA,NA
"688",1992,"C-07",6191.27888646975,939.601625955476,NA,NA
"689",1992,"D-02",6212.47231993237,749.688219799246,NA,NA
"690",1992,"D-03",6215.50711956814,786.85761407875,NA,NA
"691",1992,"D-07",6228.0720031903,935.604660076114,NA,NA
"692",1992,"E-01",6248.12137713469,706.95528839731,68.2631049436052,68.2631049436052
"693",1992,"E-02",6250.50332025202,744.936028996111,71.0522353830721,71.0522353830721
"694",1992,"E-08",6271.70721725132,969.313409676631,69.1271016679195,69.1271016679195
"695",1992,"E-18",6248.92752045835,669.58345928448,76.1408847841435,76.1408847841435
"696",1992,"E-22",6244.55492454641,518.311341358284,NA,NA
"697",1992,"F-02",6287.39230263067,742.600380091508,NA,NA
"698",1992,"F-03",6289.70763163062,779.079948873072,NA,NA
"699",1992,"F-04",6291.67627213973,816.237758078788,NA,NA
"700",1992,"F-07",6302.0641482617,928.459705320655,NA,NA
"701",1992,"F-18",6283.12827593214,666.789313844536,NA,NA
"702",1992,"F-19",6282.92461562622,628.221927393473,85.7503691986762,85.7503691986762
"703",1992,"F-20",6281.56478893995,590.177488171151,83.6841840263359,83.6841840263359
"704",1992,"F-23",6281.51516625738,478.436936169262,92.4256688818478,92.4256688818478
"705",1992,"F-24",6280.36548771725,440.774985376069,NA,NA
"706",1992,"G-01",6322.33355416547,700.666415043625,NA,NA
"707",1992,"G-02",6324.35725822253,739.306796469601,NA,NA
"708",1992,"G-03",6326.9183502192,776.542331567926,NA,NA
"709",1992,"G-04",6329.22128436807,812.677171117262,94.4048821853676,94.4048821853676
"710",1992,"G-05",6332.62262575266,850.995724238791,97.5007293565541,97.5007293565541
"711",1992,"G-06",6335.14689505131,888.077268431635,100.07687824878,100.07687824878
"712",1992,"G-07",6339.1337334999,924.324562807648,98.5394656109559,98.5394656109559
"713",1992,"G-08",6344.36231595407,961.913087836669,NA,NA
"714",1992,"G-09",6347.98676686102,998.062211050859,NA,NA
"715",1992,"G-18",6320.2631200627,662.052748272978,NA,NA
"716",1992,"G-20",6319.03537231509,588.09580799103,92.2672900734749,92.2672900734749
"717",1992,"G-22",6317.87991265898,513.170447706831,NA,NA
"718",1992,"G-23",6318.15877819943,476.302406719224,85.5077155654068,85.5077155654068
"719",1992,"G-24",6317.29850110015,436.966881028451,98.2167996407107,98.2167996407107
"720",1992,"G-25",6318.02584584596,399.580670606634,100.807884609198,100.807884609198
"721",1992,"G-26",6319.86183008941,363.268142278043,NA,NA
"722",1992,"GF2019",6300.34132249435,603.609343588879,NA,NA
"723",1992,"GF2120",6299.35104344712,570.308702833795,NA,NA
"724",1992,"H-01",6359.14044561632,696.659641668031,70.4524191255242,70.4524191255242
"725",1992,"H-02",6360.94351895048,735.071755902288,85.7173625126274,85.7173625126274
"726",1992,"H-03",6363.68087081773,771.308739905485,96.8020891829449,96.8020891829449
"727",1992,"H-04",6364.86104314546,809.035984394216,101.836904016696,101.836904016696
"728",1992,"H-05",6369.31805160685,846.789236654239,102.740529225263,102.740529225263
"729",1992,"H-06",6372.59718329266,883.814863655181,107.481226176026,107.481226176026
"730",1992,"H-07",6376.13648921759,920.440969250549,NA,NA
"731",1992,"H-20",6355.68528291217,584.81693773086,80.9820043606966,80.9820043606966
"732",1992,"H-21",6355.12606904761,547.214790013947,NA,NA
"733",1992,"H-22",6356.77410133645,508.70964895701,70.0565788297772,70.0565788297772
"734",1992,"H-23",6354.57947825732,471.844898277718,88.2503680177866,88.2503680177866
"735",1992,"H-24",6355.02713173017,433.79266691807,100.910572271658,100.910572271658
"736",1992,"H-26",6357.63199504817,360.138173552612,95.8290288342304,95.8290288342304
"737",1992,"HG1918",6337.85901709682,643.195059170376,NA,NA
"738",1992,"HG2120",6336.91220243791,567.144836476465,NA,NA
"739",1992,"HG2221",6330.57437106218,532.48356175304,NA,NA
"740",1992,"I-01",6396.70305330629,692.685300333331,72.2477684730909,72.2477684730909
"741",1992,"I-02",6398.50994561658,730.541887041641,94.056174417373,94.056174417373
"742",1992,"I-03",6400.44868648828,768.100485886019,98.4334958965302,98.4334958965302
"743",1992,"I-04",6403.63179934883,805.040043807861,99.2528838217223,99.2528838217223
"744",1992,"I-05",6405.93916256967,842.57697019206,NA,NA
"745",1992,"I-06",6409.26234733333,880.131297982654,NA,NA
"746",1992,"I-18",6394.48705379956,655.000449696232,74.3405463098426,74.3405463098426
"747",1992,"I-19",6393.58209027052,617.064766199382,84.8029119682302,84.8029119682302
"748",1992,"I-20",6392.60229063825,579.89880763918,73.046780062825,73.046780062825
"749",1992,"I-21",6391.66423426313,543.208219139743,67.8124749690272,67.8124749690272
"750",1992,"I-22",6391.61350932187,505.776917832702,63.4517358101716,63.4517358101716
"751",1992,"I-23",6391.43896422531,468.036432370564,90.9138315438537,90.9138315438537
"752",1992,"I-24",6391.12561876064,430.219157017255,99.0891892996478,99.0891892996478
"753",1992,"I-25",6392.45982593568,392.609064861143,94.8669787970192,94.8669787970192
"754",1992,"I-26",6396.42821339677,357.880778205023,92.3236664724404,92.3236664724404
"755",1992,"IH1918",6374.81854478315,634.650095944398,85.8820156146235,85.8820156146235
"756",1992,"IH2019",6374.59947695959,597.737612290868,NA,NA
"757",1992,"IH2120",6373.45588011983,562.202690176343,72.9729631566702,72.9729631566702
"758",1992,"J-01",6432.84226563115,689.019265322083,69.102293147296,69.102293147296
"759",1992,"J-02",6434.78247703548,726.447457279107,88.2722085885203,88.2722085885203
"760",1992,"J-03",6437.72997958276,764.754283384829,83.7113363814498,83.7113363814498
"761",1992,"J-04",6439.87681383417,801.501589102449,86.9623973043285,86.9623973043285
"762",1992,"J-05",6443.28275543261,839.613973504172,NA,NA
"763",1992,"J-18",6431.41869778445,651.771869409915,64.2935463762272,64.2935463762272
"764",1992,"J-19",6430.32021410288,614.032550631332,90.4733206432886,90.4733206432886
"765",1992,"J-20",6428.90983132258,577.238857133781,81.8682789474949,81.8682789474949
"766",1992,"J-21",6428.96835058149,539.267290592611,68.0569441862703,68.0569441862703
"767",1992,"J-22",6428.78547565935,502.403926534229,92.8402822964385,92.8402822964385
"768",1992,"J-23",6428.95505421789,464.097225075397,96.5618020410398,96.5618020410398
"769",1992,"J-24",6428.76231806488,427.144214214624,89.9562360041226,89.9562360041226
"770",1992,"J-25",6430.03403204114,389.207552524803,79.4243494098685,79.4243494098685
"771",1992,"J-26",6432.3171693662,353.255841784958,90.8938373855849,90.8938373855849
"772",1992,"JI1918",6412.39499740067,634.449524639389,72.6643329939747,72.6643329939747
"773",1992,"JI2019",6411.33374337142,596.175621563885,92.2326924352194,92.2326924352194
"774",1992,"JI2120",6411.33448775485,559.925676926959,65.3156496948418,65.3156496948418
"775",1992,"K-01",6469.90474523405,685.182325486548,NA,NA
"776",1992,"K-02",6471.47390842251,723.474154602853,NA,NA
"777",1992,"K-03",6474.14140146391,759.647394074628,NA,NA
"778",1992,"K-18",6468.15208586244,649.390304320849,65.8941729282378,65.8941729282378
"779",1992,"K-19",6467.64098006303,610.181534712415,75.6852608682015,75.6852608682015
"780",1992,"K-20",6466.74700506813,573.913934105534,93.4392976062259,93.4392976062259
"781",1992,"K-21",6465.92114892349,535.950477196969,66.0031487509274,66.0031487509274
"782",1992,"K-22",6466.55522778348,498.560596845874,95.0884242384014,95.0884242384014
"783",1992,"K-23",6465.91418857726,461.829016366347,96.7138065397226,96.7138065397226
"784",1992,"K-24",6466.45793007214,423.723009629362,55.1615390782683,55.1615390782683
"785",1992,"K-25",6467.57756719047,386.809034389276,NA,NA
"786",1992,"K-26",6468.73898723671,349.596198966716,95.0720108321617,95.0720108321617
"787",1992,"L-18",6506.36931117978,644.41666541552,NA,NA
"788",1992,"L-19",6504.15046227088,607.4366470123,83.4484131135231,83.4484131135231
"789",1992,"L-20",6504.13669807311,570.262375313604,75.1723086636875,75.1723086636875
"790",1992,"L-21",6503.39779686164,532.683754581069,89.512955146299,89.512955146299
"791",1992,"L-22",6502.90130946916,495.944430250683,92.9709353557966,92.9709353557966
"792",1992,"L-23",6502.80650144074,458.343053410065,88.7732094907134,88.7732094907134
"793",1992,"L-24",6503.95937487925,420.630422540081,81.3620171456599,81.3620171456599
"794",1992,"L-25",6504.96340947414,383.667830857696,91.1792526172042,91.1792526172042
"795",1992,"L-26",6505.1530778648,347.078788214693,NA,NA
"796",1992,"L-27",6507.23712400847,310.504763185031,95.5677167787271,95.5677167787271
"797",1992,"L-29",6512.22374048035,235.948651567535,87.8307603934519,87.8307603934519
"798",1992,"L-31",6517.47540424589,161.409689161235,NA,NA
"799",1992,"M-19",6542.5607227428,604.166241219894,NA,NA
"800",1992,"M-20",6540.04179114131,566.422866285866,61.7967468734696,61.7967468734696
"801",1992,"M-21",6540.43453691618,529.537712158253,90.2754560054316,90.2754560054316
"802",1992,"M-22",6539.90912256207,493.349639895729,100.352234209138,100.352234209138
"803",1992,"M-23",6540.06642912366,454.88817676344,97.528651556708,97.528651556708
"804",1992,"M-24",6540.51570799385,417.727960788577,95.3138421527489,95.313842152749
"805",1992,"M-25",6541.92755605878,379.994601238733,84.6311254986408,84.6311254986408
"806",1992,"M-26",6541.82600402861,343.829478419975,82.8406328194147,82.8406328194147
"807",1992,"M-27",6545.23294003933,306.395690076259,93.3478711766162,93.3478711766162
"808",1992,"M-28",6546.80505640639,270.031077040564,NA,NA
"809",1992,"M-29",6549.23876016504,227.908680546897,69.4197646075237,69.4197646075237
"810",1992,"M-30",6552.8785541605,194.838879978086,NA,NA
"811",1992,"M-31",6555.66533299602,158.352750325791,NA,NA
"812",1992,"M-32",6558.73551579296,121.137286247135,NA,NA
"813",1992,"N-21",6577.39215733862,526.465002122964,88.7280487851111,88.7280487851111
"814",1992,"N-22",6578.03114545948,488.822429969946,90.3263820812031,90.3263820812031
"815",1992,"N-23",6577.11447337005,452.559315899409,95.1700586146847,95.1700586146847
"816",1992,"N-24",6577.60137540111,413.45327817353,93.6298014833297,93.6298014833297
"817",1992,"N-25",6579.28287638203,377.416471209547,96.2002493756321,96.2002493756321
"818",1992,"N-26",6580.99684205225,340.618011946858,88.3911602624109,88.3911602624109
"819",1992,"N-27",6581.83741334123,303.734258222388,73.9887938487873,73.9887938487873
"820",1992,"N-28",6583.90255537194,266.542260130354,69.0826837854366,69.0826837854366
"821",1992,"N-29",6586.87650387195,229.987472001457,87.1998973984866,87.1998973984866
"822",1992,"N-30",6589.92175313519,193.613161417673,89.9049367729159,89.9049367729159
"823",1992,"O-21",6614.33461769211,523.380274309291,91.4636111778904,91.4636111778904
"824",1992,"O-22",6614.10832588824,486.957098554875,92.8126815511554,92.8126815511554
"825",1992,"O-23",6615.09212694991,448.998125816442,77.2291022443649,77.2291022443649
"826",1992,"O-24",6615.28764940203,412.018859822853,94.4667832091739,94.4667832091739
"827",1992,"O-25",6616.92179697584,374.05189272581,99.6722991061592,99.6722991061592
"828",1992,"O-26",6618.29404047777,338.393766331593,93.7468968777401,93.7468968777401
"829",1992,"O-27",6619.90101231922,305.829235555874,NA,NA
"830",1992,"O-28",6622.01139711228,267.896073592332,NA,NA
"831",1992,"O-29",6624.33866554195,225.91814167423,94.3703792200285,94.3703792200285
"832",1992,"O-30",6627.26397548402,188.221533154333,95.1088329338142,95.1088329338142
"833",1992,"O-31",6630.71499426563,153.812353475807,NA,NA
"834",1992,"ON2524",6596.55060365995,394.758125428963,96.6931130710442,96.6931130710442
"835",1992,"ON2625",6598.30082556086,358.385620257099,97.5228466969502,97.5228466969502
"836",1992,"P-21",6651.46671030825,520.242489685777,73.4699051247722,73.4699051247722
"837",1992,"P-22",6650.90893970593,483.65032741499,NA,NA
"838",1992,"P-23",6651.77651380257,446.13357195868,NA,NA
"839",1992,"P-24",6652.40439509226,410.103763534334,97.9388202885412,97.9388202885412
"840",1992,"P-25",6653.71271715706,371.549616247962,98.6070146568036,98.6070146568036
"841",1992,"P-26",6655.12355238016,335.354496262109,91.2937524398685,91.2937524398685
"842",1992,"P-27",6656.53657389699,299.164124248629,75.6841656539467,75.6841656539467
"843",1992,"P-28",6659.41824741182,262.034910975737,65.2284639369521,65.2284639369521
"844",1992,"P-29",6661.79445966716,224.999976316487,94.7960400287503,94.7960400287503
"845",1992,"P-30",6665.57917369108,181.575972490736,93.6648991026707,93.6648991026707
"846",1992,"P-31",6668.59859954707,153.579851857227,89.1791324702001,89.1791324702001
"847",1992,"P-32",6672.08389559234,115.48936273536,NA,NA
"848",1992,"PO2423",6633.76993673503,429.972424140503,89.2557561589688,89.2557561589688
"849",1992,"PO2524",6630.43454740936,396.334123353928,98.0269148768349,98.0269148768349
"850",1992,"PO2625",6635.93687821514,355.119795063723,97.8453124115841,97.8453124115841
"851",1992,"PO2726",6637.43847828599,318.628518753839,85.0560045446319,85.0560045446319
"852",1992,"Q-21",6688.70116095955,518.298627409676,77.0432422879522,77.0432422879522
"853",1992,"Q-22",6688.76963419948,479.313439503945,90.8312140166364,90.8312140166364
"854",1992,"Q-23",6688.79904913142,441.037392573344,92.2395458901465,92.2395458901465
"855",1992,"Q-26",6692.55910192786,330.657450772217,96.1154278411359,96.1154278411359
"856",1992,"Q-27",6694.17672339359,294.911878787011,90.9535197293337,90.9535197293337
"857",1992,"Q-28",6696.97868996193,258.270963796599,95.7336305576135,95.7336305576135
"858",1992,"Q-29",6699.47363653328,222.349080320207,96.129083751978,96.129083751978
"859",1992,"Q-30",6702.58418747888,184.751315571869,73.1302553703921,73.1302553703921
"860",1992,"Q-31",6705.91493900884,147.878491944652,78.7277010792776,78.7277010792776
"861",1992,"QP2423",6671.23525701933,426.198503246085,NA,NA
"862",1992,"QP2524",6670.65424421263,387.367316643565,NA,NA
"863",1992,"QP2625",6670.02296347727,357.239911752968,NA,NA
"864",1992,"QP2726",6674.89868944345,313.834419703912,94.3153953061449,94.3153953061449
"865",1992,"R-22",6726.04611463839,476.042053568038,71.2993480205104,71.2993480205104
"866",1992,"R-23",6725.8528646987,440.112224804075,71.5927072262892,71.5927072262892
"867",1992,"R-24",6727.11600791244,403.451725782245,NA,NA
"868",1992,"R-25",6728.46691250409,365.005902653027,NA,NA
"869",1992,"R-26",6730.14330759607,328.593592627432,80.5084364397201,80.5084364397201
"870",1992,"R-27",6731.12423904777,291.453974359112,94.5652537844976,94.5652537844976
"871",1992,"R-28",6734.10847123722,256.804744965234,95.8662844452031,95.8662844452031
"872",1992,"R-29",6737.05906125341,216.085857490091,95.5766361124486,95.5766361124486
"873",1992,"R-30",6739.60860186696,183.266611639796,77.6999801325518,77.6999801325518
"874",1992,"R-31",6743.57332192739,145.048349980213,92.5044187875682,92.5044187875682
"875",1992,"R-32",6747.38611830846,107.125492147046,71.6558734891625,71.6558734891625
"876",1992,"S-22",6762.77337154731,473.727146299607,67.1916473626961,67.1916473626961
"877",1992,"S-23",6762.93803431253,436.534064297957,67.5705483739525,67.5705483739525
"878",1992,"S-24",6764.29719628776,401.801877487681,65.5204553626665,65.5204553626665
"879",1992,"S-25",6765.73955301343,364.804212419522,68.5115700679707,68.5115700679707
"880",1992,"S-26",6767.17550114532,327.878948567789,64.6967065757838,64.6967065757838
"881",1992,"S-27",6768.59323740078,290.081084195393,77.3058522818459,77.3058522818459
"882",1992,"S-28",6771.3346600966,253.119836012961,92.3995422531643,92.3995422531643
"883",1992,"S-29",6774.98524731713,214.456932504764,91.8665213119441,91.8665213119441
"884",1992,"S-30",6776.94444955222,177.126249330485,95.4532754733875,95.4532754733875
"885",1992,"S-31",6780.91109635809,141.40188976703,80.9625244905782,80.9625244905782
"886",1992,"T-25",6803.01076738458,364.453622012235,60.9726362381718,60.9726362381718
"887",1992,"T-26",6804.22900633172,322.564035589314,60.3457372775153,60.3457372775153
"888",1992,"T-27",6806.53476965682,286.856554208461,70.6380555244169,70.6380555244169
"889",1992,"T-28",6808.6004223073,254.192900279504,89.2000618568408,89.2000618568408
"890",1992,"T-29",6811.60229370867,216.635835500216,93.8151003128693,93.8151003128693
"891",1992,"T-30",6814.50519448779,180.941780855984,92.7135604673421,92.7135604673421
"892",1992,"U-25",6839.82759164556,363.222040916958,53.5639637083367,53.5639637083367
"893",1992,"U-26",6841.72488566279,318.19267935759,57.0105186452727,57.0105186452727
"894",1992,"U-27",6844.44319100005,289.300819012122,61.7642096217149,61.7642096217149
"895",1992,"U-28",6846.22390945223,246.898937718531,77.1925266758855,77.1925266758855
"896",1992,"U-29",6848.97582366129,210.849725601654,NA,NA
"897",1992,"V-25",6876.95182122673,365.092131808446,NA,NA
"898",1992,"V-26",6878.68339994624,318.376779248502,61.4171316944425,61.4171316944425
"899",1992,"V-27",6880.65548804759,290.604717424163,58.3206372620802,58.3206372620802
"900",1992,"V-28",6883.3863425914,247.265889010448,74.2915452005105,74.2915452005105
"901",1993,"C-02",6176.8694189959,752.832697129463,NA,NA
"902",1993,"D-01",6212.72788999708,710.492001253542,NA,NA
"903",1993,"D-02",6213.01755178748,750.10488882558,55.7270803042043,55.7270803042043
"904",1993,"E-01",6249.41546183027,706.443686250774,NA,NA
"905",1993,"E-02",6249.20086412969,745.083344414492,NA,NA
"906",1993,"E-04",6256.19692901482,820.870937714564,NA,NA
"907",1993,"E-05",6258.33010645151,857.882165812605,NA,NA
"908",1993,"E-06",6261.85287112763,896.312826103339,NA,NA
"909",1993,"E-07",6264.9535132997,932.289091340295,NA,NA
"910",1993,"E-18",6246.51103184048,669.999611566719,NA,NA
"911",1993,"E-19",6246.58627634058,629.417071855148,NA,NA
"912",1993,"E-20",6255.42550746664,591.853052397287,NA,NA
"913",1993,"E-21",6245.16591953327,558.334501636361,NA,NA
"914",1993,"E-22",6244.67228978941,519.78901707717,NA,NA
"915",1993,"F-01",6286.13514783547,703.766165613368,NA,NA
"916",1993,"F-02",6287.18405687285,740.92291875672,NA,NA
"917",1993,"F-03",6290.40944453186,779.975915683304,NA,NA
"918",1993,"F-18",6281.59329501802,666.016312559265,NA,NA
"919",1993,"F-19",6282.71441498458,627.390359208771,NA,NA
"920",1993,"F-20",6282.35197580868,591.820760322684,NA,NA
"921",1993,"F-21",6282.34829777122,553.509076757602,NA,NA
"922",1993,"F-22",6280.38859395355,516.502005946341,NA,NA
"923",1993,"F-23",6279.26651485445,479.130423211106,64.1963438987911,64.1963438987911
"924",1993,"F-24",6280.04829223424,440.218741127019,87.8473996226587,87.8473996226587
"925",1993,"F-25",6281.75770326137,404.053864908877,NA,NA
"926",1993,"G-01",6322.50789353729,699.658910267965,54.6307648079026,54.6307648079026
"927",1993,"G-02",6323.87166405466,737.665071083626,NA,NA
"928",1993,"G-04",6330.23142147479,812.48922219033,NA,NA
"929",1993,"G-05",6332.84801456943,850.467734947598,89.9076004698825,89.9076004698825
"930",1993,"G-18",6320.01830281377,662.204029695727,55.7420456854656,55.7420456854656
"931",1993,"G-19",6319.02010345701,625.061304263743,NA,NA
"932",1993,"G-20",6318.32665372935,588.359093855131,NA,NA
"933",1993,"G-21",6317.52845575751,549.951147467288,NA,NA
"934",1993,"G-22",6316.39496927861,512.998036134442,NA,NA
"935",1993,"G-23",6315.96206851678,475.9860057357,58.4181855451969,58.4181855451969
"936",1993,"G-24",6318.4755430114,437.060694235247,88.6845862628917,88.6845862628917
"937",1993,"G-25",6318.04985392925,399.348155138036,74.5864652174857,74.5864652174857
"938",1993,"G-26",6320.77079990551,362.730743790443,NA,NA
"939",1993,"GF1918",6300.88046739314,645.337618746752,51.4007807147201,51.4007807147201
"940",1993,"GF2019",6299.24928442388,604.073931242055,NA,NA
"941",1993,"GF2120",6298.89073936083,567.132384036699,NA,NA
"942",1993,"GF2221",6299.12240953184,530.686009377565,48.2962885746173,48.2962885746173
"943",1993,"H-01",6361.47171526746,695.864459117038,58.0449210121952,58.0449210121952
"944",1993,"H-02",6362.73509672731,733.721955980254,66.8432469813024,66.8432469813024
"945",1993,"H-04",6366.43274466981,808.388241454723,NA,NA
"946",1993,"H-07",6376.396716193,921.146785202076,NA,NA
"947",1993,"H-10",6388.87043522707,1031.95868135174,NA,NA
"948",1993,"H-18",6357.28041860657,658.513813897017,58.0300663655118,58.0300663655118
"949",1993,"H-19",6357.33783099629,621.333995753282,NA,NA
"950",1993,"H-20",6354.73910387266,584.374858192361,NA,NA
"951",1993,"H-22",6354.41838070239,509.151146810618,NA,NA
"952",1993,"H-23",6355.8643315112,471.181438132665,NA,NA
"953",1993,"H-24",6354.3816736817,434.083357556857,78.4405191111092,78.4405191111092
"954",1993,"H-25",6357.16208787502,391.894168718837,66.6098396642308,66.6098396642308
"955",1993,"HG1918",6337.61932692915,643.23880187441,NA,NA
"956",1993,"HG2019",6337.57032504552,601.947392127179,54.4905876157547,54.4905876157547
"957",1993,"HG2221",6330.89684478127,532.152821103914,NA,NA
"958",1993,"I-01",6396.44893833607,692.418695015326,56.867965476809,56.867965476809
"959",1993,"I-02",6398.57557002931,730.548004765414,89.1977384347542,89.1977384347542
"960",1993,"I-03",6400.62731189303,767.569812743512,96.2113487642504,96.2113487642504
"961",1993,"I-04",6403.30958626841,804.969491996908,96.6249907449968,96.6249907449968
"962",1993,"I-05",6406.80623518022,842.793099402048,91.3570354200969,91.3570354200969
"963",1993,"I-07",6413.50744106521,917.57754645024,NA,NA
"964",1993,"I-09",6422.98856354104,991.179242507975,NA,NA
"965",1993,"I-18",6394.56954841546,654.957573223303,57.2357145635728,57.2357145635728
"966",1993,"I-19",6392.20079574858,617.448084301532,53.5618841621607,53.5618841621607
"967",1993,"I-20",6392.98367239677,580.403498484437,53.5632000573,53.5632000573
"968",1993,"I-21",6392.35002900904,544.841403853869,51.9361794640983,51.9361794640983
"969",1993,"I-22",6391.51158092423,505.73202089643,NA,NA
"970",1993,"I-23",6391.85995800841,468.800398328903,NA,NA
"971",1993,"I-24",6391.2202974304,430.638281304246,65.6992088185834,65.6992088185834
"972",1993,"I-25",6393.704773757,392.557680069343,72.2778544245511,72.2778544245511
"973",1993,"I-26",6393.85236311946,356.406891548472,73.6043528250093,73.6043528250093
"974",1993,"IH1918",6374.61214395956,634.876776964857,53.7770674658951,53.7770674658951
"975",1993,"IH2019",6375.73949380369,596.905937874606,NA,NA
"976",1993,"IH2120",6373.7956765556,560.704186505268,53.1009397785324,53.1009397785324
"977",1993,"IH2221",6373.18565197695,524.755753579485,NA,NA
"978",1993,"J-01",6433.37217337053,688.624164677968,54.5122719163121,54.5122719163121
"979",1993,"J-02",6435.59994547088,726.263006454819,83.4321996669973,83.4321996669973
"980",1993,"J-03",6437.40508153124,765.611018864818,94.3871182429751,94.3871182429751
"981",1993,"J-04",6440.17761924079,800.919797703585,94.5256963449986,94.5256963449986
"982",1993,"J-05",6442.52275134463,839.663719316534,92.5335476813933,92.5335476813933
"983",1993,"J-18",6431.27237568855,651.82181456366,52.1590872626782,52.1590872626782
"984",1993,"J-19",6431.16954222249,614.845875369122,54.8660951828479,54.866095182848
"985",1993,"J-20",6430.51023561982,576.986242224446,53.8553932894663,53.8553932894663
"986",1993,"J-21",6427.73693215304,539.550216658041,56.8048566074624,56.8048566074624
"987",1993,"J-22",6429.04462976336,501.940392980082,59.4397383192046,59.4397383192046
"988",1993,"J-23",6428.81726628398,465.007216105448,54.0514198315925,54.0514198315925
"989",1993,"J-24",6427.98974908716,427.282710618391,54.5524088184747,54.5524088184747
"990",1993,"J-25",6429.64926837052,390.029992543145,70.0061084368224,70.0061084368224
"991",1993,"J-26",6431.83341771388,352.518378299635,88.0591114350437,88.0591114350437
"992",1993,"JI1918",6411.9601026086,634.771071796661,54.6461976583257,54.6461976583257
"993",1993,"JI2019",6410.56217887889,597.664411231372,55.8937901244342,55.8937901244342
"994",1993,"JI2120",6410.87171663197,560.585857960833,NA,NA
"995",1993,"JI2221",6409.8817099576,522.077619552308,54.6842092303828,54.6842092303828
"996",1993,"K-01",6471.03547185828,683.922447533365,62.9571870891689,62.9571870891689
"997",1993,"K-02",6471.92551758207,723.399797460371,83.5142958869679,83.5142958869679
"998",1993,"K-03",6474.18234974382,760.545158881893,79.1301326684617,79.1301326684617
"999",1993,"K-05",6481.04227540438,834.191515185723,NA,NA
"1000",1993,"K-18",6468.56229580664,648.197414190692,55.0039221866602,55.0039221866602
"1001",1993,"K-19",6468.32790084136,609.527654837302,NA,NA
"1002",1993,"K-20",6467.28480960919,573.87925131383,53.0170625859916,53.0170625859916
"1003",1993,"K-21",6465.36912161954,534.418310478117,59.3800575518977,59.3800575518977
"1004",1993,"K-22",6466.15655545904,498.794667043719,67.4805939243115,67.4805939243115
"1005",1993,"K-23",6465.84296720537,462.462585999632,71.4778445518492,71.4778445518492
"1006",1993,"K-24",6465.64600798651,423.956294404065,61.7128612765045,61.7128612765045
"1007",1993,"K-25",6467.2331247565,386.506454283475,75.1539896889456,75.1539896889456
"1008",1993,"K-26",6466.64523084294,349.95113132058,94.4786873194882,94.4786873194882
"1009",1993,"K-27",6471.00695804058,305.647501466323,NA,NA
"1010",1993,"L-01",6506.07736471447,681.933561206969,NA,NA
"1011",1993,"L-02",6507.19536626117,719.111239634315,NA,NA
"1012",1993,"L-18",6506.54019764075,645.010243390935,NA,NA
"1013",1993,"L-19",6504.26675632169,605.581141892244,51.9825054120833,51.9825054120833
"1014",1993,"L-20",6503.28121980444,570.683996683314,51.0019031345077,51.0019031345077
"1015",1993,"L-21",6503.38937717389,532.741830024537,56.5839355926451,56.5839355926451
"1016",1993,"L-22",6502.41956763058,495.126795394086,55.5320132764551,55.5320132764551
"1017",1993,"L-23",6503.6411845118,457.511219371059,63.3818576042743,63.3818576042743
"1018",1993,"L-24",6501.84670652341,420.897023019735,65.6280690736328,65.6280690736328
"1019",1993,"L-25",6504.47790694783,383.435927552565,93.0047246857789,93.0047246857789
"1020",1993,"L-26",6508.24843219518,347.021494913267,86.6859340263813,86.6859340263813
"1021",1993,"L-28",6517.31831679504,273.675744964347,NA,NA
"1022",1993,"L-31",6518.69524447227,160.797505101402,NA,NA
"1023",1993,"M-01",6543.56116910744,676.886666483472,NA,NA
"1024",1993,"M-18",6543.26279613149,640.969019740194,NA,NA
"1025",1993,"M-19",6540.80334699533,603.715785710808,54.745349521836,54.745349521836
"1026",1993,"M-20",6540.95764427532,567.307125745132,52.1276626652417,52.1276626652417
"1027",1993,"M-21",6540.46277875205,529.590061826819,52.8369530538221,52.8369530538221
"1028",1993,"M-22",6538.00873716165,492.541585946786,56.6985969667801,56.6985969667801
"1029",1993,"M-23",6540.41597765917,455.184160237476,60.6822044534674,60.6822044534674
"1030",1993,"M-24",6541.84338246135,417.703836088978,70.0077329233066,70.0077329233066
"1031",1993,"M-25",6542.03202021507,381.401441811158,NA,NA
"1032",1993,"M-26",6544.42325722003,343.709760368406,75.2548987323681,75.2548987323681
"1033",1993,"M-27",6544.85106259376,306.050368326903,NA,NA
"1034",1993,"M-30",6552.69695214427,195.131896870115,NA,NA
"1035",1993,"M-31",6555.12342700623,158.785795644724,NA,NA
"1036",1993,"M-32",6558.69901069339,123.490078300719,NA,NA
"1037",1993,"N-01",6581.78436340601,673.488169219151,NA,NA
"1038",1993,"N-18",6579.75425422398,638.429710335507,NA,NA
"1039",1993,"N-19",6579.12432526646,599.799774798082,60.824981374955,60.824981374955
"1040",1993,"N-20",6578.9079731169,563.483520090023,58.4140284073705,58.4140284073705
"1041",1993,"N-21",6576.53606008771,526.101073384631,63.86719167877,63.86719167877
"1042",1993,"N-22",6578.32508723559,489.619606559475,64.8648691018776,64.8648691018776
"1043",1993,"N-23",6578.28151074137,453.465385292758,71.8467835493643,71.8467835493643
"1044",1993,"N-24",6577.66327563102,414.801774564953,76.8629246909954,76.8629246909954
"1045",1993,"N-25",6579.41001976754,376.932103303714,66.8860105039491,66.8860105039491
"1046",1993,"N-26",6580.43870989601,340.846300128298,66.088566421074,66.088566421074
"1047",1993,"N-27",6581.62588742283,303.500098893064,NA,NA
"1048",1993,"N-28",6585.38928641302,266.267912209606,NA,NA
"1049",1993,"N-29",6584.70767519952,229.580322955205,61.7091129114263,61.7091129114263
"1050",1993,"N-30",6590.65145405948,196.814423656985,84.1628225123525,84.1628225123525
"1051",1993,"N-31",6593.46638680757,156.055590283133,NA,NA
"1052",1993,"O-01",6619.17390075274,670.534904167977,NA,NA
"1053",1993,"O-18",6616.97552645723,634.416723124765,NA,NA
"1054",1993,"O-19",6616.49779373692,597.489085591051,71.6457749591717,71.6457749591717
"1055",1993,"O-20",6614.90369962327,560.752125972264,65.2519861972119,65.2519861972119
"1056",1993,"O-21",6614.66008510468,523.425279158383,61.1954614018355,61.1954614018355
"1057",1993,"O-22",6614.91106545558,485.640664569533,71.2804323955093,71.2804323955093
"1058",1993,"O-23",6615.61108447603,449.742283321947,75.603618101725,75.603618101725
"1059",1993,"O-24",6615.23292599734,411.57598882358,93.5404025974154,93.5404025974154
"1060",1993,"O-25",6615.88324656667,373.998282475891,77.7621122758759,77.7621122758759
"1061",1993,"O-26",6618.1244215161,337.164426940011,69.310725581261,69.310725581261
"1062",1993,"O-27",6619.20769055153,305.036000372242,61.9681276416213,61.9681276416213
"1063",1993,"O-28",6620.80557734657,268.588252250893,49.8162673982776,49.8162673982776
"1064",1993,"O-29",6625.56463344675,226.596663638123,65.8640509577687,65.8640509577687
"1065",1993,"O-30",6627.91652134577,187.997989133124,71.225713775131,71.225713775131
"1066",1993,"O-31",6629.77616953051,154.773443052432,NA,NA
"1067",1993,"ON2524",6597.02126762953,393.218212793373,71.7786248415454,71.7786248415454
"1068",1993,"ON2625",6598.38928205759,358.998161946672,69.8523777254603,69.8523777254604
"1069",1993,"P-18",6656.01561366324,631.066423867051,NA,NA
"1070",1993,"P-19",6652.62884813623,592.597022756078,NA,NA
"1071",1993,"P-20",6651.96608362489,557.210703189236,68.8275230462042,68.8275230462042
"1072",1993,"P-21",6651.55141483392,520.455931905861,70.3154111256103,70.3154111256103
"1073",1993,"P-22",6651.45001937691,483.071513193009,74.5615916414818,74.5615916414818
"1074",1993,"P-23",6651.81762686074,445.873932910691,NA,NA
"1075",1993,"P-24",6653.17224660941,409.434305498652,96.5513069055734,96.5513069055734
"1076",1993,"P-25",6653.73521038716,371.70390853776,NA,NA
"1077",1993,"P-26",6654.1446883332,335.836751050662,76.5403781525811,76.5403781525811
"1078",1993,"P-27",6657.80991840843,298.497943712021,86.9859982788429,86.9859982788429
"1079",1993,"P-28",6659.17258490202,262.233248430577,61.2972589024253,61.2972589024253
"1080",1993,"P-29",6661.44129160753,225.747885391218,81.2791204659435,81.2791204659435
"1081",1993,"P-30",6665.62466847976,181.696778120173,91.4078267853115,91.4078267853115
"1082",1993,"P-31",6665.12322993569,154.594932179009,NA,NA
"1083",1993,"P-32",6671.66080389314,116.498111849121,NA,NA
"1084",1993,"PO2423",6633.4340359322,429.59236679235,NA,NA
"1085",1993,"PO2524",6633.9592014446,392.847150675868,90.5655619608376,90.5655619608376
"1086",1993,"PO2625",6635.54443998299,356.123831305567,78.3027823349391,78.3027823349391
"1087",1993,"PO2726",6637.48797294822,319.145498330793,76.0463017384081,76.0463017384081
"1088",1993,"Q-18",6691.16869723142,628.33616409132,NA,NA
"1089",1993,"Q-19",6689.39717767982,590.779539282577,NA,NA
"1090",1993,"Q-20",6688.51454020453,553.789278201301,NA,NA
"1091",1993,"Q-21",6688.68427695878,518.593284296727,77.9834234376404,77.9834234376404
"1092",1993,"Q-22",6688.72722064209,480.334669945795,86.8914289332186,86.8914289332186
"1093",1993,"Q-23",6689.23184154122,441.242096244745,NA,NA
"1094",1993,"Q-25",6690.38036237277,366.224178367338,95.3954563610284,95.3954563610284
"1095",1993,"Q-26",6692.57794490895,328.861246759698,96.5439878311188,96.5439878311188
"1096",1993,"Q-27",6694.98328686783,292.33418365122,94.6932729059344,94.6932729059344
"1097",1993,"Q-28",6695.68640168081,257.967812775816,95.9236345324801,95.9236345324801
"1098",1993,"Q-29",6699.02684563106,222.592047959167,96.6571236317778,96.6571236317778
"1099",1993,"Q-30",6702.92970122675,184.748905789256,88.4734376978113,88.4734376978113
"1100",1993,"Q-31",6706.26603780457,148.111498665105,82.4936203527217,82.4936203527217
"1101",1993,"QP2423",6669.3019799066,425.863295254666,NA,NA
"1102",1993,"QP2524",6671.68929817335,387.537957207909,NA,NA
"1103",1993,"QP2625",6668.73987624801,347.113425281687,91.0465911698205,91.0465911698205
"1104",1993,"QP2726",6673.01534804044,314.123504929237,96.5288439490627,96.5288439490627
"1105",1993,"R-22",6727.17563704594,476.531983946753,NA,NA
"1106",1993,"R-23",6725.77765162365,439.614315377879,NA,NA
"1107",1993,"R-24",6727.83568519962,402.592071323252,NA,NA
"1108",1993,"R-25",6728.81583924269,364.872997411056,NA,NA
"1109",1993,"R-26",6729.81867277662,328.956553884788,96.8270771471798,96.8270771471798
"1110",1993,"R-27",6731.4730483486,290.908134709534,NA,NA
"1111",1993,"R-28",6732.36268392158,256.462489797597,95.8796306420521,95.8796306420521
"1112",1993,"R-29",6736.54154763721,216.145517584746,98.1822372098547,98.1822372098547
"1113",1993,"R-30",6740.09928966921,181.730868461077,93.585984291146,93.585984291146
"1114",1993,"R-31",6743.94431933066,145.071468473123,102.077992798137,102.077992798137
"1115",1993,"R-32",6747.36559473851,106.888848518181,NA,NA
"1116",1993,"S-22",6762.99483737114,473.904568249377,NA,NA
"1117",1993,"S-23",6763.4224587751,437.485091883748,NA,NA
"1118",1993,"S-24",6763.7851811236,401.1788432031,NA,NA
"1119",1993,"S-25",6766.22969290194,364.611035879715,NA,NA
"1120",1993,"S-26",6767.62202636864,327.300577645429,87.690969363937,87.690969363937
"1121",1993,"S-27",6767.70690671315,290.277124668212,93.3799937087861,93.3799937087861
"1122",1993,"S-28",6772.12883314111,258.743891699049,94.6861148078857,94.6861148078857
"1123",1993,"S-29",6774.98090851424,214.393042663664,97.631669218761,97.6316692187609
"1124",1993,"S-30",6778.25460783026,176.883518528142,96.7523523303488,96.7523523303488
"1125",1993,"S-31",6781.25049734525,142.194045193332,98.453897144826,98.453897144826
"1126",1993,"T-25",6801.963041051,363.685062004408,NA,NA
"1127",1993,"T-26",6802.32301487421,322.931929856369,64.7970408365414,64.7970408365414
"1128",1993,"T-27",6808.90972920772,287.122342530662,70.323120349028,70.323120349028
"1129",1993,"T-28",6808.52823816112,251.538775266864,77.3563530630091,77.3563530630091
"1130",1993,"T-29",6811.10501929005,215.990636571794,NA,NA
"1131",1993,"T-30",6815.50474228856,181.235189904767,93.3753769048761,93.3753769048761
"1132",1993,"U-25",6837.99956017135,362.685425165431,NA,NA
"1133",1993,"U-26",6841.8867099645,318.488456267202,67.2382353371668,67.2382353371668
"1134",1993,"U-27",6843.74453294532,290.235592317717,72.7996813988866,72.7996813988866
"1135",1993,"U-28",6845.8678893844,246.421012243193,77.0520939268376,77.0520939268376
"1136",1993,"U-29",6849.89569419108,211.334810897429,87.9072338458839,87.9072338458839
"1137",1993,"V-25",6875.30144959664,364.056152633496,NA,NA
"1138",1993,"V-26",6879.39236435753,318.340477273461,NA,NA
"1139",1993,"V-27",6880.57495806898,289.95653665998,NA,NA
"1140",1993,"V-28",6883.58925265732,244.433696746613,87.6840496348885,87.6840496348885
"1141",1994,"D-02",6213.09274906769,749.641902491651,NA,NA
"1142",1994,"E-01",6247.98004796888,707.66952076983,NA,NA
"1143",1994,"E-08",6266.70260927483,969.577965858251,NA,NA
"1144",1994,"E-19",6245.67021803308,631.919553467383,59.982707700942,59.982707700942
"1145",1994,"E-21",6242.63304811774,558.307070570937,63.0745880219485,63.0745880219485
"1146",1994,"F-01",6285.16180759226,704.580560002211,NA,NA
"1147",1994,"F-03",6290.60067370332,780.055348666489,NA,NA
"1148",1994,"F-05",6294.79659998703,854.83892064139,NA,NA
"1149",1994,"F-19",6282.07535605166,628.058947813661,NA,NA
"1150",1994,"F-20",6282.61087984414,588.765901471673,NA,NA
"1151",1994,"F-21",6279.66480098304,554.799834359315,NA,NA
"1152",1994,"F-24",6281.30827903062,440.982252687812,NA,NA
"1153",1994,"G-04",6330.31110100455,813.667107120106,93.6093176287625,93.6093176287625
"1154",1994,"G-05",6332.51499940089,851.157808557113,NA,NA
"1155",1994,"G-07",6341.21723377232,922.586186504592,NA,NA
"1156",1994,"G-08",6340.74095774418,961.496157082584,NA,NA
"1157",1994,"G-20",6316.15564986468,587.057414450674,97.1609301829716,97.1609301829716
"1158",1994,"G-21",6318.46457140975,551.397712921649,85.9735991864358,85.9735991864358
"1159",1994,"G-24",6320.50194255457,437.42023335573,NA,NA
"1160",1994,"G-26",6320.386580255,363.401844377792,NA,NA
"1161",1994,"GF1918",6300.63966895254,645.620874670846,61.1185270801334,61.1185270801334
"1162",1994,"GF2019",6299.82227661464,603.245545235175,101.743156215583,101.743156215583
"1163",1994,"GF2120",6298.82018280873,569.08676857905,NA,NA
"1164",1994,"H-01",6358.96482749578,696.497115591425,55.0931766294906,55.0931766294906
"1165",1994,"H-03",6364.06073140222,771.429346698692,70.0735725053044,70.0735725053044
"1166",1994,"H-04",6363.47198530847,811.359166178817,NA,NA
"1167",1994,"H-05",6368.82756390634,846.725017659389,NA,NA
"1168",1994,"H-06",6371.5959889655,884.090894100659,101.662451926604,101.662451926604
"1169",1994,"H-07",6376.62373633327,920.814905107973,NA,NA
"1170",1994,"H-19",6355.48768394125,621.860905978537,NA,NA
"1171",1994,"H-20",6353.71111480001,583.577588029933,89.2340024941579,89.2340024941579
"1172",1994,"H-21",6353.28458337486,547.642571621781,NA,NA
"1173",1994,"H-24",6355.78885820202,433.714671581699,NA,NA
"1174",1994,"HG1918",6337.99431841721,642.791743281815,NA,NA
"1175",1994,"HG2120",6336.24451154727,567.165994353706,NA,NA
"1176",1994,"I-01",6396.15418121065,693.647526059487,70.4991632999256,70.4991632999256
"1177",1994,"I-02",6396.61723302174,730.605090728869,NA,NA
"1178",1994,"I-03",6401.34703372289,768.309731651086,NA,NA
"1179",1994,"I-04",6402.79794590645,805.961831969517,NA,NA
"1180",1994,"I-05",6406.14985109741,842.968878119568,93.7441307888435,93.7441307888435
"1181",1994,"I-06",6408.09258887349,880.596956255321,NA,NA
"1182",1994,"I-18",6393.76304780646,655.24234744565,76.0221655435205,76.0221655435205
"1183",1994,"I-19",6393.52562665836,617.996364807264,NA,NA
"1184",1994,"I-20",6391.83980035221,580.251969939366,82.5478965421893,82.5478965421893
"1185",1994,"I-21",6390.89180133822,543.902745858153,61.0297227644516,61.0297227644516
"1186",1994,"I-24",6392.71180216986,430.251585988314,53.9281714901631,53.9281714901631
"1187",1994,"IH1918",6374.0933590308,634.619194886115,NA,NA
"1188",1994,"IH2120",6372.61023908219,560.876843657119,70.506275348637,70.506275348637
"1189",1994,"J-01",6433.23069363691,688.379256134364,NA,NA
"1190",1994,"J-02",6435.43646194133,726.331524350537,99.2678465761452,99.2678465761452
"1191",1994,"J-03",6438.66370366222,765.778720977669,NA,NA
"1192",1994,"J-04",6437.81323270863,802.5384648882,NA,NA
"1193",1994,"J-05",6442.75695846266,839.569453526064,NA,NA
"1194",1994,"J-18",6431.61063159763,651.675816942686,86.9516819993488,86.9516819993488
"1195",1994,"J-19",6431.28280973117,614.251322409077,98.017380656485,98.017380656485
"1196",1994,"J-20",6428.66474324373,577.061162067101,NA,NA
"1197",1994,"J-21",6428.78681075048,539.712142558634,NA,NA
"1198",1994,"J-23",6430.42526419747,464.661749058985,NA,NA
"1199",1994,"J-24",6426.73007385874,427.141457687528,NA,NA
"1200",1994,"J-25",6432.34880149016,389.749406360392,50.9987071355228,50.9987071355228
"1201",1994,"J-26",6431.96181546607,352.828672097165,NA,NA
"1202",1994,"JI1918",6411.44501006458,634.644495110732,NA,NA
"1203",1994,"JI2019",6410.56463296297,597.788241487227,99.7038469009184,99.7038469009184
"1204",1994,"JI2120",6410.21231144613,560.570851735785,63.664717883761,63.664717883761
"1205",1994,"JI2221",6410.75370190554,522.023250460225,NA,NA
"1206",1994,"K-01",6470.22115997589,684.986810234821,NA,NA
"1207",1994,"K-02",6473.11144350996,722.667397998153,NA,NA
"1208",1994,"K-03",6474.87170702701,760.979313562955,NA,NA
"1209",1994,"K-04",6477.86644415831,797.247147894727,NA,NA
"1210",1994,"K-18",6468.47958281766,648.205801713822,NA,NA
"1211",1994,"K-19",6466.76459090727,610.372171543401,NA,NA
"1212",1994,"K-20",6465.9990722201,573.610453830322,102.095757669784,102.095757669784
"1213",1994,"K-21",6465.47023614684,536.379221913975,95.8519550744262,95.8519550744262
"1214",1994,"K-22",6466.46278687668,498.643703235026,88.5319641650471,88.5319641650471
"1215",1994,"K-23",6465.58262472161,462.499348090073,95.1923065745909,95.1923065745909
"1216",1994,"K-24",6466.54980992058,424.271576257047,57.6484208553483,57.6484208553483
"1217",1994,"K-25",6467.51876071891,387.578986188633,NA,NA
"1218",1994,"K-26",6469.70982263372,349.46244510522,NA,NA
"1219",1994,"L-01",6507.5309182562,681.623597155303,NA,NA
"1220",1994,"L-02",6509.5238453094,718.679444461292,NA,NA
"1221",1994,"L-03",6512.02422325958,756.632445897143,NA,NA
"1222",1994,"L-18",6505.70781573145,646.338107423626,85.1485888062061,85.1485888062061
"1223",1994,"L-19",6504.06844492973,607.148992410116,NA,NA
"1224",1994,"L-20",6502.06225645045,570.004992141821,105.251397856331,105.251397856331
"1225",1994,"L-21",6503.26827452119,532.641337830033,103.365422305781,103.365422305781
"1226",1994,"L-22",6503.25423809187,495.471212223052,67.1597104714015,67.1597104714015
"1227",1994,"L-23",6502.73161669592,457.544508548543,96.1259607303041,96.1259607303041
"1228",1994,"L-24",6504.04485642018,420.99971438064,64.9516313049581,64.9516313049581
"1229",1994,"L-25",6505.59879057694,384.160639281778,NA,NA
"1230",1994,"L-26",6506.97349895407,347.072880956824,NA,NA
"1231",1994,"L-28",6513.95874054309,276.760271192597,NA,NA
"1232",1994,"M-01",6544.22262212717,678.730962929479,NA,NA
"1233",1994,"M-18",6542.65508319591,641.868306881022,73.5884027601643,73.5884027601643
"1234",1994,"M-19",6541.82686422281,605.50323264217,NA,NA
"1235",1994,"M-20",6539.7057437813,567.367295293472,NA,NA
"1236",1994,"M-21",6540.82737328439,529.937090873908,101.479576469838,101.479576469838
"1237",1994,"M-22",6540.21614448668,493.2065464014,95.3441233033503,95.3441233033503
"1238",1994,"M-23",6539.45809370494,454.536207179462,99.2390395484046,99.2390395484046
"1239",1994,"M-24",6540.61998275984,417.643982482425,93.7719700203743,93.7719700203743
"1240",1994,"M-25",6542.55552192194,380.402232073093,NA,NA
"1241",1994,"M-26",6542.66738102813,343.480301471968,NA,NA
"1242",1994,"M-27",6544.35263345277,306.898066103832,NA,NA
"1243",1994,"M-28",6547.51252778595,270.025444368302,NA,NA
"1244",1994,"M-30",6552.47757229604,195.071144361684,78.2794957147942,78.2794957147942
"1245",1994,"M-31",6555.4244977237,157.39719425049,NA,NA
"1246",1994,"M-32",6559.00236386256,119.394847854565,NA,NA
"1247",1994,"N-01",6580.71359295379,675.455361308941,NA,NA
"1248",1994,"N-18",6580.08253814262,639.509010522259,NA,NA
"1249",1994,"N-19",6579.4565124837,600.753630615905,71.852113543394,71.852113543394
"1250",1994,"N-20",6577.12237485025,564.917277364646,90.8453784787068,90.8453784787068
"1251",1994,"N-21",6577.70676323638,526.387139695243,98.1233521413538,98.1233521413538
"1252",1994,"N-22",6577.37965822718,489.223598157933,101.921710045813,101.921710045813
"1253",1994,"N-23",6576.61343404284,452.505520553559,97.4002825505837,97.4002825505837
"1254",1994,"N-24",6577.83508529482,414.592187497261,100.984680799517,100.984680799517
"1255",1994,"N-25",6579.91380003814,377.427499039538,95.7780130972234,95.7780130972234
"1256",1994,"N-26",6581.01369857878,340.879867780552,NA,NA
"1257",1994,"N-27",6579.36949141196,301.491075860418,50.8433546059705,50.8433546059705
"1258",1994,"N-29",6586.0646821132,229.620539244899,59.5796844745117,59.5796844745117
"1259",1994,"N-30",6589.64149368613,193.738145465362,NA,NA
"1260",1994,"N-31",6592.99576708597,155.273760639913,NA,NA
"1261",1994,"O-01",6617.62950731619,670.280986272759,70.1310514844223,70.1310514844223
"1262",1994,"O-18",6614.72563213162,634.615273644295,66.0082996426743,66.0082996426743
"1263",1994,"O-19",6616.76678300589,597.80605549602,82.3179840681382,82.3179840681382
"1264",1994,"O-20",6614.2995294104,561.268857325225,NA,NA
"1265",1994,"O-21",6614.38540509393,524.013770952984,96.8272696528432,96.8272696528432
"1266",1994,"O-22",6614.59542684531,485.620862142236,NA,NA
"1267",1994,"O-23",6614.69931664965,449.218143169661,94.347795804296,94.347795804296
"1268",1994,"O-24",6615.32793430162,411.869329846984,100.596096602565,100.596096602565
"1269",1994,"O-25",6616.86339414517,373.866990421338,95.1190194451175,95.1190194451175
"1270",1994,"O-26",6617.04198752381,338.339600236126,58.762076609305,58.762076609305
"1271",1994,"O-27",6618.51443212016,305.493775880408,NA,NA
"1272",1994,"O-28",6621.92259551567,268.426799258805,52.2049117295032,52.2049117295032
"1273",1994,"O-29",6623.77022206991,226.300201456047,NA,NA
"1274",1994,"O-30",6627.11271106098,187.803293829687,85.781772332009,85.781772332009
"1275",1994,"O-31",6630.66820842528,152.81161630523,81.4486100290783,81.4486100290783
"1276",1994,"ON2524",6597.27066593578,393.598311516489,101.027333917558,101.027333917558
"1277",1994,"ON2625",6597.21891302001,357.768649123588,75.9088473963805,75.9088473963805
"1278",1994,"P-18",6653.81477668317,632.391820170287,NA,NA
"1279",1994,"P-19",6651.95389705244,593.818645578703,NA,NA
"1280",1994,"P-20",6650.56991337476,557.571931238223,83.1486453072077,83.1486453072077
"1281",1994,"P-21",6652.44382609159,520.715864054219,NA,NA
"1282",1994,"P-22",6652.79550485586,483.040327961476,NA,NA
"1283",1994,"P-23",6651.74432570494,445.821533911111,NA,NA
"1284",1994,"P-24",6652.89564616103,407.493368747316,101.248786112287,101.248786112287
"1285",1994,"P-25",6652.68582628641,371.416133153137,NA,NA
"1286",1994,"P-26",6654.91540616257,335.233490076543,70.381711172302,70.381711172302
"1287",1994,"P-27",6656.13272200353,299.756999160841,54.646246989858,54.646246989858
"1288",1994,"P-28",6659.19524380464,262.323362097843,49.4258475033433,49.4258475033433
"1289",1994,"P-29",6660.83757821352,224.970445448036,NA,NA
"1290",1994,"P-30",6665.12153405573,181.690751038339,65.8768851389942,65.8768851389942
"1291",1994,"P-31",6667.77020759732,152.169082562059,77.8436231062383,77.8436231062383
"1292",1994,"P-32",6671.91885046048,114.92402209027,NA,NA
"1293",1994,"PO2423",6632.87189436722,429.366639724529,NA,NA
"1294",1994,"PO2524",6635.41807810004,393.146062201081,99.3988361708068,99.3988361708068
"1295",1994,"PO2625",6636.66313084772,354.821079832223,NA,NA
"1296",1994,"PO2726",6636.59528895792,319.33587474683,53.1841825590262,53.1841825590262
"1297",1994,"Q-18",6689.59805235482,627.778801920948,NA,NA
"1298",1994,"Q-19",6689.21408878668,591.985700798081,NA,NA
"1299",1994,"Q-20",6685.72751628087,553.024580890089,NA,NA
"1300",1994,"Q-21",6688.72137546562,518.551683985981,NA,NA
"1301",1994,"Q-22",6688.14421949944,480.018680049963,NA,NA
"1302",1994,"Q-23",6688.78348618961,441.971329214327,NA,NA
"1303",1994,"Q-25",6690.80572098852,366.525273394753,NA,NA
"1304",1994,"Q-26",6691.47687056572,329.150432637041,94.8155278231642,94.8155278231642
"1305",1994,"Q-27",6693.41833008096,295.159650149908,63.9119752761576,63.9119752761576
"1306",1994,"Q-28",6696.3585342664,258.215561541729,74.1441553704658,74.1441553704658
"1307",1994,"Q-29",6698.87705423104,222.109415708547,63.4131088158824,63.4131088158824
"1308",1994,"Q-30",6702.31417969359,182.822763605044,51.2003320798956,51.2003320798956
"1309",1994,"Q-31",6706.89121263705,147.732926161895,79.6796714067459,79.6796714067459
"1310",1994,"QP2423",6670.81389876458,425.9355007861,95.3454368683655,95.3454368683655
"1311",1994,"QP2625",6668.76212414044,347.47620851048,95.0367785195391,95.0367785195391
"1312",1994,"QP2726",6674.68207322181,315.180942785491,86.2468587772525,86.2468587772525
"1313",1994,"R-22",6726.23166159309,476.111325357285,NA,NA
"1314",1994,"R-23",6725.78812071582,440.120165373825,NA,NA
"1315",1994,"R-24",6727.47366582545,403.598291878565,71.6914585667794,71.6914585667794
"1316",1994,"R-25",6728.3998418653,365.322276328764,NA,NA
"1317",1994,"R-26",6729.06536198811,328.765711490644,NA,NA
"1318",1994,"R-27",6731.81760624716,291.211402479678,92.6170869154188,92.6170869154188
"1319",1994,"R-28",6732.20400804319,258.535675737151,94.6299519138534,94.6299519138534
"1320",1994,"R-29",6736.33691929634,215.905356763623,96.0553118916442,96.0553118916442
"1321",1994,"R-30",6739.7231481316,183.445945836684,74.2445242605542,74.2445242605542
"1322",1994,"R-31",6743.66048294743,144.172321726442,99.6383513056996,99.6383513056996
"1323",1994,"R-32",6747.63501112866,108.011290768346,87.7402459663947,87.7402459663947
"1324",1994,"S-22",6762.96690485273,472.660369702562,NA,NA
"1325",1994,"S-23",6763.50120924578,436.1925346256,NA,NA
"1326",1994,"S-24",6763.91716547594,401.101620255657,76.1729829681727,76.1729829681727
"1327",1994,"S-25",6765.65976683812,363.962095830141,74.6352258306603,74.6352258306603
"1328",1994,"S-26",6769.25803854735,327.872266144798,71.5582868680946,71.5582868680946
"1329",1994,"S-27",6768.63977413264,289.767494216181,NA,NA
"1330",1994,"S-28",6772.68505132736,254.321436052631,92.631216602495,92.631216602495
"1331",1994,"S-29",6774.48006377693,214.596929284191,94.7251570367082,94.7251570367082
"1332",1994,"S-30",6776.1825129304,177.595901210668,96.4761720576176,96.4761720576176
"1333",1994,"S-31",6781.25614432856,141.405159030028,96.3223526105271,96.3223526105271
"1334",1994,"T-25",6803.67783361726,361.435974892387,NA,NA
"1335",1994,"T-26",6805.80440826986,321.755654397101,68.2870405721477,68.2870405721477
"1336",1994,"T-27",6805.36385211003,285.765354195151,NA,NA
"1337",1994,"T-28",6807.96446008811,250.692968098142,66.7102721927049,66.7102721927049
"1338",1994,"T-29",6812.06075396113,216.391019886774,76.827443594704,76.827443594704
"1339",1994,"T-30",6814.15437846215,180.389471082876,85.7393041347949,85.7393041347949
"1340",1994,"U-25",6840.93888033434,358.488537566533,NA,NA
"1341",1994,"U-26",6841.78584589199,317.926165347217,NA,NA
"1342",1994,"U-27",6843.0930798747,283.617184802443,NA,NA
"1343",1994,"U-28",6845.42095151747,247.04787657602,76.6747658782884,76.6747658782884
"1344",1994,"U-29",6849.12957107618,210.578893902273,76.9275420994372,76.9275420994372
"1345",1994,"V-25",6877.90422633721,355.707313985208,NA,NA
"1346",1994,"V-26",6880.08353621213,309.961241242514,NA,NA
"1347",1994,"V-27",6881.15290724575,281.402788097078,NA,NA
"1348",1994,"V-28",6882.91603576937,246.946385547583,NA,NA
"1349",1995,"C-05",6183.49748205182,864.658446399625,NA,NA
"1350",1995,"D-05",6221.10866528987,862.177598699661,71.9414816045526,71.9414816045526
"1351",1995,"E-05",6257.83412944502,858.764681908521,NA,NA
"1352",1995,"E-19",6246.80639675493,631.383022557637,56.2437716096632,56.2437716096632
"1353",1995,"E-21",6244.73248352263,557.856383330298,NA,NA
"1354",1995,"F-01",6284.73243557744,703.47723363486,NA,NA
"1355",1995,"F-03",6289.45412822855,780.008983089393,NA,NA
"1356",1995,"F-05",6294.82416392743,854.695494511365,NA,NA
"1357",1995,"F-18",6282.18749197221,665.782922700307,NA,NA
"1358",1995,"F-19",6281.973165893,627.390453335014,NA,NA
"1359",1995,"F-21",6280.90922136951,554.272119375441,NA,NA
"1360",1995,"F-23",6280.12231981862,477.649511324275,78.7395575002431,78.7395575002431
"1361",1995,"F-24",6280.05501276012,440.255008625909,NA,NA
"1362",1995,"F-25",6280.76467075803,401.374680507842,NA,NA
"1363",1995,"G-01",6321.94048347147,700.146897061726,64.2404322595583,64.2404322595583
"1364",1995,"G-02",6322.59602730288,737.630125839159,72.2860658161827,72.2860658161827
"1365",1995,"G-03",6327.00242618416,775.248891629019,76.4230680070588,76.4230680070588
"1366",1995,"G-04",6330.61984296609,812.060500724152,100.93377543732,100.93377543732
"1367",1995,"G-05",6332.35433224522,851.064303889524,101.054390095508,101.054390095508
"1368",1995,"G-06",6335.6310559633,887.507612967295,100.463129012185,100.463129012185
"1369",1995,"G-07",6339.34288733631,923.014219112265,98.3421179669076,98.3421179669076
"1370",1995,"G-18",6321.48426900594,660.544326388697,NA,NA
"1371",1995,"G-19",6319.09471218313,623.742061087169,59.3858136049125,59.3858136049125
"1372",1995,"G-20",6316.79777162108,586.533933888319,65.1194756607771,65.1194756607771
"1373",1995,"G-23",6318.74118360307,476.265347519851,83.4770751075149,83.4770751075149
"1374",1995,"G-24",6317.68193604515,436.172789427705,76.8734979392506,76.8734979392506
"1375",1995,"G-25",6317.82719465049,398.910269816004,98.703584909482,98.703584909482
"1376",1995,"GF1918",6300.80941030193,645.696190779807,56.5916831429168,56.5916831429168
"1377",1995,"GF2019",6299.79446663763,604.922087241403,55.435823016784,55.435823016784
"1378",1995,"GF2120",6299.08575308197,568.582494076292,NA,NA
"1379",1995,"GF2221",6300.97419342281,532.023376051705,NA,NA
"1380",1995,"H-01",6358.88126190973,698.474106710258,95.9439939999476,95.9439939999476
"1381",1995,"H-02",6360.54642958778,734.471426328534,99.508275624318,99.508275624318
"1382",1995,"H-03",6364.15876022022,772.072242623428,101.121682396367,101.121682396367
"1383",1995,"H-04",6367.64114264046,808.819348548324,NA,NA
"1384",1995,"H-05",6368.72307220005,846.509076746677,102.992983594032,102.992983594032
"1385",1995,"H-06",6372.21612533137,883.390004439027,100.502383019569,100.502383019569
"1386",1995,"H-07",6376.00183035113,919.43404771165,NA,NA
"1387",1995,"H-18",6357.51269619057,657.5447615779,70.5810891105794,70.5810891105794
"1388",1995,"H-19",6355.55896480689,621.598195155955,65.3147837268512,65.3147837268512
"1389",1995,"H-20",6355.96538390984,582.391506397001,71.8349994698578,71.8349994698578
"1390",1995,"H-22",6358.27600984958,506.38984001286,65.1670048497824,65.1670048497824
"1391",1995,"H-23",6355.63456789897,472.047165229565,70.2715677659865,70.2715677659865
"1392",1995,"H-24",6354.08794321083,434.836002654426,67.9405572000389,67.9405572000389
"1393",1995,"H-25",6355.5620695308,399.713794930694,NA,NA
"1394",1995,"HG1918",6338.71251812994,643.197181075143,NA,NA
"1395",1995,"HG2019",6338.50578139402,601.83383174093,57.5075087886658,57.5075087886658
"1396",1995,"I-01",6395.93552416323,693.07447505855,NA,NA
"1397",1995,"I-02",6396.93537004363,730.558520719133,NA,NA
"1398",1995,"I-03",6400.59713297293,768.661804465771,105.81143536015,105.81143536015
"1399",1995,"I-05",6405.65573015973,841.881189434002,NA,NA
"1400",1995,"I-06",6409.52466832801,880.631185119881,NA,NA
"1401",1995,"I-18",6393.26541435429,654.061025903883,NA,NA
"1402",1995,"I-19",6393.86163843888,614.574759146859,89.5990758003901,89.5990758003901
"1403",1995,"I-20",6394.68495069775,580.361615943625,77.9261796516039,77.9261796516039
"1404",1995,"I-21",6389.7157617174,542.409738439068,59.0862996029593,59.0862996029593
"1405",1995,"I-22",6392.21327718714,510.372890859482,NA,NA
"1406",1995,"I-23",6392.92523376654,468.750464182509,64.1409948053777,64.1409948053777
"1407",1995,"I-24",6393.1111562296,429.058177881516,64.3446753870479,64.3446753870479
"1408",1995,"I-25",6393.94004138244,392.674030264056,85.7852556362064,85.7852556362064
"1409",1995,"I-26",6394.11364643488,357.272415845064,91.8337205306445,91.8337205306445
"1410",1995,"IH1918",6373.91241107341,635.025660383156,71.1799987962317,71.1799987962317
"1411",1995,"IH2019",6375.4247297504,598.154137111644,94.8055723904332,94.8055723904332
"1412",1995,"IH2120",6374.49650367327,561.108719546559,NA,NA
"1413",1995,"IH2221",6372.38871787621,527.800935249284,63.3660486981163,63.3660486981163
"1414",1995,"J-01",6433.22529921383,689.10175627928,NA,NA
"1415",1995,"J-02",6434.87947351667,726.337972162203,NA,NA
"1416",1995,"J-03",6437.41274748957,764.90432846481,100.667098882762,100.667098882762
"1417",1995,"J-04",6441.19627714867,801.146541260144,NA,NA
"1418",1995,"J-05",6442.61832732681,839.387294441726,NA,NA
"1419",1995,"J-18",6432.04806467747,651.617479972968,NA,NA
"1420",1995,"J-19",6430.96121117673,614.670920053246,88.2942689486828,88.2942689486828
"1421",1995,"J-20",6429.77267932926,576.592247346339,71.241218534765,71.241218534765
"1422",1995,"J-21",6427.86591298402,539.250340394591,59.5350995155555,59.5350995155555
"1423",1995,"J-22",6429.54572197522,502.991778245973,58.6215600510917,58.6215600510917
"1424",1995,"J-23",6428.83761552745,464.782174712582,72.2049209954247,72.2049209954247
"1425",1995,"J-24",6430.68011081211,427.316914958172,63.7996691028128,63.7996691028128
"1426",1995,"J-25",6428.78632476964,389.513110499998,68.9369843355834,68.9369843355834
"1427",1995,"J-26",6430.89757393719,354.134101505627,66.7979876609667,66.7979876609667
"1428",1995,"JI1918",6411.50970567142,634.496988201303,97.8495792365161,97.8495792365161
"1429",1995,"JI2019",6411.87908464438,597.728339825147,93.063608432019,93.063608432019
"1430",1995,"JI2120",6411.00576104678,557.352328754428,NA,NA
"1431",1995,"JI2221",6409.87021626694,522.90854925054,NA,NA
"1432",1995,"K-01",6469.91041719685,684.852141585016,NA,NA
"1433",1995,"K-02",6471.70470370972,722.535429946325,NA,NA
"1434",1995,"K-18",6469.56021735995,648.992316461156,NA,NA
"1435",1995,"K-19",6467.33059532489,609.99715748729,NA,NA
"1436",1995,"K-20",6466.15934327723,573.694742597777,71.3813031890076,71.3813031890076
"1437",1995,"K-21",6465.77891612579,535.552651900661,65.1991672993148,65.1991672993148
"1438",1995,"K-22",6465.89118568491,498.319974162818,75.5070410310513,75.5070410310513
"1439",1995,"K-23",6463.64791573851,463.097977652934,94.5933475378171,94.5933475378171
"1440",1995,"K-24",6467.07028346108,423.674244394471,NA,NA
"1441",1995,"K-25",6468.66880377816,386.633032452596,51.8914940906178,51.8914940906178
"1442",1995,"K-27",6470.82243174126,306.779198249456,54.3621367026832,54.3621367026832
"1443",1995,"L-01",6507.10530544477,680.818267309646,NA,NA
"1444",1995,"L-18",6505.74528121334,645.107540171252,NA,NA
"1445",1995,"L-19",6503.70346971938,606.982291945615,90.8121084076236,90.8121084076236
"1446",1995,"L-20",6503.3357747777,569.039509161318,86.6351856615977,86.6351856615977
"1447",1995,"L-21",6503.67423653808,532.850503547095,64.358060730102,64.358060730102
"1448",1995,"L-22",6501.67137260913,496.672819299421,66.7652943523427,66.7652943523427
"1449",1995,"L-23",6503.54255633722,459.129654503615,92.5432058923014,92.5432058923014
"1450",1995,"L-24",6503.93105801138,420.954468218048,63.0380290579648,63.0380290579648
"1451",1995,"L-25",6502.46250722087,385.422362214988,NA,NA
"1452",1995,"L-26",6504.77573024885,347.733379398436,54.5340433297636,54.5340433297636
"1453",1995,"L-27",6508.82412647883,310.482250558097,NA,NA
"1454",1995,"M-01",6546.25840565001,678.852028601065,NA,NA
"1455",1995,"M-18",6543.31447499384,641.116608119196,NA,NA
"1456",1995,"M-19",6542.22236342334,604.464787390322,NA,NA
"1457",1995,"M-20",6542.35889056456,566.163660240056,NA,NA
"1458",1995,"M-21",6540.72114919553,529.881047212857,NA,NA
"1459",1995,"M-22",6538.8731365583,493.273709530516,75.7952542612971,75.7952542612971
"1460",1995,"M-23",6540.91487552984,455.66364634785,NA,NA
"1461",1995,"M-24",6542.29914490034,417.928758211279,68.1250039399524,68.1250039399524
"1462",1995,"M-25",6541.39626207415,381.260190759728,54.3372620172683,54.3372620172683
"1463",1995,"M-26",6542.43706104319,344.621766959951,NA,NA
"1464",1995,"M-27",6546.86644238061,305.164322125513,83.8363779670883,83.8363779670883
"1465",1995,"M-28",6547.61337722276,270.326032648014,NA,NA
"1466",1995,"M-29",6549.57041901074,228.170917485447,NA,NA
"1467",1995,"M-30",6553.3910666121,195.24863918877,NA,NA
"1468",1995,"N-18",6579.52897518517,637.906604940312,NA,NA
"1469",1995,"N-19",6577.24364638708,600.470558376067,NA,NA
"1470",1995,"N-20",6577.22022866361,563.361267569905,82.0078446685786,82.0078446685786
"1471",1995,"N-21",6577.91429472086,527.075463889781,NA,NA
"1472",1995,"N-22",6576.30538885609,489.91512427208,NA,NA
"1473",1995,"N-23",6578.90931127487,453.039670415759,88.4405215086357,88.4405215086357
"1474",1995,"N-24",6578.21214389572,414.592718337644,75.0234709785234,75.0234709785234
"1475",1995,"N-25",6580.63493240447,377.646910984492,61.1269209696938,61.1269209696938
"1476",1995,"N-26",6580.49256037199,340.997525005749,NA,NA
"1477",1995,"N-27",6582.12734425152,304.145734775004,57.9178100714362,57.9178100714362
"1478",1995,"N-28",6584.89794682253,267.192572408325,57.83061164599,57.83061164599
"1479",1995,"N-29",6586.24191014909,229.876751583047,74.4602034810912,74.4602034810912
"1480",1995,"N-30",6591.8825939373,193.929074277361,86.1614716894664,86.1614716894664
"1481",1995,"N-31",6591.61787854642,155.205657058223,NA,NA
"1482",1995,"O-18",6617.64459929207,635.5361883973,NA,NA
"1483",1995,"O-19",6616.00418196244,597.380230872843,NA,NA
"1484",1995,"O-20",6614.92705913568,558.372861738722,83.8809539969223,83.8809539969223
"1485",1995,"O-21",6614.58197970823,523.842091925885,NA,NA
"1486",1995,"O-22",6614.3867629622,486.633285662547,NA,NA
"1487",1995,"O-23",6615.37395392722,449.734870288166,87.4734725057558,87.4734725057558
"1488",1995,"O-24",6616.10040653517,411.779634409885,NA,NA
"1489",1995,"O-25",6615.63109638567,374.985947983083,87.7243065240225,87.7243065240225
"1490",1995,"O-26",6617.10132187528,338.579125587715,67.1496717284694,67.1496717284694
"1491",1995,"O-27",6619.51396840326,305.967130930296,55.2595889848315,55.2595889848316
"1492",1995,"O-28",6621.91975494156,269.3559273031,54.8266082672945,54.8266082672945
"1493",1995,"O-29",6624.1981387183,225.860880507658,77.0625430310727,77.0625430310727
"1494",1995,"O-30",6628.1129647699,188.77925454941,94.3205865541637,94.3205865541637
"1495",1995,"O-31",6629.00572032471,154.959329481116,NA,NA
"1496",1995,"ON2524",6596.12666288839,392.217906560783,69.5102588758812,69.5102588758812
"1497",1995,"ON2625",6598.9918712815,359.45647246985,67.107955081837,67.107955081837
"1498",1995,"P-18",6654.04561732343,632.208531665856,NA,NA
"1499",1995,"P-19",6648.15010104494,594.012838683542,NA,NA
"1500",1995,"P-20",6654.64199172551,556.224619619339,77.1654207365682,77.1654207365682
"1501",1995,"P-21",6650.80247047106,523.012436839157,79.8856051233781,79.8856051233781
"1502",1995,"P-22",6651.54539300249,483.159799515839,NA,NA
"1503",1995,"P-23",6653.09001548184,446.266511383851,NA,NA
"1504",1995,"P-24",6653.26128591471,408.669947327844,NA,NA
"1505",1995,"P-25",6654.07713594947,373.371559558228,91.7288234405046,91.7288234405046
"1506",1995,"P-26",6655.87595652924,335.83677555505,84.7395884205016,84.7395884205016
"1507",1995,"P-27",6658.31702308645,299.480453215093,76.6783831695411,76.6783831695411
"1508",1995,"P-28",6659.3930636447,262.31236399798,77.3513253288035,77.3513253288035
"1509",1995,"P-29",6660.01221958089,225.515065476679,82.8809274408688,82.8809274408688
"1510",1995,"P-30",6664.07649287523,181.467346240105,65.7102343196182,65.7102343196182
"1511",1995,"P-31",6666.52966181317,153.458993741305,78.745030383661,78.745030383661
"1512",1995,"P-32",6672.04263993604,112.178939550132,84.1531079743461,84.1531079743461
"1513",1995,"PO2423",6634.14269065934,430.438597428272,NA,NA
"1514",1995,"PO2524",6633.68126788665,391.768452857449,97.0879941053769,97.0879941053769
"1515",1995,"PO2625",6635.69791506605,355.731092232222,NA,NA
"1516",1995,"PO2726",6639.40676050045,317.762079958291,72.5272744724205,72.5272744724206
"1517",1995,"Q-18",6691.12264164479,629.223554429764,NA,NA
"1518",1995,"Q-19",6689.72724183419,591.966104874534,NA,NA
"1519",1995,"Q-20",6688.21883908225,552.145464167474,NA,NA
"1520",1995,"Q-21",6688.7462098547,517.609330587288,78.7237034299992,78.7237034299992
"1521",1995,"Q-22",6687.5381961713,480.044351876444,75.8440919005059,75.8440919005058
"1522",1995,"Q-23",6690.21271282204,441.723323195801,NA,NA
"1523",1995,"Q-25",6687.91985584256,367.452068709646,NA,NA
"1524",1995,"Q-26",6691.83965257568,331.294785473753,75.6004500936917,75.6004500936917
"1525",1995,"Q-27",6695.81708720116,294.235913760738,56.8841121711399,56.8841121711399
"1526",1995,"Q-28",6696.94228262801,257.870136817409,NA,NA
"1527",1995,"Q-29",6699.32618350551,222.106390821084,NA,NA
"1528",1995,"Q-30",6702.1573841779,183.990288539841,74.4335739972057,74.4335739972057
"1529",1995,"Q-31",6705.07215480978,147.677078198385,93.2378925300494,93.2378925300494
"1530",1995,"QP2423",6670.88033518116,426.453358138065,NA,NA
"1531",1995,"QP2625",6668.82096160499,347.5225999018,69.9280818339682,69.9280818339682
"1532",1995,"QP2726",6676.51632127797,312.752881285724,85.4830558802821,85.4830558802821
"1533",1995,"R-22",6727.02903109083,475.880612366718,NA,NA
"1534",1995,"R-23",6727.72599898564,438.826952343579,NA,NA
"1535",1995,"R-24",6727.59421167256,402.744057460622,NA,NA
"1536",1995,"R-25",6727.32685603711,365.143307899154,NA,NA
"1537",1995,"R-26",6730.32236428873,330.058077249595,NA,NA
"1538",1995,"R-27",6732.81934478059,292.838760303161,64.655661149055,64.655661149055
"1539",1995,"R-28",6734.62482994387,256.875422817606,80.2572287961598,80.2572287961598
"1540",1995,"R-29",6737.71582206169,215.969793412428,95.0207390319916,95.0207390319916
"1541",1995,"R-30",6740.04568650536,182.629980159195,69.5636192075611,69.5636192075611
"1542",1995,"R-31",6742.04081430227,145.167889818782,97.176909275526,97.176909275526
"1543",1995,"R-32",6748.69898766694,107.732869861055,82.0205755107427,82.0205755107427
"1544",1995,"S-22",6761.96817138121,473.783663424102,NA,NA
"1545",1995,"S-23",6763.7833514567,438.571362275212,NA,NA
"1546",1995,"S-24",6764.69295631312,401.97760002481,NA,NA
"1547",1995,"S-25",6765.34888086747,364.306109890425,NA,NA
"1548",1995,"S-26",6766.76682192923,328.772134118946,NA,NA
"1549",1995,"S-27",6768.17904413103,290.278814599223,NA,NA
"1550",1995,"S-28",6771.62930643659,254.777495173828,NA,NA
"1551",1995,"S-29",6775.99994045379,214.732029157512,NA,NA
"1552",1995,"S-30",6776.83700395592,177.278502415794,80.5947427384175,80.5947427384175
"1553",1995,"S-31",6780.71724096502,141.946303156337,93.3827144385869,93.3827144385869
"1554",1995,"T-25",6803.10278663248,361.793732869578,NA,NA
"1555",1995,"T-26",6804.13167337238,321.857292145067,NA,NA
"1556",1995,"T-27",6806.42319693869,286.1710803612,NA,NA
"1557",1995,"T-28",6808.88001455494,251.119541345764,NA,NA
"1558",1995,"T-29",6812.07005859945,217.115357267492,NA,NA
"1559",1995,"T-30",6813.13254084213,181.621993445196,71.9571000123613,71.9571000123613
"1560",1995,"U-25",6841.83953124321,359.069109424667,NA,NA
"1561",1995,"U-26",6840.53635137779,319.040726080004,NA,NA
"1562",1995,"U-27",6844.27063077505,284.472538326947,NA,NA
"1563",1995,"U-28",6847.38234062559,247.099258915319,NA,NA
"1564",1995,"U-29",6849.37921769276,210.94300112567,NA,NA
"1565",1995,"V-25",6876.85826251571,355.768530505566,NA,NA
"1566",1995,"V-26",6879.49930876313,315.705442900285,NA,NA
"1567",1995,"V-27",6879.44308755028,281.563444985086,NA,NA
"1568",1995,"V-28",6883.69402836168,248.035731938345,NA,NA
"1569",1996,"C-01",6173.80158441091,714.658173858174,NA,NA
"1570",1996,"C-06",6186.95508703558,902.567995740589,NA,NA
"1571",1996,"C-07",6192.041204283,936.251981939204,NA,NA
"1572",1996,"C-18",6172.67942522147,676.652539986842,NA,NA
"1573",1996,"D-01",6210.68923730978,710.308682857768,NA,NA
"1574",1996,"D-02",6214.02598168438,750.169098933389,NA,NA
"1575",1996,"D-07",6226.75760633736,936.84770873026,NA,NA
"1576",1996,"D-18",6210.14895220746,671.785025690273,NA,NA
"1577",1996,"E-02",6250.97284427051,744.894083879571,NA,NA
"1578",1996,"E-06",6261.21927106942,896.382384061921,NA,NA
"1579",1996,"E-07",6265.93848078527,931.546022504598,NA,NA
"1580",1996,"E-18",6242.69591978601,670.981090410587,NA,NA
"1581",1996,"E-19",6246.13183163521,630.618569511539,52.7357748873207,52.7357748873207
"1582",1996,"E-22",6242.84355857495,519.429286569673,NA,NA
"1583",1996,"F-01",6285.13890088685,704.373544438845,NA,NA
"1584",1996,"F-02",6287.84005971575,740.980453751465,NA,NA
"1585",1996,"F-03",6292.78832656822,781.547789702158,82.623425222422,82.623425222422
"1586",1996,"F-04",6289.89702241265,817.044417757637,NA,NA
"1587",1996,"F-05",6295.22784058209,854.052027343596,NA,NA
"1588",1996,"F-06",6298.0766506502,891.49632953771,NA,NA
"1589",1996,"F-07",6300.64094718481,928.398700723896,NA,NA
"1590",1996,"F-08",6306.04818100745,966.36236059363,NA,NA
"1591",1996,"F-09",6307.47702364451,1002.02064760903,NA,NA
"1592",1996,"F-18",6284.11926001465,665.897487276213,48.1833804767273,48.1833804767273
"1593",1996,"F-20",6282.85458596341,591.278713920634,NA,NA
"1594",1996,"F-21",6282.41526962805,553.04042073292,NA,NA
"1595",1996,"F-22",6280.81960910844,517.119275078188,NA,NA
"1596",1996,"F-23",6280.24882613564,479.020682598899,NA,NA
"1597",1996,"F-24",6280.11933350518,440.981800230904,NA,NA
"1598",1996,"G-02",6325.00804035897,737.450725008332,85.676500829912,85.676500829912
"1599",1996,"G-03",6327.43451545695,776.119734429348,101.078299585358,101.078299585358
"1600",1996,"G-04",6330.2453117162,813.027532210717,108.544275664615,108.544275664615
"1601",1996,"G-05",6332.98931134528,851.623909394935,101.614363669245,101.614363669245
"1602",1996,"G-06",6335.20229542815,888.374676953247,90.089807498984,90.089807498984
"1603",1996,"G-07",6339.26993196767,924.738050980543,73.7924515373232,73.7924515373232
"1604",1996,"G-09",6345.83057436822,997.739859973858,61.5748035474395,61.5748035474395
"1605",1996,"G-18",6321.49966067397,661.914136218188,NA,NA
"1606",1996,"G-19",6317.82207068194,624.261918839871,71.1938952168181,71.1938952168181
"1607",1996,"G-20",6318.84062581947,587.917664890404,100.538118876131,100.538118876131
"1608",1996,"G-21",6318.39907109051,552.08189986727,NA,NA
"1609",1996,"G-22",6317.11195872567,512.856060259504,NA,NA
"1610",1996,"G-23",6317.34422568348,475.018338090743,NA,NA
"1611",1996,"GF1918",6301.91211962221,645.321849300818,56.2332716968785,56.2332716968785
"1612",1996,"GF2019",6300.42494510745,603.949406901362,92.2669263131796,92.2669263131796
"1613",1996,"GF2120",6300.78798223054,566.619300099894,100.295529843158,100.295529843158
"1614",1996,"GF2221",6300.83329414573,530.904909172604,NA,NA
"1615",1996,"H-01",6358.12818801631,697.254466213681,98.283070446825,98.283070446825
"1616",1996,"H-02",6361.47265215007,733.801072250481,101.543430421886,101.543430421886
"1617",1996,"H-03",6362.70370922424,770.92028855944,106.432428623105,106.432428623105
"1618",1996,"H-04",6365.87569431075,808.685704256665,109.946902524776,109.946902524776
"1619",1996,"H-05",6366.92325833183,847.199185827874,100.357191060156,100.357191060156
"1620",1996,"H-06",6372.19714765141,884.134543884628,91.4639555233911,91.4639555233911
"1621",1996,"H-07",6376.74974918427,920.900131945722,86.9430794926578,86.9430794926578
"1622",1996,"H-18",6357.4092565285,659.349594743157,97.9350565972278,97.9350565972278
"1623",1996,"H-20",6356.04262876231,583.402093611759,98.5427989409167,98.5427989409167
"1624",1996,"H-22",6355.8974479852,509.465311033738,64.9498754269988,64.9498754269988
"1625",1996,"H-23",6355.01048015116,470.708581328615,NA,NA
"1626",1996,"H-24",6354.60060483843,435.050409312114,NA,NA
"1627",1996,"H-25",6357.36967292408,390.807997151414,NA,NA
"1628",1996,"HG1918",6338.60439404099,643.931180122748,NA,NA
"1629",1996,"HG2019",6336.35428934345,601.995924101307,92.0947777511475,92.0947777511475
"1630",1996,"HG2221",6336.35887345706,530.614469133948,NA,NA
"1631",1996,"I-01",6393.60176265019,693.739653159349,101.462590327665,101.462590327665
"1632",1996,"I-02",6398.40028232505,730.331110901401,107.760879561994,107.760879561994
"1633",1996,"I-03",6401.43278839242,767.802072154884,111.138358404207,111.138358404207
"1634",1996,"I-04",6403.58060769044,804.813942608572,105.379068128743,105.379068128743
"1635",1996,"I-05",6406.57095660306,843.334723046561,95.7952471592276,95.7952471592276
"1636",1996,"I-18",6394.34281468266,655.379843835036,102.476181960779,102.476181960779
"1637",1996,"I-19",6392.5207440745,617.379985553738,99.7887202772113,99.7887202772113
"1638",1996,"I-20",6392.32938514312,580.484537493714,93.5920042768038,93.5920042768038
"1639",1996,"I-21",6392.26389268248,543.89084071859,86.5694476985385,86.5694476985385
"1640",1996,"I-22",6391.76484123941,504.389719105942,66.6526057496547,66.6526057496547
"1641",1996,"I-23",6392.02985730271,468.142515559863,56.7235109479177,56.7235109479177
"1642",1996,"I-24",6393.69649588041,430.198782383346,NA,NA
"1643",1996,"I-25",6392.30563339529,393.174184548642,NA,NA
"1644",1996,"I-26",6394.59578601613,356.919281938151,NA,NA
"1645",1996,"IH1918",6375.47343281171,635.265354717802,98.1737298853531,98.1737298853531
"1646",1996,"IH2019",6374.90366235393,598.597717252547,93.5545649330496,93.5545649330496
"1647",1996,"IH2120",6375.06148043249,560.432158041225,92.0027323655796,92.0027323655796
"1648",1996,"IH2221",6374.92266391909,525.437104360584,77.9856369913594,77.9856369913594
"1649",1996,"J-01",6432.57633556045,688.205889595424,99.3839597617176,99.3839597617176
"1650",1996,"J-02",6435.65349755285,726.272701558254,100.784734838769,100.784734838769
"1651",1996,"J-03",6437.15023175839,763.901913411153,102.06747126135,102.06747126135
"1652",1996,"J-04",6440.5788825209,801.458799549232,NA,NA
"1653",1996,"J-18",6431.3387206021,651.397392529471,98.7653226110616,98.7653226110616
"1654",1996,"J-19",6429.89310268619,613.6647184351,NA,NA
"1655",1996,"J-20",6428.61687986425,576.744225326911,97.8355943161846,97.8355943161846
"1656",1996,"J-21",6429.64069669819,538.277219964418,92.6399858613714,92.6399858613714
"1657",1996,"J-22",6429.44902014731,501.15034791097,72.3672233275894,72.3672233275894
"1658",1996,"J-23",6429.10003283263,465.011171632006,69.5143746586124,69.5143746586124
"1659",1996,"J-24",6429.84908693089,426.390506776691,73.6712785648852,73.6712785648852
"1660",1996,"J-25",6430.7715066469,389.225655064173,NA,NA
"1661",1996,"JI1918",6412.2561515818,634.062218000387,103.32849335434,103.32849335434
"1662",1996,"JI2019",6409.54444717199,597.306977043635,100.660231774815,100.660231774815
"1663",1996,"JI2120",6410.71448498089,560.644353457576,93.5761056122123,93.5761056122123
"1664",1996,"JI2221",6409.81909383197,522.629703626283,77.1933259782921,77.1933259782921
"1665",1996,"K-01",6471.46786780297,683.475146587649,100.82897832823,100.82897832823
"1666",1996,"K-02",6472.43376399968,723.232154632512,NA,NA
"1667",1996,"K-03",6475.94376477525,760.136355128574,93.520439613753,93.520439613753
"1668",1996,"K-18",6468.26947687218,648.943839524232,102.506633599956,102.506633599956
"1669",1996,"K-19",6466.04563389105,609.938077312751,101.284749504701,101.284749504701
"1670",1996,"K-20",6466.87073694984,573.741766875995,98.2374748107247,98.2374748107247
"1671",1996,"K-21",6465.79979193622,535.148951822215,91.7984245103501,91.7984245103501
"1672",1996,"K-22",6466.70872649737,499.053608093116,87.956038005073,87.956038005073
"1673",1996,"K-23",6466.34935475851,461.108870981593,68.1458948185858,68.1458948185858
"1674",1996,"K-24",6467.03718959053,424.408909009,92.2471683913774,92.2471683913774
"1675",1996,"K-25",6466.87281964341,386.639063720886,NA,NA
"1676",1996,"K-26",6467.67887438723,348.757425680065,NA,NA
"1677",1996,"L-01",6508.29881235198,681.160842787123,NA,NA
"1678",1996,"L-02",6509.63647538625,719.133450840895,NA,NA
"1679",1996,"L-18",6505.47221386377,645.345926085451,NA,NA
"1680",1996,"L-19",6504.77328251243,607.942311341077,NA,NA
"1681",1996,"L-20",6503.86390224554,570.080494396676,100.03609218904,100.03609218904
"1682",1996,"L-21",6502.99724205127,532.520919472497,98.0760997339446,98.0760997339446
"1683",1996,"L-22",6502.74514975955,494.77595516631,80.2745660259487,80.2745660259487
"1684",1996,"L-23",6503.33878223509,459.076466481086,59.2854186960405,59.2854186960405
"1685",1996,"L-24",6504.65282652384,420.487656327734,62.5325218891135,62.5325218891135
"1686",1996,"L-25",6503.88341889072,384.147848059289,NA,NA
"1687",1996,"L-26",6506.27174703358,347.08939519775,NA,NA
"1688",1996,"L-30",6514.66705384976,198.46290826364,NA,NA
"1689",1996,"M-18",6542.70167109473,641.696369085486,NA,NA
"1690",1996,"M-19",6540.53171770794,602.707776260467,NA,NA
"1691",1996,"M-20",6540.36488531116,567.799391861731,98.8900780198409,98.8900780198409
"1692",1996,"M-21",6540.30933833308,530.473716345137,99.5712281960981,99.5712281960981
"1693",1996,"M-22",6541.30124165817,492.613164275944,98.6457879585791,98.6457879585791
"1694",1996,"M-23",6539.65803969599,454.578801139001,69.5323309161858,69.5323309161858
"1695",1996,"M-24",6540.35172203126,417.324680026649,NA,NA
"1696",1996,"M-25",6541.75035122509,380.674950005464,NA,NA
"1697",1996,"M-26",6545.04634556222,343.206241224994,NA,NA
"1698",1996,"M-27",6546.37414687871,305.029118231884,54.6718344978849,54.6718344978849
"1699",1996,"M-28",6546.51349116161,269.468111041767,58.9316378967769,58.9316378967769
"1700",1996,"M-29",6550.12702188201,227.241436938725,NA,NA
"1701",1996,"M-32",6558.81088089386,120.716773025683,NA,NA
"1702",1996,"N-18",6579.77997478503,638.004522974265,NA,NA
"1703",1996,"N-20",6577.8950989253,565.678803526396,NA,NA
"1704",1996,"N-21",6577.47444941968,526.686885955453,95.691163216152,95.691163216152
"1705",1996,"N-22",6577.13962167579,489.051086501983,93.0960592631722,93.0960592631722
"1706",1996,"N-23",6577.61402736061,452.199417885909,98.9477500403842,98.9477500403842
"1707",1996,"N-24",6577.62547813737,414.378270055154,71.059422903879,71.0594229038791
"1708",1996,"N-25",6579.79602807151,377.399493014649,NA,NA
"1709",1996,"N-26",6580.95593491118,341.259906113587,NA,NA
"1710",1996,"N-27",6578.12791642131,303.361330739848,NA,NA
"1711",1996,"N-28",6584.82263093407,267.101242988222,45.6414153128082,45.6414153128082
"1712",1996,"N-29",6589.18547598892,218.339288160209,NA,NA
"1713",1996,"N-31",6592.68528417841,154.707516590513,NA,NA
"1714",1996,"O-18",6616.55901503876,633.929564015011,NA,NA
"1715",1996,"O-20",6614.75066276209,561.643792663943,96.638819812313,96.638819812313
"1716",1996,"O-21",6614.21317829796,523.372018851186,92.7565198678302,92.7565198678302
"1717",1996,"O-22",6613.94519993422,486.02629227049,NA,NA
"1718",1996,"O-23",6615.05302275303,449.955063112458,95.7885654400683,95.7885654400683
"1719",1996,"O-24",6614.90516904508,411.821599807579,89.3470174777747,89.3470174777747
"1720",1996,"O-25",6616.64221514875,373.535916940379,91.0286322851196,91.0286322851196
"1721",1996,"O-26",6615.87282419861,338.109272069262,81.3768947602835,81.3768947602835
"1722",1996,"O-27",6618.44740494671,307.639130178945,NA,NA
"1723",1996,"O-28",6621.45569714411,269.629699492763,49.2200797004984,49.2200797004984
"1724",1996,"O-29",6625.45573627404,226.306338386408,NA,NA
"1725",1996,"O-30",6627.41614066563,188.83705423569,61.8700551514122,61.8700551514122
"1726",1996,"O-31",6629.90824900764,153.767345617262,NA,NA
"1727",1996,"ON2524",6596.54537520961,394.467328858853,73.3074922178419,73.3074922178419
"1728",1996,"ON2625",6597.96818586369,358.664987592992,74.2678107018737,74.2678107018737
"1729",1996,"P-18",6653.20851465935,630.581139880846,NA,NA
"1730",1996,"P-19",6651.27129561474,594.64067898671,NA,NA
"1731",1996,"P-20",6652.66053430181,557.279971039906,89.748713805126,89.748713805126
"1732",1996,"P-21",6651.41074561661,520.393959563929,NA,NA
"1733",1996,"P-22",6651.18979306459,481.264638319177,94.1779855333612,94.1779855333612
"1734",1996,"P-23",6652.12526579849,446.546419921173,84.2877508439141,84.2877508439141
"1735",1996,"P-24",6652.87163258937,407.606870291255,95.9468886542025,95.9468886542025
"1736",1996,"P-25",6652.46729841562,372.623037025731,NA,NA
"1737",1996,"P-26",6654.56354378622,335.521360908278,95.5247502050582,95.5247502050582
"1738",1996,"P-27",6657.88915154107,299.049282211012,NA,NA
"1739",1996,"P-28",6659.9941217917,262.326009980483,55.0044363949652,55.0044363949652
"1740",1996,"P-29",6661.99083820418,224.870227009214,NA,NA
"1741",1996,"P-30",6663.5519116428,181.605560677595,59.0073422961407,59.0073422961407
"1742",1996,"P-31",6668.55558047361,153.418444478518,63.9694628221581,63.9694628221581
"1743",1996,"P-32",6671.89984457943,113.382582587817,NA,NA
"1744",1996,"PO2423",6634.52275682386,430.011844520432,93.574228587202,93.574228587202
"1745",1996,"PO2524",6635.27448858475,393.586887506869,89.1891601106973,89.1891601106973
"1746",1996,"PO2625",6635.3256618651,355.714659847368,94.8033295658923,94.8033295658923
"1747",1996,"PO2726",6638.29212185521,318.735648044547,89.2521850505522,89.2521850505522
"1748",1996,"Q-19",6687.47874100683,593.300831925773,NA,NA
"1749",1996,"Q-20",6689.27673101322,552.279953733341,NA,NA
"1750",1996,"Q-21",6689.02151840963,517.767555107396,NA,NA
"1751",1996,"Q-22",6689.03965130195,480.330560573238,NA,NA
"1752",1996,"Q-23",6688.99828248225,441.047246387189,72.6261419389197,72.6261419389197
"1753",1996,"Q-26",6691.67943148898,329.647218115475,NA,NA
"1754",1996,"Q-27",6694.74547582648,295.424745823513,NA,NA
"1755",1996,"Q-28",6696.86272365699,258.377035689239,65.2632254855836,65.2632254855836
"1756",1996,"Q-29",6700.64878737044,222.457563992707,64.4455480555708,64.4455480555708
"1757",1996,"Q-30",6700.88120955018,185.77005819772,59.61510960241,59.61510960241
"1758",1996,"QP2423",6670.43889103865,426.080591086738,75.2499376841811,75.2499376841811
"1759",1996,"QP2524",6671.02788683404,389.276633202986,95.0806009842773,95.0806009842773
"1760",1996,"QP2625",6669.43635941281,348.128819216705,NA,NA
"1761",1996,"QP2726",6675.58745542808,313.858894914117,NA,NA
"1762",1996,"R-22",6727.16294153546,476.599917161192,NA,NA
"1763",1996,"R-23",6725.928908153,438.740840086482,NA,NA
"1764",1996,"R-24",6727.4147014561,402.460369007667,NA,NA
"1765",1996,"R-25",6728.49948783243,365.162469902132,67.7833606635304,67.7833606635304
"1766",1996,"R-26",6730.56650008901,328.970050550475,NA,NA
"1767",1996,"R-27",6731.22084358262,291.702818185944,67.1330508895587,67.1330508895587
"1768",1996,"R-28",6733.74071899628,256.750177818211,66.5582939735898,66.5582939735898
"1769",1996,"R-29",6737.85541846302,215.634408653862,76.4720817434996,76.4720817434996
"1770",1996,"R-30",6740.99853770791,182.691763048667,82.7504270646261,82.7504270646261
"1771",1996,"R-31",6742.89094240275,144.966239893739,97.5225049699116,97.5225049699116
"1772",1996,"R-32",6747.01564812835,108.13107872431,76.8902358450134,76.8902358450134
"1773",1996,"S-22",6763.04098038804,474.220225468419,69.7106341235311,69.7106341235311
"1774",1996,"S-23",6763.60124555385,437.014662931423,NA,NA
"1775",1996,"S-24",6764.15638390667,402.643751184933,78.767661402211,78.767661402211
"1776",1996,"S-25",6765.78607123938,365.970330277632,67.2053575420984,67.2053575420984
"1777",1996,"S-26",6766.35107598904,327.89085686958,61.1431030974545,61.1431030974545
"1778",1996,"S-27",6769.54337547318,290.183280472592,68.7505719690582,68.7505719690582
"1779",1996,"S-28",6770.2327757704,252.72208342107,76.6786639686948,76.6786639686948
"1780",1996,"S-29",6774.06354070325,214.837298885482,83.8500068173243,83.8500068173243
"1781",1996,"S-30",6777.1086414212,177.522803309773,NA,NA
"1782",1996,"S-31",6780.38188947203,142.156740238426,70.4444352843824,70.4444352843824
"1783",1996,"T-25",6801.72768302226,360.929594083514,63.6615548926506,63.6615548926506
"1784",1996,"T-26",6803.55952163242,336.143555510778,57.9743774382594,57.9743774382594
"1785",1996,"T-27",6807.88985083624,286.207918324476,60.7805967739684,60.7805967739684
"1786",1996,"T-28",6810.54096601753,250.952385989483,61.4132165663609,61.4132165663609
"1787",1996,"T-29",6811.66434944246,216.347708527097,70.8390229495214,70.8390229495214
"1788",1996,"T-30",6815.1109424312,181.206085589424,95.6318187725229,95.6318187725229
"1789",1996,"U-25",6840.01148435004,357.41043017404,60.8913575406801,60.8913575406801
"1790",1996,"U-26",6841.50950156324,317.897221797233,57.5794027395866,57.5794027395866
"1791",1996,"U-27",6845.19546853632,285.014155536152,57.4964548764991,57.4964548764991
"1792",1996,"U-28",6847.20193717667,247.10510052898,55.820389502276,55.820389502276
"1793",1996,"U-29",6849.58262567023,211.132178439447,63.4158424549792,63.4158424549792
"1794",1996,"V-25",6875.54012676407,356.172920436385,64.9741418566717,64.9741418566717
"1795",1996,"V-26",6879.92514902088,317.936992358231,62.3625298699839,62.3625298699839
"1796",1996,"V-27",6880.6226762699,281.189758786665,59.8036465603763,59.8036465603763
"1797",1996,"V-28",6883.53960054348,247.482057186635,57.451957871716,57.451957871716
"1798",1997,"A-03",6106.38852799019,797.560345584098,NA,NA
"1799",1997,"A-05",6108.48386809058,873.07048216723,NA,NA
"1800",1997,"B-02",6139.19749244068,755.9930008373,NA,NA
"1801",1997,"B-03",6143.4256597302,794.458707470872,NA,NA
"1802",1997,"B-05",6146.49094331143,869.261074512922,NA,NA
"1803",1997,"B-06",6152.78337577796,906.740935442304,NA,NA
"1804",1997,"C-03",6179.81459255881,789.801337403062,NA,NA
"1805",1997,"C-05",6181.68727886359,867.553576130001,NA,NA
"1806",1997,"C-07",6191.79399819994,939.888131484735,NA,NA
"1807",1997,"D-01",6210.19343526112,709.560836094746,NA,NA
"1808",1997,"D-02",6212.89003416483,748.520390232928,NA,NA
"1809",1997,"D-03",6215.43549036417,785.647575611601,59.970524677087,59.970524677087
"1810",1997,"D-05",6220.1786650895,863.061224350486,63.6616250769909,63.6616250769909
"1811",1997,"D-07",6229.84054482401,938.595197679039,NA,NA
"1812",1997,"D-09",6235.71719889436,1010.0494175036,NA,NA
"1813",1997,"E-01",6248.31608214906,706.5228007094,NA,NA
"1814",1997,"E-03",6256.05780112328,782.631549560691,57.0725621577593,57.0725621577593
"1815",1997,"E-04",6255.29229923491,820.990283316252,NA,NA
"1816",1997,"E-05",6258.24923540749,857.944615400894,62.3050506037582,62.3050506037582
"1817",1997,"E-06",6257.93915322687,896.213813195565,69.7378297665035,69.7378297665035
"1818",1997,"E-07",6264.65881327808,932.790519216027,49.5838765405762,49.5838765405762
"1819",1997,"E-09",6272.95740978841,1006.02124706832,NA,NA
"1820",1997,"E-21",6243.59177346361,556.133333408275,NA,NA
"1821",1997,"F-01",6284.07219065029,704.01341061684,NA,NA
"1822",1997,"F-03",6290.47722694543,779.385248410421,NA,NA
"1823",1997,"F-04",6290.99807113725,816.691836096413,NA,NA
"1824",1997,"F-05",6294.4440337537,852.904542050654,NA,NA
"1825",1997,"F-06",6298.42889102245,891.765264891394,NA,NA
"1826",1997,"F-07",6301.90335104386,928.225782451728,NA,NA
"1827",1997,"F-09",6309.92265110592,1003.45399728364,NA,NA
"1828",1997,"F-10",6314.9430127122,1039.43054847018,NA,NA
"1829",1997,"F-20",6281.87855465264,591.556781680207,NA,NA
"1830",1997,"F-21",6280.75723940671,552.517672049753,NA,NA
"1831",1997,"F-22",6279.96645377899,514.624340762111,NA,NA
"1832",1997,"F-23",6280.06450325192,477.742066171166,NA,NA
"1833",1997,"F-24",6277.59994105048,444.803668906006,92.9934484721789,92.9934484721789
"1834",1997,"G-01",6323.1578373363,700.130696334539,88.1750164194493,88.1750164194493
"1835",1997,"G-02",6324.11845934762,734.654917070992,89.8307350399378,89.8307350399378
"1836",1997,"G-03",6326.20686333303,775.20763786444,93.7990507818838,93.7990507818838
"1837",1997,"G-04",6329.13635962546,812.507315635469,NA,NA
"1838",1997,"G-05",6331.59580499228,850.715606195505,80.7965571421516,80.7965571421516
"1839",1997,"G-06",6336.00892162715,888.822343182318,NA,NA
"1840",1997,"G-07",6343.31754878991,926.025352614931,63.5493833944065,63.5493833944065
"1841",1997,"G-08",6343.29308443029,962.593163002305,NA,NA
"1842",1997,"G-10",6352.06459446468,1035.43580592463,NA,NA
"1843",1997,"G-11",6357.73936751027,1072.46990736883,81.1095586027834,81.1095586027834
"1844",1997,"G-13",6366.5792611498,1147.13439675268,NA,NA
"1845",1997,"G-19",6318.78599282552,623.586521738247,93.5245224236624,93.5245224236624
"1846",1997,"G-20",6318.33226472744,588.491751213774,101.389094049152,101.389094049152
"1847",1997,"G-21",6317.81018765618,550.188032040352,NA,NA
"1848",1997,"G-22",6318.41365473359,512.987767529087,NA,NA
"1849",1997,"G-24",6315.71628512015,436.941333708732,88.845705961786,88.845705961786
"1850",1997,"GF2019",6299.03278726639,603.517860927659,NA,NA
"1851",1997,"GF2120",6298.8661785887,566.746104770074,100.042883567301,100.042883567301
"1852",1997,"GF2221",6298.17899397439,532.808956094821,NA,NA
"1853",1997,"H-01",6357.74406471295,696.628716392369,103.990255446518,103.990255446518
"1854",1997,"H-02",6361.04671109763,733.698700431683,105.089415563416,105.089415563416
"1855",1997,"H-03",6364.29108238127,771.29117508854,104.07816227141,104.07816227141
"1856",1997,"H-04",6366.15861336704,808.68759479928,102.978792916243,102.978792916243
"1857",1997,"H-05",6368.39079128953,847.299257893148,98.6537515963254,98.6537515963254
"1858",1997,"H-06",6372.56490678333,884.001455915585,76.9280543604261,76.9280543604261
"1859",1997,"H-07",6377.7942228138,921.48278001843,82.0393901494829,82.0393901494829
"1860",1997,"H-12",6399.5882885304,1104.92514379727,NA,NA
"1861",1997,"H-18",6357.37887136218,658.379819274687,101.244504410201,101.244504410201
"1862",1997,"H-20",6354.91705042114,584.039035728836,104.341834185902,104.341834185902
"1863",1997,"H-22",6354.98192277547,509.264262306869,NA,NA
"1864",1997,"H-24",6355.71560491656,433.323057631828,NA,NA
"1865",1997,"H-25",6355.85148718852,401.811035474236,NA,NA
"1866",1997,"HG2019",6337.90961829883,600.800250593231,96.7102448355399,96.7102448355399
"1867",1997,"HG2120",6334.80487700237,567.912866563327,100.866348295604,100.866348295604
"1868",1997,"I-01",6394.13283019705,692.567261764579,109.43688961075,109.43688961075
"1869",1997,"I-02",6398.22429410149,729.807806348788,109.806285756046,109.806285756046
"1870",1997,"I-03",6400.08015164498,767.704841770702,105.775177690883,105.775177690883
"1871",1997,"I-04",6403.15799405416,804.175976647725,NA,NA
"1872",1997,"I-05",6405.95533753919,841.79910749515,NA,NA
"1873",1997,"I-06",6409.19711466617,879.748744264541,NA,NA
"1874",1997,"I-18",6394.52248855506,654.790968463576,105.723100819974,105.723100819974
"1875",1997,"I-19",6391.99851004027,617.903889380986,101.233495617397,101.233495617397
"1876",1997,"I-20",6391.24437958674,580.156935269793,100.439633946208,100.439633946208
"1877",1997,"I-21",6391.38917797962,542.040460121891,102.304505973798,102.304505973798
"1878",1997,"I-22",6391.50452039206,506.227499294903,99.8645603079252,99.8645603079252
"1879",1997,"I-23",6392.56658078988,468.484646801483,94.9535417339826,94.9535417339826
"1880",1997,"I-24",6392.47186982169,428.370637829537,69.3596003709082,69.3596003709082
"1881",1997,"IH1918",6374.53996793916,635.303586073427,100.194541558329,100.194541558329
"1882",1997,"IH2019",6373.90287106836,597.946513519143,100.466099717348,100.466099717348
"1883",1997,"IH2120",6373.8920472643,561.080336837978,102.263181434299,102.263181434299
"1884",1997,"IH2221",6372.07203606616,525.688720618055,NA,NA
"1885",1997,"J-01",6432.84617626077,688.501026941198,102.723930727663,102.723930727663
"1886",1997,"J-02",6435.02612116507,726.120222549798,101.74356503904,101.74356503904
"1887",1997,"J-03",6437.68018836924,764.49228105365,92.7409151020452,92.7409151020452
"1888",1997,"J-04",6440.21925574686,800.309298690221,NA,NA
"1889",1997,"J-07",6449.84645826586,910.263418244934,NA,NA
"1890",1997,"J-18",6431.17250351533,651.393047077649,103.767613837284,103.767613837284
"1891",1997,"J-19",6431.71522533843,613.536273365846,109.566742751182,109.566742751182
"1892",1997,"J-20",6429.9715529505,576.915642537349,103.328926696084,103.328926696084
"1893",1997,"J-21",6429.35974424662,539.100308097632,99.9823476338807,99.9823476338807
"1894",1997,"J-22",6429.01004781881,501.793534392727,99.641477996546,99.641477996546
"1895",1997,"J-23",6429.7420255315,464.492880702047,96.7874479325858,96.7874479325858
"1896",1997,"J-24",6430.7867939927,426.993501373086,NA,NA
"1897",1997,"JI1918",6412.26189720642,634.650403238126,105.702093362891,105.702093362891
"1898",1997,"JI2019",6411.25579774297,596.106494627925,104.381017328306,104.381017328306
"1899",1997,"JI2120",6410.25806727274,560.651537826207,96.6766304050099,96.6766304050099
"1900",1997,"JI2221",6408.74733031574,523.566046345528,NA,NA
"1901",1997,"K-01",6469.79931520094,685.477328375904,101.51676368188,101.51676368188
"1902",1997,"K-02",6472.69407234083,723.178656217451,84.9523095391188,84.9523095391188
"1903",1997,"K-03",6474.06072687691,760.487719359066,NA,NA
"1904",1997,"K-18",6468.80602578774,647.877009282113,104.181867297867,104.181867297867
"1905",1997,"K-19",6466.03363071443,610.584297720317,108.870169520579,108.870169520579
"1906",1997,"K-20",6466.81151099873,573.67142144228,106.901892132847,106.901892132847
"1907",1997,"K-21",6466.53127889985,535.143307842068,104.517386704651,104.517386704651
"1908",1997,"K-22",6464.92514171884,498.812155038624,100.748965604543,100.748965604543
"1909",1997,"K-23",6466.78747321435,461.852403381787,92.6614366592794,92.6614366592794
"1910",1997,"K-24",6466.67304632779,423.484097059333,71.7483629075249,71.7483629075249
"1911",1997,"K-25",6469.37854698436,386.84233011477,NA,NA
"1912",1997,"K-26",6469.28905640597,349.872152362656,NA,NA
"1913",1997,"L-01",6507.47680487159,681.920929194394,NA,NA
"1914",1997,"L-18",6506.00234762208,645.306078892323,NA,NA
"1915",1997,"L-19",6503.08436810904,608.461775269437,106.443285214121,106.443285214121
"1916",1997,"L-20",6503.99862511402,570.386987385816,102.676882839773,102.676882839773
"1917",1997,"L-21",6502.56442584435,529.998204647095,102.673909121582,102.673909121582
"1918",1997,"L-22",6501.68219132452,494.905955785027,98.599224661144,98.599224661144
"1919",1997,"L-23",6504.83008682477,456.436663578651,NA,NA
"1920",1997,"L-24",6503.85398875635,420.855716342459,73.0543935947706,73.0543935947706
"1921",1997,"L-25",6504.77671652051,383.670371545603,NA,NA
"1922",1997,"L-26",6507.16969158018,347.214115873031,NA,NA
"1923",1997,"L-28",6516.6500625248,266.302319348086,NA,NA
"1924",1997,"L-29",6510.5198233274,235.619953385589,NA,NA
"1925",1997,"L-30",6516.95982105724,198.245077408546,NA,NA
"1926",1997,"L-31",6517.88983693917,163.538706124081,NA,NA
"1927",1997,"M-01",6544.29284213427,677.914716671387,NA,NA
"1928",1997,"M-18",6542.37597578441,640.932880204357,NA,NA
"1929",1997,"M-19",6540.98125317429,604.912776634899,NA,NA
"1930",1997,"M-20",6540.53297129954,566.809446336812,103.624239470256,103.624239470256
"1931",1997,"M-21",6541.31342351514,531.737135310104,NA,NA
"1932",1997,"M-22",6538.45080553459,492.256785560183,101.159213217748,101.159213217748
"1933",1997,"M-23",6541.2699050084,454.822180964499,NA,NA
"1934",1997,"M-24",6541.89261499428,417.745398169273,98.8081099524883,98.8081099524883
"1935",1997,"M-25",6542.99127864837,380.900893339802,68.3644434083754,68.3644434083754
"1936",1997,"M-26",6543.12425550017,343.471039582206,61.7815178886966,61.7815178886966
"1937",1997,"M-29",6549.78951078723,227.422915196666,66.969772292965,66.969772292965
"1938",1997,"M-30",6552.12089769572,195.056280092862,NA,NA
"1939",1997,"M-31",6557.21011244662,158.524020075081,NA,NA
"1940",1997,"M-32",6558.67681892765,122.091829938657,NA,NA
"1941",1997,"N-18",6580.43845193072,638.958123951864,NA,NA
"1942",1997,"N-19",6579.28992548868,600.248706299485,NA,NA
"1943",1997,"N-20",6577.84126555447,564.129059183886,102.739724461983,102.739724461983
"1944",1997,"N-21",6576.67813809213,524.358474983345,97.4355814782092,97.4355814782092
"1945",1997,"N-22",6575.94013218434,489.71039699594,94.8341282681066,94.8341282681066
"1946",1997,"N-23",6578.28670931359,452.954297166219,NA,NA
"1947",1997,"N-24",6578.63939821786,414.664379519951,99.5992344147512,99.5992344147512
"1948",1997,"N-25",6579.23702368212,376.940431184109,88.6704887434861,88.6704887434861
"1949",1997,"N-26",6580.86507093495,339.988757312114,64.7508612148775,64.7508612148775
"1950",1997,"N-28",6584.68552949114,266.283438073471,NA,NA
"1951",1997,"N-29",6586.2389835098,229.394321442852,NA,NA
"1952",1997,"N-30",6589.25704959154,194.265629494112,NA,NA
"1953",1997,"N-31",6593.80454370949,156.080422751863,NA,NA
"1954",1997,"O-20",6615.05292268851,560.784634600908,102.438913362899,102.438913362899
"1955",1997,"O-21",6615.06391232204,523.44584416365,99.3421112922668,99.3421112922668
"1956",1997,"O-22",6614.58472529141,485.223663572441,99.4474750333265,99.4474750333265
"1957",1997,"O-23",6615.54340713371,449.310441551638,NA,NA
"1958",1997,"O-24",6616.22796500765,411.19157961966,99.1959123675361,99.1959123675361
"1959",1997,"O-25",6617.6536430968,374.327370382914,98.431405219632,98.431405219632
"1960",1997,"O-26",6617.27009609231,338.724634944782,97.8349836548859,97.8349836548859
"1961",1997,"O-27",6619.94826450245,305.489438377168,63.4766747963855,63.4766747963855
"1962",1997,"O-28",6619.55537023243,270.320194331509,48.0509741336842,48.0509741336842
"1963",1997,"O-30",6627.32933325733,188.095686086216,55.3349558606439,55.3349558606439
"1964",1997,"O-31",6630.92942561166,153.885273600449,NA,NA
"1965",1997,"ON2524",6598.01633629029,392.510737515358,95.8247818874617,95.8247818874617
"1966",1997,"ON2625",6597.53418704245,358.749865410769,95.991513812032,95.991513812032
"1967",1997,"P-19",6652.35859161327,595.500399282986,NA,NA
"1968",1997,"P-20",6652.1636394121,557.451686201853,NA,NA
"1969",1997,"P-21",6650.75688964495,521.067606369811,NA,NA
"1970",1997,"P-22",6650.18550132712,483.05427411589,97.6623737922786,97.6623737922786
"1971",1997,"P-23",6650.87690146978,446.414503016944,NA,NA
"1972",1997,"P-24",6652.53227486922,407.989816664103,NA,NA
"1973",1997,"P-25",6653.34679998653,373.007618452756,96.3706611622024,96.3706611622024
"1974",1997,"P-26",6655.22529276321,335.049352501104,94.1993035524075,94.1993035524075
"1975",1997,"P-27",6657.54602294037,299.090070188595,70.9541671999559,70.9541671999559
"1976",1997,"P-28",6660.11761182798,262.186363870939,NA,NA
"1977",1997,"P-29",6662.12610548894,226.586506824803,NA,NA
"1978",1997,"P-30",6665.86937796393,179.685934877212,NA,NA
"1979",1997,"P-31",6667.85436997831,152.540365192598,54.2676489700012,54.2676489700012
"1980",1997,"PO2423",6633.45543953466,428.907284503938,NA,NA
"1981",1997,"PO2524",6634.32744950501,392.327720165116,93.1075326285115,93.1075326285115
"1982",1997,"PO2625",6636.37736986398,354.830658160976,97.1094146431994,97.1094146431994
"1983",1997,"PO2726",6636.28834972116,317.640823282005,88.8972562773757,88.8972562773757
"1984",1997,"Q-19",6689.84862152668,592.403275529184,NA,NA
"1985",1997,"Q-20",6689.12549708318,553.485926353662,NA,NA
"1986",1997,"Q-21",6687.87367976209,518.743776371668,95.686942589601,95.686942589601
"1987",1997,"Q-22",6688.8138052484,481.781445487714,89.0032519240518,89.0032519240518
"1988",1997,"Q-23",6689.37005642941,440.824104710686,74.2525115279762,74.2525115279762
"1989",1997,"Q-25",6703.94694097245,364.451592630915,NA,NA
"1990",1997,"Q-26",6692.36506935268,330.932361660025,98.3846561748865,98.3846561748865
"1991",1997,"Q-28",6694.99119211447,257.756402061325,61.9276440258941,61.9276440258941
"1992",1997,"Q-29",6699.14238828836,221.885838516787,85.8177894854644,85.8177894854644
"1993",1997,"Q-31",6704.62850283974,147.462479238098,59.9432507240187,59.9432507240187
"1994",1997,"QP2423",6670.68922753934,426.95745640478,NA,NA
"1995",1997,"QP2524",6671.57178472889,387.899759414,99.9123135335517,99.9123135335517
"1996",1997,"QP2625",6667.79417425007,347.024485615356,95.2811595527406,95.2811595527406
"1997",1997,"QP2726",6674.31228947808,313.804315244738,95.4223292799244,95.4223292799244
"1998",1997,"R-22",6725.2413109433,476.730056810715,73.0436545893051,73.0436545893051
"1999",1997,"R-23",6726.96344331881,438.926262270626,67.1646909372936,67.1646909372936
"2000",1997,"R-24",6726.57406269706,402.517367907209,NA,NA
"2001",1997,"R-25",6728.1973674928,365.712634076189,NA,NA
"2002",1997,"R-26",6729.62032146598,328.964064204578,NA,NA
"2003",1997,"R-27",6731.13769534167,290.743950308267,66.5025911924815,66.5025911924815
"2004",1997,"R-28",6735.2873248574,256.406675419815,71.2365488952592,71.2365488952592
"2005",1997,"R-29",6737.38512150826,216.487304354104,94.0782677111348,94.0782677111348
"2006",1997,"R-30",6740.51919911784,182.97132876809,67.3542054370333,67.3542054370333
"2007",1997,"R-31",6743.85420382185,145.081486694381,94.9411553459378,94.9411553459378
"2008",1997,"R-32",6746.89298304542,107.347469720268,74.4993777250526,74.4993777250526
"2009",1997,"S-22",6762.25837268726,473.929979371327,NA,NA
"2010",1997,"S-23",6762.77633944804,437.419584318931,NA,NA
"2011",1997,"S-24",6764.38412464154,401.440671383009,NA,NA
"2012",1997,"S-25",6765.05597311183,365.466516959074,99.7425978536341,99.7425978536341
"2013",1997,"S-26",6767.69574920771,327.481548146608,97.1432497167055,97.1432497167055
"2014",1997,"S-27",6769.41789940733,288.522832052523,82.7409673186708,82.7409673186708
"2015",1997,"S-28",6769.61865018005,253.652187854994,91.0863642533229,91.0863642533229
"2016",1997,"S-29",6773.87834844244,214.091150361475,99.2703624338707,99.2703624338707
"2017",1997,"S-30",6778.88306049804,177.66464929454,99.9123589257919,99.9123589257919
"2018",1997,"S-31",6776.7272914714,141.109963431432,96.1413236096297,96.1413236096297
"2019",1997,"T-25",6802.51102662757,362.053448541568,NA,NA
"2020",1997,"T-26",6804.35891456917,321.548032200008,NA,NA
"2021",1997,"T-27",6806.92322932037,284.532890974152,92.7268220448442,92.7268220448442
"2022",1997,"T-28",6809.13890989899,250.031991716414,84.761595972964,84.761595972964
"2023",1997,"T-29",6812.07545704474,216.423386159825,94.6613051804631,94.6613051804631
"2024",1997,"T-30",6813.35628552221,180.524744676123,97.6561973385329,97.6561973385329
"2025",1997,"U-25",6839.89453079533,358.596940641385,NA,NA
"2026",1997,"U-26",6841.93817660351,318.274493557214,NA,NA
"2027",1997,"U-27",6842.33594282592,283.785176230436,91.3102645931708,91.3102645931708
"2028",1997,"U-28",6846.06891579213,246.931627263411,NA,NA
"2029",1997,"U-29",6848.85985523142,211.050879515398,96.3349839443663,96.3349839443663
"2030",1997,"V-25",6877.21559174446,355.404314049303,NA,NA
"2031",1997,"V-26",6877.48467395275,316.448126799077,NA,NA
"2032",1997,"V-27",6882.28543279277,281.915741409822,NA,NA
"2033",1997,"V-28",6884.6742289592,246.936833581658,97.4409676515501,97.4409676515501
"2034",1998,"A-02",6101.22123785114,759.287781522328,NA,NA
"2035",1998,"A-03",6105.12742131581,797.501044001274,NA,NA
"2036",1998,"A-04",6108.10504922708,835.549082939963,NA,NA
"2037",1998,"A-05",6109.85911297409,873.270204545052,NA,NA
"2038",1998,"B-01",6136.56783782964,718.651001720878,NA,NA
"2039",1998,"B-02",6139.15322292829,755.007285548265,NA,NA
"2040",1998,"B-03",6142.23611760177,794.35175326391,NA,NA
"2041",1998,"B-04",6143.54060249251,831.137293963746,NA,NA
"2042",1998,"B-06",6148.57058157178,906.348741516852,NA,NA
"2043",1998,"C-01",6174.32772781275,715.255482164002,NA,NA
"2044",1998,"C-02",6174.91474869505,753.973734799224,73.737376138436,73.737376138436
"2045",1998,"C-03",6178.8652678184,790.057024233866,NA,NA
"2046",1998,"C-04",6180.34183302175,826.433278971293,NA,NA
"2047",1998,"C-06",6184.29775171973,904.036852767697,NA,NA
"2048",1998,"C-18",6173.14552022731,677.333266887736,NA,NA
"2049",1998,"D-01",6210.47251661559,711.619643663507,95.8514718699855,95.8514718699855
"2050",1998,"D-02",6210.61400159599,747.579938340234,93.7458153286323,93.7458153286323
"2051",1998,"D-03",6215.21043555436,786.904315864614,74.4540058311647,74.4540058311647
"2052",1998,"D-04",6220.15494967062,824.193454012345,NA,NA
"2053",1998,"D-06",6225.14415631353,901.007842532679,NA,NA
"2054",1998,"D-08",6232.06350794293,973.913212043767,NA,NA
"2055",1998,"D-18",6208.09400289934,673.848300101692,67.7340098221867,67.7340098221867
"2056",1998,"E-01",6248.15279243803,707.199648088137,94.2176025249381,94.2176025249381
"2057",1998,"E-02",6248.68729316054,744.903087855726,74.7037294781027,74.7037294781027
"2058",1998,"E-03",6253.04496659672,783.515178552069,56.7984144882157,56.7984144882157
"2059",1998,"E-04",6255.70493142967,821.399208904278,NA,NA
"2060",1998,"E-06",6259.21683680787,895.569320233372,NA,NA
"2061",1998,"E-08",6269.30092823782,969.870226023923,NA,NA
"2062",1998,"E-18",6244.75133398788,670.829499404758,95.4015262664844,95.4015262664844
"2063",1998,"E-19",6244.98750729892,631.453452421182,89.1926663605569,89.1926663605569
"2064",1998,"E-21",6243.68839661475,557.451330364441,NA,NA
"2065",1998,"E-22",6242.7100414532,519.921511093279,NA,NA
"2066",1998,"F-01",6285.02217845289,702.921376157798,NA,NA
"2067",1998,"F-02",6288.85818820682,740.242147997668,NA,NA
"2068",1998,"F-03",6289.78404570863,780.183695944562,72.5702331914817,72.5702331914817
"2069",1998,"F-04",6290.61065332435,817.494981737347,NA,NA
"2070",1998,"F-05",6294.66653680273,854.148482364024,NA,NA
"2071",1998,"F-06",6297.24411666802,891.857728318777,75.0640858723773,75.0640858723773
"2072",1998,"F-08",6308.22667793432,964.907544120706,NA,NA
"2073",1998,"F-09",6310.15787799038,1002.74713257411,NA,NA
"2074",1998,"F-18",6283.91032974103,666.839857453879,100.90560430339,100.90560430339
"2075",1998,"F-19",6282.74046837495,629.046531437858,88.6469767166656,88.6469767166656
"2076",1998,"F-21",6282.07157985113,552.710195679924,NA,NA
"2077",1998,"F-22",6279.8456722393,515.99690126366,NA,NA
"2078",1998,"G-01",6321.62203316651,699.890242756283,72.4899678167935,72.4899678167935
"2079",1998,"G-02",6324.51586077945,736.639353774959,59.7812008146329,59.7812008146329
"2080",1998,"G-03",6326.91207854004,775.619586295747,60.6312307163718,60.6312307163718
"2081",1998,"G-04",6328.5607140714,811.869713466587,60.3550513568374,60.3550513568374
"2082",1998,"G-05",6331.96643973235,851.259374900636,NA,NA
"2083",1998,"G-06",6335.4907258142,888.172109122375,79.3068433977793,79.3068433977793
"2084",1998,"G-07",6339.36815416196,927.063551611714,NA,NA
"2085",1998,"G-08",6344.44079309887,961.886825208775,71.6348791586009,71.6348791586009
"2086",1998,"G-09",6347.08327521596,998.263633646551,NA,NA
"2087",1998,"G-18",6319.92133974986,661.832848252769,74.8374265742828,74.8374265742828
"2088",1998,"G-19",6319.24755119578,624.717077771458,83.5222780295822,83.5222780295822
"2089",1998,"G-20",6317.83753460076,588.267104765977,91.9594881292824,91.9594881292824
"2090",1998,"G-21",6317.78789054852,551.32316775646,78.5412248581617,78.5412248581617
"2091",1998,"G-25",6318.53880965447,399.276147067786,NA,NA
"2092",1998,"G-26",6320.32884178089,363.683805529817,NA,NA
"2093",1998,"GF1918",6302.01786759238,645.686679642945,96.0968554112678,96.0968554112678
"2094",1998,"GF2019",6300.30793881487,603.677624919172,88.125997993777,88.125997993777
"2095",1998,"GF2221",6299.37206956942,531.475544839942,64.6275391730891,64.6275391730891
"2096",1998,"H-01",6358.94807740133,695.985026001718,62.4843655911365,62.4843655911365
"2097",1998,"H-02",6361.63865832527,734.186781866635,59.1431072977752,59.1431072977752
"2098",1998,"H-03",6363.9060311748,771.806764443234,73.1444008690039,73.1444008690039
"2099",1998,"H-04",6365.18533113706,808.587027268772,73.3486791044497,73.3486791044497
"2100",1998,"H-05",6368.76156529831,845.650140074009,NA,NA
"2101",1998,"H-06",6371.88478231151,883.868599628513,86.9478387738726,86.9478387738726
"2102",1998,"H-18",6356.87729174115,659.496883474808,NA,NA
"2103",1998,"H-19",6357.76747114314,621.210157808168,NA,NA
"2104",1998,"H-20",6355.07510876439,583.545859194069,99.1497140589327,99.1497140589327
"2105",1998,"H-21",6354.30104277693,547.450710981291,NA,NA
"2106",1998,"H-22",6353.09562509755,508.779804953161,NA,NA
"2107",1998,"H-23",6355.25866896656,471.58741223813,87.6817450399838,87.6817450399838
"2108",1998,"H-24",6354.8357811713,434.12829824285,NA,NA
"2109",1998,"H-26",6357.04350451148,359.591473015329,NA,NA
"2110",1998,"HG1918",6338.15838557161,642.365369189317,NA,NA
"2111",1998,"HG2019",6336.45753372013,600.805204607445,75.7401251633146,75.7401251633146
"2112",1998,"HG2120",6334.0796987226,569.264491865021,NA,NA
"2113",1998,"I-01",6395.78635231677,692.577239733318,NA,NA
"2114",1998,"I-02",6396.17230486133,730.365470933161,95.6399600532451,95.6399600532451
"2115",1998,"I-03",6400.90763994577,768.184279303897,73.6823705958798,73.6823705958798
"2116",1998,"I-04",6403.56984349987,803.901467125675,75.8243131015597,75.8243131015597
"2117",1998,"I-05",6405.93046471367,842.165175741144,75.3251438976967,75.3251438976967
"2118",1998,"I-18",6394.12420850742,654.327823863658,88.6295852243969,88.6295852243969
"2119",1998,"I-19",6393.58812897831,616.792115428878,96.5704669875791,96.5704669875791
"2120",1998,"I-20",6392.48949521525,580.276077424594,100.494539158262,100.494539158262
"2121",1998,"I-21",6392.02064900021,542.749807826419,97.1900655523309,97.1900655523309
"2122",1998,"I-22",6391.38158749806,505.912380857847,NA,NA
"2123",1998,"I-24",6392.27431418801,430.665600003992,NA,NA
"2124",1998,"I-26",6395.23668999021,356.866159827996,NA,NA
"2125",1998,"IH1918",6374.96546448048,635.116391638047,70.554908477508,70.554908477508
"2126",1998,"IH2019",6374.65653297481,598.003014288437,94.0031097272327,94.0031097272327
"2127",1998,"IH2120",6373.65119194393,561.831082991901,98.7324714470404,98.7324714470404
"2128",1998,"IH2221",6372.11232709167,525.097984617982,NA,NA
"2129",1998,"J-01",6432.97279904031,689.267660648238,NA,NA
"2130",1998,"J-02",6437.09165133197,725.926072584809,98.8421502068622,98.8421502068622
"2131",1998,"J-03",6437.94352467906,765.144112943316,84.9197916367566,84.9197916367566
"2132",1998,"J-04",6440.4248235001,800.493161710662,80.5319975188467,80.5319975188467
"2133",1998,"J-05",6443.08930661796,838.572138471292,81.7679612209567,81.7679612209567
"2134",1998,"J-07",6450.16991543001,913.682596565409,NA,NA
"2135",1998,"J-18",6431.83176285224,651.130196104791,90.0137041712718,90.0137041712718
"2136",1998,"J-19",6431.02527414392,613.873742535899,102.155447297978,102.155447297978
"2137",1998,"J-20",6429.64773256471,576.348108845977,104.197264778128,104.197264778128
"2138",1998,"J-21",6428.64059280324,539.675761554923,99.2328476965173,99.2328476965173
"2139",1998,"J-24",6428.80244351357,427.386793182759,NA,NA
"2140",1998,"J-25",6430.22615297482,388.808061749971,NA,NA
"2141",1998,"J-26",6429.18899155229,353.107638023696,NA,NA
"2142",1998,"JI1918",6412.09365510353,634.89942895247,95.568113825524,95.568113825524
"2143",1998,"JI2019",6411.60997399222,596.548000857696,105.474907223038,105.474907223038
"2144",1998,"JI2120",6410.93407452104,560.917492543536,97.4465724960249,97.4465724960249
"2145",1998,"JI2221",6409.89783177472,523.450026516274,NA,NA
"2146",1998,"K-01",6467.75276717323,685.446078014899,NA,NA
"2147",1998,"K-02",6472.2488866326,721.550439989089,93.7541426995468,93.7541426995468
"2148",1998,"K-03",6474.67422880845,760.788615957364,NA,NA
"2149",1998,"K-04",6476.12883059799,796.86967832738,NA,NA
"2150",1998,"K-05",6479.65569577556,834.136538341078,NA,NA
"2151",1998,"K-18",6466.34392720572,648.256527255725,95.6586299430076,95.6586299430076
"2152",1998,"K-19",6467.85075684488,610.313339064552,100.133058892837,100.133058892837
"2153",1998,"K-20",6466.62683565125,574.510983224598,103.321208983561,103.321208983561
"2154",1998,"K-21",6465.86932691754,535.945386225032,106.251301440575,106.251301440575
"2155",1998,"K-22",6465.9521197512,499.33772055252,99.2667847612294,99.2667847612294
"2156",1998,"K-23",6466.02905883832,461.638043982561,93.8655539608768,93.8655539608768
"2157",1998,"K-24",6466.12757985157,424.279280227912,NA,NA
"2158",1998,"K-25",6467.82608122247,387.428108123343,52.3580317416414,52.3580317416414
"2159",1998,"K-26",6467.32136153942,349.595430985231,NA,NA
"2160",1998,"K-27",6472.02230137685,306.975009597515,61.0991834620733,61.0991834620733
"2161",1998,"L-01",6506.9836761685,680.948249749142,NA,NA
"2162",1998,"L-18",6505.11493603915,645.015507299607,99.5708518971283,99.5708518971283
"2163",1998,"L-19",6504.83495284899,607.474030124694,99.947646225676,99.947646225676
"2164",1998,"L-20",6504.19607953756,570.528150176009,99.5067761833116,99.5067761833116
"2165",1998,"L-21",6501.78335874484,532.367133891787,105.561782432696,105.561782432696
"2166",1998,"L-22",6502.54157340105,495.060813811823,96.0696621809852,96.0696621809852
"2167",1998,"L-23",6503.69724667958,457.577955628626,92.5322868346447,92.5322868346447
"2168",1998,"L-24",6503.25854499612,420.862461727277,57.8776876252068,57.8776876252068
"2169",1998,"L-25",6504.86782737707,383.511167045184,55.7934988596679,55.7934988596679
"2170",1998,"L-26",6505.90014140764,347.128781447201,NA,NA
"2171",1998,"L-28",6517.75000565773,269.601022485736,69.9041522933895,69.9041522933895
"2172",1998,"L-30",6514.77384400541,198.620900319558,NA,NA
"2173",1998,"M-01",6544.2432483446,678.443470014199,98.9418238728107,98.9418238728107
"2174",1998,"M-18",6542.80140121734,641.18176983748,97.6324067768555,97.6324067768555
"2175",1998,"M-19",6542.08997332792,604.594255066756,97.9404792961526,97.9404792961526
"2176",1998,"M-20",6541.36966344494,566.825338073708,98.4838796312161,98.4838796312161
"2177",1998,"M-21",6539.86236013868,530.41779296293,101.696609883362,101.696609883362
"2178",1998,"M-22",6539.46414928783,491.960315787367,98.3160133297523,98.3160133297523
"2179",1998,"M-23",6540.73614323348,454.193123935038,98.3254287069807,98.3254287069807
"2180",1998,"M-24",6540.68693951183,417.586220340747,74.8763820229298,74.8763820229298
"2181",1998,"M-25",6542.36208299823,380.049001137854,NA,NA
"2182",1998,"M-26",6543.5776167192,344.16414961399,68.9649743031112,68.9649743031112
"2183",1998,"M-27",6544.73928935947,306.651344509482,67.6586493441174,67.6586493441174
"2184",1998,"M-28",6547.49452475439,269.897677019439,NA,NA
"2185",1998,"M-31",6554.97254675256,158.820566171356,NA,NA
"2186",1998,"M-32",6557.77830927268,121.809718611125,NA,NA
"2187",1998,"N-18",6578.84347610005,637.844132100119,81.3513909921878,81.3513909921878
"2188",1998,"N-19",6578.55611176825,600.557009396831,NA,NA
"2189",1998,"N-20",6577.54454265128,563.970181512394,99.4555748588072,99.4555748588072
"2190",1998,"N-21",6577.50145718371,526.726806304332,102.79401332116,102.79401332116
"2191",1998,"N-22",6576.92662930633,489.352042458576,100.775259890068,100.775259890068
"2192",1998,"N-23",6578.16469471838,452.51329498969,99.9539350829576,99.9539350829576
"2193",1998,"N-24",6578.32049265675,414.357549606475,91.0282244887999,91.0282244887999
"2194",1998,"N-25",6578.66354544733,377.18516564372,92.7114643057018,92.7114643057018
"2195",1998,"N-26",6580.39702300286,341.002627401641,NA,NA
"2196",1998,"N-27",6581.9434530839,304.357960226699,NA,NA
"2197",1998,"N-29",6587.01324958502,230.05975477007,69.4934721568611,69.4934721568611
"2198",1998,"N-30",6589.47194860091,194.574767776341,NA,NA
"2199",1998,"N-31",6592.5990227778,155.688111995936,NA,NA
"2200",1998,"O-18",6615.98797071213,634.291793640462,NA,NA
"2201",1998,"O-19",6615.72076044886,597.149489582954,NA,NA
"2202",1998,"O-20",6614.30397810702,560.927553549328,100.475343324389,100.475343324389
"2203",1998,"O-21",6614.02577177354,523.232329061992,103.252935191872,103.252935191872
"2204",1998,"O-22",6614.36281921505,486.633481770812,101.695071668,101.695071668
"2205",1998,"O-23",6614.73545190195,449.469361229397,97.8249153937554,97.8249153937554
"2206",1998,"O-24",6615.15558773537,411.196253607625,95.0168913574525,95.0168913574525
"2207",1998,"O-25",6616.68965566592,374.045196177992,96.0316053222318,96.0316053222318
"2208",1998,"O-26",6618.22800232376,338.270773031684,93.5118769605616,93.5118769605616
"2209",1998,"O-27",6618.95386053304,305.539236445258,NA,NA
"2210",1998,"O-28",6619.91007602967,268.157533295026,46.4311858235406,46.4311858235406
"2211",1998,"O-29",6624.57887846177,226.29962025216,NA,NA
"2212",1998,"O-30",6627.87405204524,188.806544462098,62.8072748172073,62.8072748172073
"2213",1998,"O-31",6630.32673665814,154.08505650327,59.5755533360238,59.5755533360238
"2214",1998,"ON2524",6597.16857668787,392.95500844668,94.8483761935289,94.8483761935289
"2215",1998,"ON2625",6598.73971929086,358.185960585145,96.3917756671776,96.3917756671776
"2216",1998,"P-19",6652.78317696434,593.503219795697,NA,NA
"2217",1998,"P-20",6652.61310771991,557.130672325984,82.1781147111313,82.1781147111313
"2218",1998,"P-21",6651.32931451822,520.868547694929,99.4492845780792,99.4492845780792
"2219",1998,"P-22",6651.39393952024,483.403700471348,100.319862640877,100.319862640877
"2220",1998,"P-23",6651.77463518681,446.262410252186,89.4451856909349,89.4451856909349
"2221",1998,"P-24",6653.13331482111,408.192548370361,89.5910636201062,89.5910636201062
"2222",1998,"P-25",6653.39501768421,370.055491619047,89.9111320909815,89.9111320909815
"2223",1998,"P-26",6655.09616063175,336.019018804878,92.107681743824,92.107681743824
"2224",1998,"P-27",6656.53603910388,299.512028895008,NA,NA
"2225",1998,"P-28",6659.2400804548,261.854202986496,NA,NA
"2226",1998,"P-29",6659.00862014993,224.405164366517,NA,NA
"2227",1998,"P-30",6665.45249674881,181.494368731233,NA,NA
"2228",1998,"P-31",6667.94573310946,153.345721237323,NA,NA
"2229",1998,"P-32",6671.50136803775,113.741226954466,60.7509380023244,60.7509380023244
"2230",1998,"PO2423",6633.66536458322,429.788227991854,93.3322042311253,93.3322042311253
"2231",1998,"PO2524",6634.39375798004,395.18986741791,87.5698604244412,87.5698604244412
"2232",1998,"PO2625",6636.08872549877,354.856959974201,95.4049442324287,95.4049442324287
"2233",1998,"PO2726",6636.95401136606,318.225802492425,74.3557319753676,74.3557319753676
"2234",1998,"Q-18",6689.70941649703,628.567293760496,NA,NA
"2235",1998,"Q-19",6689.09649741011,593.297513173841,NA,NA
"2236",1998,"Q-20",6688.32792575462,552.256851343999,91.1883687534906,91.1883687534906
"2237",1998,"Q-21",6689.3066027331,518.650832087235,NA,NA
"2238",1998,"Q-22",6688.1289324055,480.26903556877,90.0556952667428,90.0556952667428
"2239",1998,"Q-23",6688.79171880255,441.008554998398,78.1778907436647,78.1778907436647
"2240",1998,"Q-25",6690.19542872136,366.296978874734,NA,NA
"2241",1998,"Q-26",6693.14475834193,329.950259330548,94.9952862995057,94.9952862995057
"2242",1998,"Q-27",6694.20848444975,296.411511203306,NA,NA
"2243",1998,"Q-28",6696.95715201953,257.354497028293,55.6192784166007,55.6192784166007
"2244",1998,"Q-29",6698.87890361137,221.414404739713,NA,NA
"2245",1998,"Q-30",6702.80261816844,183.913917221088,NA,NA
"2246",1998,"Q-31",6706.09213182132,147.370458868012,72.8180397121785,72.8180397121785
"2247",1998,"QP2423",6671.19184770843,425.044233815038,78.8692353253347,78.8692353253347
"2248",1998,"QP2524",6672.56539860619,388.27853740815,86.1756709575333,86.1756709575333
"2249",1998,"QP2625",6672.24951159188,345.553557604395,94.2504243703786,94.2504243703786
"2250",1998,"QP2726",6674.32759309304,314.008025522457,93.8819526009181,93.8819526009181
"2251",1998,"R-22",6725.07120983484,476.172482123317,87.632025288027,87.632025288027
"2252",1998,"R-23",6726.45555787954,438.301353195538,NA,NA
"2253",1998,"R-24",6727.93903043021,403.055414726452,NA,NA
"2254",1998,"R-25",6728.78397549103,365.038339768679,NA,NA
"2255",1998,"R-26",6730.20686970476,328.640685213872,91.052364817485,91.052364817485
"2256",1998,"R-27",6731.34492896805,291.87271763089,78.0051306295247,78.0051306295248
"2257",1998,"R-28",6734.22981536713,257.387681128035,71.4862898762245,71.4862898762245
"2258",1998,"R-29",6737.30521105103,215.10642511716,70.1268818642961,70.1268818642961
"2259",1998,"R-30",6739.07076506672,183.626096673548,59.6850447995875,59.6850447995875
"2260",1998,"R-31",6742.81243446199,145.706314939443,98.6452286432156,98.6452286432156
"2261",1998,"R-32",6746.88244027202,109.279293363219,89.7304256211771,89.7304256211771
"2262",1998,"S-22",6762.22150864391,473.568334227401,NA,NA
"2263",1998,"S-23",6763.60464998683,437.577560197962,NA,NA
"2264",1998,"S-24",6764.31027577967,401.651812633555,NA,NA
"2265",1998,"S-25",6765.30139610448,365.433344309623,NA,NA
"2266",1998,"S-26",6766.62090335896,328.077336763118,94.5630873804981,94.5630873804981
"2267",1998,"S-27",6769.14718218162,290.199882905051,93.8538195145912,93.8538195145912
"2268",1998,"S-28",6771.23572196615,254.106143493992,93.2462761217458,93.2462761217458
"2269",1998,"S-29",6774.77816745535,214.30657731602,90.4682019586589,90.4682019586589
"2270",1998,"S-30",6777.56176440517,177.013626783096,99.3466080098739,99.3466080098739
"2271",1998,"S-31",6780.2435678848,140.656420866453,96.4081751409374,96.4081751409374
"2272",1998,"T-25",6802.27377915367,361.357200114515,NA,NA
"2273",1998,"T-26",6804.22735219644,320.686168437476,NA,NA
"2274",1998,"T-27",6807.47838556456,285.244887031337,96.1548957854975,96.1548957854975
"2275",1998,"T-28",6809.01158789139,250.483015842738,98.4333668076313,98.4333668076313
"2276",1998,"T-29",6811.40583833336,216.513694286511,97.9569086184131,97.9569086184131
"2277",1998,"T-30",6814.25699377531,181.163060465198,96.8101486056114,96.8101486056114
"2278",1998,"U-25",6838.98765906745,358.725127971898,86.9785704035554,86.9785704035554
"2279",1998,"U-26",6842.1001357389,318.885573142623,NA,NA
"2280",1998,"U-27",6843.69121819305,284.513990895852,NA,NA
"2281",1998,"U-28",6848.29038485657,245.777410393507,89.9177232205143,89.9177232205143
"2282",1998,"U-29",6848.9397902486,212.524899167187,90.7405314953149,90.7405314953149
"2283",1998,"V-25",6876.83614060913,355.043854593127,NA,NA
"2284",1998,"V-26",6879.47646127522,316.693801686685,NA,NA
"2285",1998,"V-27",6881.45316042065,279.465422376128,NA,NA
"2286",1998,"V-28",6883.99841756673,246.899220197612,87.8092217924572,87.8092217924572
"2287",1999,"C-07",6190.64286095185,936.566885644134,NA,NA
"2288",1999,"D-01",6212.03475356165,710.555895906408,60.3605929484698,60.3605929484698
"2289",1999,"D-04",6218.04598621688,824.473554613072,NA,NA
"2290",1999,"D-10",6239.03029267057,1042.64828638355,NA,NA
"2291",1999,"D-18",6209.32233172172,673.622949279325,NA,NA
"2292",1999,"E-02",6247.93084397927,742.723947734135,NA,NA
"2293",1999,"E-03",6252.92317729708,783.229627556576,NA,NA
"2294",1999,"E-06",6261.2950316697,898.193298791226,NA,NA
"2295",1999,"E-20",6255.7687805308,595.816511171398,NA,NA
"2296",1999,"E-21",6243.69890891785,556.824789527339,NA,NA
"2297",1999,"F-01",6285.38503603367,705.384367333907,NA,NA
"2298",1999,"F-05",6295.42496044632,854.662457044816,NA,NA
"2299",1999,"F-06",6299.34637754634,891.677161204348,NA,NA
"2300",1999,"F-07",6302.29624440248,929.518699416834,NA,NA
"2301",1999,"F-18",6281.8690526309,665.223710021107,NA,NA
"2302",1999,"F-19",6282.36894229321,628.353883461973,60.6233040839585,60.6233040839585
"2303",1999,"F-22",6280.01296701481,516.227959650725,NA,NA
"2304",1999,"F-25",6281.99658586923,405.427303013435,NA,NA
"2305",1999,"G-01",6323.25318662732,700.534589193555,NA,NA
"2306",1999,"G-02",6322.54397686597,736.632614853211,58.5607268290492,58.5607268290492
"2307",1999,"G-03",6326.5456639731,775.374025388198,NA,NA
"2308",1999,"G-04",6329.09518428357,813.314965596989,79.5839146830139,79.5839146830139
"2309",1999,"G-05",6332.11316820461,851.215154252149,NA,NA
"2310",1999,"G-06",6334.7649594116,888.059659150348,NA,NA
"2311",1999,"G-07",6337.73962083647,922.91415434027,NA,NA
"2312",1999,"G-08",6345.47310114224,961.743492959512,NA,NA
"2313",1999,"G-18",6321.11648989147,658.326529191311,NA,NA
"2314",1999,"G-20",6319.80369703566,587.754501191566,76.5326300186101,76.5326300186101
"2315",1999,"G-21",6319.64465446418,548.629190513733,NA,NA
"2316",1999,"G-22",6316.83744190029,513.171933666147,64.6481867901166,64.6481867901166
"2317",1999,"G-23",6317.77376146544,475.605288687657,NA,NA
"2318",1999,"G-25",6312.90991320879,395.42564672885,NA,NA
"2319",1999,"G-26",6321.47501266401,366.235680512257,NA,NA
"2320",1999,"GF2019",6300.03786490045,603.362308302284,64.2676789393265,64.2676789393265
"2321",1999,"GF2221",6297.43485014306,530.76158836142,NA,NA
"2322",1999,"H-01",6359.53592293393,696.570993098943,63.5518726139227,63.5518726139227
"2323",1999,"H-02",6360.49453246523,734.208242438639,70.8020338260001,70.8020338260001
"2324",1999,"H-03",6363.80001235144,772.009169258991,89.1555252196786,89.1555252196786
"2325",1999,"H-04",6366.5130883372,808.275498534764,NA,NA
"2326",1999,"H-05",6369.16019400289,846.972384407011,103.316669799234,103.316669799234
"2327",1999,"H-06",6374.34776488667,883.651859969138,NA,NA
"2328",1999,"H-07",6375.91369867468,919.765200970474,NA,NA
"2329",1999,"H-08",6381.40410929842,957.324151073372,NA,NA
"2330",1999,"H-20",6354.73102463825,584.927043390212,83.4994559449588,83.4994559449588
"2331",1999,"H-22",6354.17494531987,509.552379673241,NA,NA
"2332",1999,"H-24",6355.72154090607,430.128031774569,62.8824881212366,62.8824881212366
"2333",1999,"H-25",6356.21696419006,394.849575346128,NA,NA
"2334",1999,"H-26",6355.27260403128,361.341156543006,NA,NA
"2335",1999,"HG2019",6336.86276587494,601.976993374808,NA,NA
"2336",1999,"I-01",6396.5025722678,692.608229011811,70.2277474705365,70.2277474705365
"2337",1999,"I-02",6396.56380350546,729.343029716427,NA,NA
"2338",1999,"I-03",6400.49757184967,768.281551062309,96.0784105050082,96.0784105050082
"2339",1999,"I-04",6403.35729692862,804.572991552611,NA,NA
"2340",1999,"I-05",6406.09132121673,842.399144673579,96.7527655685376,96.7527655685376
"2341",1999,"I-06",6408.96135553803,880.61510920984,NA,NA
"2342",1999,"I-18",6393.36296065302,655.300122506116,NA,NA
"2343",1999,"I-20",6391.58223697724,580.906465097971,82.8579759534474,82.8579759534474
"2344",1999,"I-21",6393.77587960003,540.257382785371,NA,NA
"2345",1999,"I-23",6391.41727096839,468.104875313015,NA,NA
"2346",1999,"I-24",6391.6607076739,428.400135848712,NA,NA
"2347",1999,"I-25",6396.11205188822,391.566896114715,58.9851414081572,58.9851414081572
"2348",1999,"I-26",6396.33654526765,358.747026738838,NA,NA
"2349",1999,"IH1918",6373.41947786304,636.331227515946,NA,NA
"2350",1999,"IH2019",6374.31044718304,597.991264185891,65.0068007963959,65.0068007963959
"2351",1999,"IH2120",6373.19803492309,561.316143838616,NA,NA
"2352",1999,"J-01",6433.40668636136,688.729088143235,82.1291298493235,82.1291298493235
"2353",1999,"J-02",6435.99099415226,725.474692527327,97.7558831429677,97.7558831429677
"2354",1999,"J-03",6437.21069510433,764.712307348302,93.2717489401839,93.2717489401839
"2355",1999,"J-04",6439.60258012025,801.607231855698,NA,NA
"2356",1999,"J-05",6443.47829376271,839.486190664894,NA,NA
"2357",1999,"J-18",6432.06293288363,650.995723084452,70.1938947200404,70.1938947200404
"2358",1999,"J-19",6430.01714290048,614.205343014322,75.2218189350245,75.2218189350245
"2359",1999,"J-20",6429.18313478175,576.887964759062,97.5110567985458,97.5110567985458
"2360",1999,"J-21",6431.43087614804,538.490448902111,NA,NA
"2361",1999,"J-24",6424.1222134432,424.579931401328,NA,NA
"2362",1999,"J-25",6431.24875041798,385.537792242275,NA,NA
"2363",1999,"J-26",6429.60213546836,354.745248229594,46.4034871787125,46.4034871787125
"2364",1999,"JI1918",6411.75480632252,633.594819416456,69.7979167410675,69.7979167410675
"2365",1999,"JI2019",6410.57228254751,596.213158033777,NA,NA
"2366",1999,"JI2120",6410.29364028179,560.684560769724,94.9278059537013,94.9278059537013
"2367",1999,"K-01",6471.35903591906,685.056467689736,101.58413382228,101.58413382228
"2368",1999,"K-02",6472.34769037888,721.759362432748,95.5569059225257,95.5569059225257
"2369",1999,"K-18",6468.95697974469,648.172014743474,91.395193661573,91.395193661573
"2370",1999,"K-19",6466.9831469985,610.657861288154,NA,NA
"2371",1999,"K-20",6466.59780402504,574.034169127248,95.0971544719084,95.0971544719084
"2372",1999,"K-22",6465.66512905001,498.412990216703,100.297790151987,100.297790151987
"2373",1999,"K-24",6467.52016366587,420.026988876341,NA,NA
"2374",1999,"K-25",6465.42982509091,387.369905398741,NA,NA
"2375",1999,"K-26",6469.42012798943,349.50411607672,NA,NA
"2376",1999,"K-27",6474.05327168,306.462234727818,53.5827683061781,53.5827683061781
"2377",1999,"L-01",6507.04759875712,681.57763491181,NA,NA
"2378",1999,"L-18",6505.58888653124,645.351435418574,102.254772478817,102.254772478817
"2379",1999,"L-19",6504.25263810418,607.58646872538,100.117191832583,100.117191832583
"2380",1999,"L-20",6503.60206686986,570.628270978942,101.23371587174,101.23371587174
"2381",1999,"L-22",6503.08010876813,494.918806095928,100.261658216804,100.261658216804
"2382",1999,"L-23",6502.76021671536,458.715607477796,NA,NA
"2383",1999,"L-24",6500.244284632,418.746434257841,61.709109959836,61.709109959836
"2384",1999,"L-25",6505.79136184886,386.279608805546,55.7987277353312,55.7987277353312
"2385",1999,"L-26",6506.9724765955,347.467597864033,NA,NA
"2386",1999,"L-27",6509.77646112946,311.446473188805,64.1034659060624,64.1034659060624
"2387",1999,"L-28",6518.25340818894,271.068392047086,NA,NA
"2388",1999,"L-29",6512.64441744996,236.949727281321,70.5269078767084,70.5269078767084
"2389",1999,"L-31",6516.74406152924,162.994526898503,NA,NA
"2390",1999,"M-01",6544.47887207004,679.048688940351,NA,NA
"2391",1999,"M-18",6542.20472889416,641.745487925702,NA,NA
"2392",1999,"M-19",6541.09542620506,603.990728657945,NA,NA
"2393",1999,"M-20",6540.05562200638,567.37667627742,99.6325717733485,99.6325717733485
"2394",1999,"M-21",6541.86671084841,530.482030852254,NA,NA
"2395",1999,"M-22",6540.53724387036,492.11852606498,102.337134599632,102.337134599632
"2396",1999,"M-23",6540.12777517999,454.596422942107,102.681844200784,102.681844200784
"2397",1999,"M-24",6540.75258663513,409.785244750535,NA,NA
"2398",1999,"M-25",6538.56399611526,381.690451480707,54.1710156615866,54.1710156615866
"2399",1999,"M-26",6543.77874057497,343.960688319716,NA,NA
"2400",1999,"M-27",6546.2535083841,306.429962661725,61.0082822805945,61.0082822805945
"2401",1999,"M-29",6549.94859266425,228.328903003911,NA,NA
"2402",1999,"M-30",6552.22063540656,196.178376062446,NA,NA
"2403",1999,"N-02",6582.98588650736,712.936044552112,NA,NA
"2404",1999,"N-19",6578.50235669589,600.083698875309,NA,NA
"2405",1999,"N-20",6578.29292768226,564.360388261765,95.3055482153799,95.3055482153799
"2406",1999,"N-21",6578.52391112956,526.112127362545,NA,NA
"2407",1999,"N-22",6576.94343748441,490.136455265178,99.6239298640906,99.6239298640906
"2408",1999,"N-23",6577.59934743032,452.525555187015,103.325797979404,103.325797979404
"2409",1999,"N-24",6574.68138203285,415.069424291035,96.4568783068471,96.4568783068471
"2410",1999,"N-25",6579.83212391802,378.822656808482,86.3450719802888,86.3450719802888
"2411",1999,"N-26",6581.4315315209,340.515009157693,NA,NA
"2412",1999,"N-27",6583.96358819892,305.47506842409,66.8753543020332,66.8753543020332
"2413",1999,"N-29",6586.39782577444,234.647685941821,59.6289925555819,59.6289925555819
"2414",1999,"N-30",6585.3772969095,193.426679783653,60.2087056677852,60.2087056677852
"2415",1999,"O-18",6617.7733506243,632.868296830586,83.2673537093215,83.2673537093215
"2416",1999,"O-19",6615.13061551613,597.505017941412,NA,NA
"2417",1999,"O-20",6615.22717389306,561.190557627143,85.8719551632468,85.8719551632468
"2418",1999,"O-21",6617.08007168285,523.070638713311,94.788659168495,94.788659168495
"2419",1999,"O-22",6614.08840908513,485.703143637128,99.3420700641021,99.3420700641021
"2420",1999,"O-23",6614.51875200824,450.013555520413,97.9765634808727,97.9765634808727
"2421",1999,"O-24",6615.16539725115,412.314696573221,98.4508197875203,98.4508197875203
"2422",1999,"O-25",6614.53093313999,373.681657312065,90.0156353326428,90.0156353326428
"2423",1999,"O-26",6617.79064711709,338.315579337946,NA,NA
"2424",1999,"O-27",6620.6052688839,305.577269228824,NA,NA
"2425",1999,"O-30",6627.56917864667,184.853709800914,61.3834366180843,61.3834366180843
"2426",1999,"O-31",6627.61534741317,156.679446185614,NA,NA
"2427",1999,"ON2524",6594.31824338845,390.17561344023,96.31337548716,96.31337548716
"2428",1999,"ON2625",6597.68783357866,361.195694351913,94.4922145667893,94.4922145667893
"2429",1999,"P-18",6653.21895274262,632.110590763546,NA,NA
"2430",1999,"P-19",6652.156439337,593.984548807171,NA,NA
"2431",1999,"P-20",6652.59368802074,557.814503097438,87.7071184286278,87.7071184286278
"2432",1999,"P-21",6654.09729029102,521.523435960848,NA,NA
"2433",1999,"P-22",6651.37852646399,483.364027712322,92.0618407284135,92.0618407284135
"2434",1999,"P-23",6652.51803796027,447.232558870974,69.2303091843758,69.2303091843758
"2435",1999,"P-24",6652.71718193979,409.500131182002,84.2439587352958,84.2439587352958
"2436",1999,"P-26",6655.9754480063,335.38138147334,79.132469883234,79.132469883234
"2437",1999,"P-27",6657.32229913926,301.674012431283,70.7973552779171,70.7973552779171
"2438",1999,"P-30",6662.13467105006,179.424349531113,NA,NA
"2439",1999,"P-31",6667.70315286462,153.340213150381,56.9243838943298,56.9243838943298
"2440",1999,"P-32",6673.9229165018,117.904393919421,73.4976908806457,73.4976908806457
"2441",1999,"PO2423",6634.51592241547,429.284944777382,91.9541212688556,91.9541212688556
"2442",1999,"PO2524",6634.06693562757,392.147114004378,92.5155982370831,92.5155982370831
"2443",1999,"PO2625",6633.86030229911,355.700097344646,98.3486430585398,98.3486430585398
"2444",1999,"PO2726",6638.321055025,317.395485917014,89.172557828916,89.172557828916
"2445",1999,"Q-18",6689.66448530466,628.083261387963,NA,NA
"2446",1999,"Q-19",6688.09260927593,591.918156576169,NA,NA
"2447",1999,"Q-20",6689.09753724159,553.856042009846,90.7992948682185,90.7992948682185
"2448",1999,"Q-21",6689.43175170423,519.158341304621,89.8932286273191,89.8932286273191
"2449",1999,"Q-22",6688.23654180676,480.040447147375,92.8602517592712,92.8602517592712
"2450",1999,"Q-23",6689.17473694096,441.398558845005,NA,NA
"2451",1999,"Q-25",6687.20862262091,368.561077321089,88.6998795310175,88.6998795310175
"2452",1999,"Q-26",6693.39303268826,331.036263560942,NA,NA
"2453",1999,"Q-27",6695.96578372512,296.02216821801,NA,NA
"2454",1999,"Q-30",6703.73719709291,180.97033186121,NA,NA
"2455",1999,"Q-31",6702.48368896245,148.979550380149,60.8968822912322,60.8968822912322
"2456",1999,"QP2423",6670.64666814382,425.721726031033,62.4005592026339,62.4005592026339
"2457",1999,"QP2524",6672.2390447338,386.695045484286,80.4773824122652,80.4773824122652
"2458",1999,"QP2625",6667.64005512984,346.190336112839,95.4430297292424,95.4430297292424
"2459",1999,"QP2726",6677.10599611761,311.817178908539,93.8532800727077,93.8532800727077
"2460",1999,"R-22",6725.45768794731,476.943255750315,88.9110042489087,88.9110042489087
"2461",1999,"R-23",6726.04391272007,438.497358885904,NA,NA
"2462",1999,"R-24",6725.46886633709,404.500609808152,71.4274812891361,71.4274812891361
"2463",1999,"R-25",6728.67195143163,365.290099505617,72.3088004402773,72.3088004402773
"2464",1999,"R-26",6731.37500281858,325.044195323289,88.3915899554075,88.3915899554075
"2465",1999,"R-27",6730.79240062197,295.305122051925,64.546830363205,64.546830363205
"2466",1999,"R-28",6734.00744689596,255.38414908729,75.2398350708177,75.2398350708177
"2467",1999,"R-29",6737.21964988324,216.423164999842,NA,NA
"2468",1999,"R-30",6739.11877567407,182.00514267431,NA,NA
"2469",1999,"R-31",6743.85377489338,144.010078194679,NA,NA
"2470",1999,"R-32",6747.1050645668,110.78577673593,NA,NA
"2471",1999,"S-22",6762.86743279003,472.848911170484,NA,NA
"2472",1999,"S-23",6763.40259893449,437.033851111182,NA,NA
"2473",1999,"S-24",6764.4545191833,401.393932704425,78.913266309007,78.913266309007
"2474",1999,"S-25",6764.99034264371,364.658107825772,NA,NA
"2475",1999,"S-26",6767.97540335588,327.168901886603,81.6969746792583,81.6969746792583
"2476",1999,"S-27",6769.75136806217,290.544661978708,90.9387110010365,90.9387110010365
"2477",1999,"S-28",6771.66119932489,253.708513478535,NA,NA
"2478",1999,"S-29",6774.25183355596,215.699553793751,NA,NA
"2479",1999,"S-30",6780.52299290956,177.373146119289,87.5913224831913,87.5913224831913
"2480",1999,"S-31",6778.61270452303,141.364946409946,93.3762462863241,93.3762462863241
"2481",1999,"T-25",6803.43847590093,362.625418493176,NA,NA
"2482",1999,"T-26",6807.98071109528,324.848668474391,67.1445575584379,67.1445575584379
"2483",1999,"T-27",6804.24763570492,288.541881403281,NA,NA
"2484",1999,"T-28",6809.77173249369,249.157781538227,NA,NA
"2485",1999,"T-29",6810.80892484109,216.645455664619,94.831043275131,94.831043275131
"2486",1999,"T-30",6816.35953816629,179.605925503835,90.318257987525,90.318257987525
"2487",1999,"U-25",6840.23535846164,359.16480139707,64.980696469644,64.980696469644
"2488",1999,"U-26",6839.69960285955,316.390633360629,NA,NA
"2489",1999,"U-27",6844.67859511954,284.031096667547,90.9924767256291,90.9924767256291
"2490",1999,"U-28",6848.01610712384,246.372390915117,90.551354400404,90.551354400404
"2491",1999,"U-29",6848.21407356284,210.600156002674,NA,NA
"2492",1999,"V-25",6877.93449174932,356.387527730965,NA,NA
"2493",1999,"V-26",6879.41600459281,316.150605500039,NA,NA
"2494",1999,"V-27",6882.55244121882,281.057285594412,NA,NA
"2495",1999,"V-28",6880.38046390599,246.961241931645,NA,NA
"2496",2000,"B-03",6143.0544417527,794.484156414884,NA,NA
"2497",2000,"B-05",6145.15135692248,869.760681932398,NA,NA
"2498",2000,"B-06",6152.05303982598,909.188439646298,NA,NA
"2499",2000,"C-01",6173.90964761834,714.055738273814,NA,NA
"2500",2000,"C-03",6177.79610393461,790.298687321212,NA,NA
"2501",2000,"C-05",6185.46186641486,865.358089082301,NA,NA
"2502",2000,"C-07",6193.67995117478,940.169395055304,NA,NA
"2503",2000,"D-02",6211.6248119375,748.22946938476,NA,NA
"2504",2000,"D-03",6216.54363375832,787.94796354981,61.5764644819555,61.5764644819555
"2505",2000,"D-04",6218.36400545082,825.154397853415,NA,NA
"2506",2000,"D-05",6222.39807109857,862.622235269038,NA,NA
"2507",2000,"D-06",6224.98310746377,898.547471430944,NA,NA
"2508",2000,"D-08",6231.99959190345,973.208620866442,NA,NA
"2509",2000,"D-09",6236.22299787813,1008.37668233221,NA,NA
"2510",2000,"D-18",6209.78253916894,673.305003495053,NA,NA
"2511",2000,"E-01",6249.67989288632,706.642583376489,75.0237359785519,75.0237359785519
"2512",2000,"E-02",6250.87428421891,745.09063139744,NA,NA
"2513",2000,"E-03",6253.75899807212,783.012631444832,56.6808873240256,56.6808873240256
"2514",2000,"E-04",6255.28534196531,821.112497229852,NA,NA
"2515",2000,"E-05",6256.78146145483,858.666616261342,62.1658641989258,62.1658641989258
"2516",2000,"E-06",6262.02189475736,895.598972284926,NA,NA
"2517",2000,"E-07",6267.4834829113,933.281462360016,NA,NA
"2518",2000,"E-18",6246.05887244314,669.978064379034,NA,NA
"2519",2000,"E-21",6243.60169924273,557.666768124049,53.1277914334889,53.1277914334889
"2520",2000,"E-22",6243.31739254052,519.235143291467,NA,NA
"2521",2000,"F-01",6283.27842800157,704.176046899187,59.59552018513,59.59552018513
"2522",2000,"F-02",6287.50240617163,741.065276533222,NA,NA
"2523",2000,"F-03",6290.7362049136,779.660266268591,58.6640148503315,58.6640148503315
"2524",2000,"F-04",6291.75993050217,815.657534435254,NA,NA
"2525",2000,"F-05",6293.67339120412,854.092901940404,69.6629615224745,69.6629615224745
"2526",2000,"F-07",6301.22819777083,931.784344330828,NA,NA
"2527",2000,"F-18",6283.65311250988,666.085865212873,NA,NA
"2528",2000,"F-19",6285.58737996285,628.080259861656,65.4334626424495,65.4334626424495
"2529",2000,"F-20",6283.17432005986,591.975296207683,NA,NA
"2530",2000,"F-21",6280.82938173995,554.253229800945,56.4560218073507,56.4560218073507
"2531",2000,"F-22",6280.13041880873,516.518649393614,NA,NA
"2532",2000,"G-01",6321.19286647244,700.019577062154,58.2786789256564,58.2786789256564
"2533",2000,"G-02",6324.22870546608,737.830301379043,69.2182068672711,69.2182068672711
"2534",2000,"G-03",6327.42643991659,774.992224378083,NA,NA
"2535",2000,"G-04",6328.73076483578,812.323844914723,NA,NA
"2536",2000,"G-05",6330.40931657262,850.630253117706,87.7569914009608,87.7569914009608
"2537",2000,"G-07",6338.88462685254,930.779396497648,81.8787267667935,81.8787267667935
"2538",2000,"G-08",6343.07410918078,961.712171780292,NA,NA
"2539",2000,"G-18",6320.81535174368,661.740497100535,56.8334897308331,56.8334897308331
"2540",2000,"G-19",6318.80899263621,624.745765839326,56.2125191837467,56.2125191837467
"2541",2000,"G-20",6318.10282407009,588.149036207778,70.3556033903944,70.3556033903944
"2542",2000,"G-22",6316.96955314243,513.408761643318,56.0019656362997,56.0019656362997
"2543",2000,"GF1918",6301.89199591471,645.782976750214,NA,NA
"2544",2000,"GF2120",6299.63723570866,568.469996221868,NA,NA
"2545",2000,"GF2221",6298.74931259158,532.643676121612,55.1724391912534,55.1724391912534
"2546",2000,"H-02",6361.17868723031,733.342686236808,76.386636061278,76.386636061278
"2547",2000,"H-03",6364.41826953215,771.053902970751,90.0976226603222,90.0976226603222
"2548",2000,"H-04",6366.032328746,808.94648688571,90.2166302929323,90.2166302929323
"2549",2000,"H-05",6366.98782341403,847.399242089944,NA,NA
"2550",2000,"H-06",6372.71966876845,883.896317028571,NA,NA
"2551",2000,"H-07",6376.57685964802,920.442511839468,NA,NA
"2552",2000,"H-08",6380.22691124577,957.337486056758,NA,NA
"2553",2000,"H-18",6358.01281484816,658.448097020103,NA,NA
"2554",2000,"H-22",6354.41822733316,509.082212251609,NA,NA
"2555",2000,"H-24",6355.8735805712,434.191640712487,NA,NA
"2556",2000,"HG1918",6337.60644790224,643.301000063656,NA,NA
"2557",2000,"HG2019",6337.38557986098,601.794662892505,51.4120339490662,51.4120339490662
"2558",2000,"I-01",6394.94755690048,692.816849072779,NA,NA
"2559",2000,"I-02",6398.49425742514,730.315884785374,NA,NA
"2560",2000,"I-03",6401.18740725301,767.781266993513,93.2304533183521,93.2304533183521
"2561",2000,"I-04",6402.81584607695,805.002942605139,93.427603464101,93.427603464101
"2562",2000,"I-05",6405.32451207829,842.973765401171,92.1171120609128,92.1171120609128
"2563",2000,"I-06",6410.13130240628,880.702562880771,NA,NA
"2564",2000,"I-18",6394.76428555861,655.037292963237,NA,NA
"2565",2000,"I-19",6392.16224350914,618.056154754223,57.7567423236596,57.7567423236596
"2566",2000,"I-20",6392.62186804759,580.464992855991,55.9374655665213,55.9374655665213
"2567",2000,"I-21",6392.35849151904,544.245058457388,68.091390277656,68.091390277656
"2568",2000,"I-22",6391.62029354085,505.849690089689,69.6944580147595,69.6944580147595
"2569",2000,"IH1918",6374.39002941468,635.183490170578,NA,NA
"2570",2000,"IH2019",6374.46403934347,597.894640970116,57.4508566738323,57.4508566738323
"2571",2000,"IH2120",6373.8565299756,560.11561826757,NA,NA
"2572",2000,"J-01",6431.27009257949,688.655459805343,NA,NA
"2573",2000,"J-02",6434.78539209813,726.076112135172,77.1419535682739,77.1419535682739
"2574",2000,"J-03",6438.52213553763,764.104141067572,87.1532609080018,87.1532609080018
"2575",2000,"J-04",6439.89970191798,801.168994702785,NA,NA
"2576",2000,"J-05",6443.55666325177,839.571871254776,NA,NA
"2577",2000,"J-06",6446.66525819856,877.16837429894,90.7494190657498,90.7494190657498
"2578",2000,"J-18",6431.79477824228,651.682721076664,NA,NA
"2579",2000,"J-19",6429.91029690913,615.139416460949,NA,NA
"2580",2000,"J-20",6429.68235618231,576.991273049433,54.5480928628875,54.5480928628875
"2581",2000,"J-21",6428.71821904601,539.306402102243,71.8142746000805,71.8142746000805
"2582",2000,"J-22",6429.14370258201,501.911975488424,NA,NA
"2583",2000,"J-23",6428.82084434474,464.66409620218,NA,NA
"2584",2000,"J-24",6428.53526163249,427.566436736537,NA,NA
"2585",2000,"J-26",6431.00028770239,355.169170849048,NA,NA
"2586",2000,"JI1918",6411.84522673114,634.667935955093,NA,NA
"2587",2000,"JI2019",6411.81781227396,596.923167946155,NA,NA
"2588",2000,"JI2120",6410.4001359396,561.609834378846,56.0314679928652,56.0314679928652
"2589",2000,"JI2221",6410.299039183,522.746363046312,76.2910047557782,76.2910047557782
"2590",2000,"K-01",6469.33216842234,685.00482054685,70.9368768862494,70.9368768862494
"2591",2000,"K-02",6471.88867441193,723.507536761113,82.0802401243302,82.0802401243302
"2592",2000,"K-03",6475.09763404385,760.563505201277,84.714891285757,84.714891285757
"2593",2000,"K-04",6476.80043713446,797.111446725698,NA,NA
"2594",2000,"K-18",6468.61564315949,648.208302624959,63.4386526053022,63.4386526053022
"2595",2000,"K-19",6466.78521918687,610.531863076808,NA,NA
"2596",2000,"K-20",6467.05182671131,574.193136995857,NA,NA
"2597",2000,"K-21",6466.38813491461,535.632063967626,83.2327321709365,83.2327321709365
"2598",2000,"K-22",6465.86771833573,498.536044083744,65.4351267004968,65.4351267004968
"2599",2000,"K-23",6466.20413819354,461.725245205722,65.8809153025621,65.8809153025621
"2600",2000,"K-24",6465.87684725068,423.796125600035,NA,NA
"2601",2000,"K-25",6467.54278979463,389.94373370527,NA,NA
"2602",2000,"L-01",6507.23687693625,681.571405716292,95.0608644012139,95.0608644012139
"2603",2000,"L-02",6508.70379830122,719.334624641626,80.7970907253495,80.7970907253495
"2604",2000,"L-18",6504.89089426615,645.11939236938,NA,NA
"2605",2000,"L-19",6504.41887579756,607.736249401477,93.6100512694972,93.6100512694972
"2606",2000,"L-20",6503.76407546794,570.564992081248,76.3959911837297,76.3959911837297
"2607",2000,"L-21",6503.37476362798,532.791547238138,96.3642047106209,96.3642047106209
"2608",2000,"L-22",6502.85268717433,495.136328989637,52.8375910188302,52.8375910188302
"2609",2000,"L-23",6503.2976498247,457.973282156292,61.7283547695915,61.7283547695915
"2610",2000,"L-24",6504.03774278838,420.8565540699,66.5315503459634,66.5315503459634
"2611",2000,"L-25",6504.87336811688,384.314592460572,NA,NA
"2612",2000,"L-26",6506.53921843737,347.587030768274,NA,NA
"2613",2000,"M-01",6543.51279890582,678.394871496214,83.19888224676,83.19888224676
"2614",2000,"M-02",6546.48534526428,715.815540332885,NA,NA
"2615",2000,"M-18",6542.24994214756,641.490766419507,93.5026843435973,93.5026843435973
"2616",2000,"M-19",6540.10632848917,605.000798331923,96.2239733236469,96.2239733236469
"2617",2000,"M-20",6540.77838896854,566.447188760854,82.0512100504339,82.0512100504339
"2618",2000,"M-21",6540.34350508112,529.718237138327,96.1610728670534,96.1610728670534
"2619",2000,"M-22",6540.07998056597,492.479823371763,92.9673192568273,92.9673192568273
"2620",2000,"M-23",6545.13700519338,454.486660369363,83.2819343763417,83.2819343763417
"2621",2000,"M-24",6541.37713564591,417.449043418506,44.5253061486802,44.5253061486802
"2622",2000,"M-25",6541.80866412578,380.287256011717,NA,NA
"2623",2000,"M-29",6551.16435475869,228.020419644118,NA,NA
"2624",2000,"N-18",6579.346292735,638.35264399597,NA,NA
"2625",2000,"N-19",6577.31153737359,600.362848625532,89.2450458422015,89.2450458422015
"2626",2000,"N-20",6578.02552469178,564.321969517047,93.940859064719,93.940859064719
"2627",2000,"N-21",6576.02461917253,526.539151951947,94.179849128694,94.179849128694
"2628",2000,"N-22",6577.24565072869,489.357774808947,91.6041024787055,91.6041024787055
"2629",2000,"N-23",6577.12524080181,452.901462489844,95.769910319355,95.769910319355
"2630",2000,"N-24",6578.48971740498,414.756901274751,53.410542094322,53.410542094322
"2631",2000,"N-25",6579.23011215686,377.342455786664,NA,NA
"2632",2000,"N-26",6580.6376665333,340.675232154987,NA,NA
"2633",2000,"N-27",6581.85991099698,304.021305341707,NA,NA
"2634",2000,"N-28",6584.00435719094,266.15034629879,51.3831899831622,51.3831899831622
"2635",2000,"N-29",6587.91873497217,229.991740074774,NA,NA
"2636",2000,"N-31",6592.5426581886,154.614063820158,NA,NA
"2637",2000,"O-18",6616.51784952245,634.25781439566,NA,NA
"2638",2000,"O-19",6615.01345514287,597.369962410305,84.1179800724454,84.1179800724454
"2639",2000,"O-20",6615.28409431423,560.924825948608,85.1029543723483,85.1029543723483
"2640",2000,"O-21",6614.96304876565,522.984850443392,85.2298913346015,85.2298913346015
"2641",2000,"O-22",6614.02098158299,485.716971605785,95.5598720275394,95.5598720275394
"2642",2000,"O-23",6611.20892965433,449.828613246339,93.2864390208947,93.2864390208947
"2643",2000,"O-24",6615.05378962759,411.731541852301,94.6907902484432,94.6907902484432
"2644",2000,"O-25",6616.32122166973,373.866451331686,72.8986778682512,72.8986778682512
"2645",2000,"O-26",6617.92919325099,338.412107586237,65.0925320624811,65.0925320624811
"2646",2000,"O-27",6619.89454085394,305.760616677854,NA,NA
"2647",2000,"O-28",6622.7952219161,268.084018904899,NA,NA
"2648",2000,"O-29",6625.48702320607,226.329267016241,53.2032915636137,53.2032915636137
"2649",2000,"O-30",6625.97527984491,188.272515335784,NA,NA
"2650",2000,"O-31",6630.19244053083,155.109809128894,NA,NA
"2651",2000,"ON2524",6597.46225705565,393.442575694139,54.4582389976745,54.4582389976745
"2652",2000,"ON2625",6598.17700984409,358.195633536282,56.6953672722105,56.6953672722105
"2653",2000,"P-18",6654.22068149557,630.961140361053,NA,NA
"2654",2000,"P-19",6651.9039624748,594.110977135874,NA,NA
"2655",2000,"P-20",6652.1538659089,557.681940384583,80.5915701298708,80.5915701298708
"2656",2000,"P-21",6651.76039824173,520.385055390997,70.3466002705048,70.3466002705048
"2657",2000,"P-22",6651.31771053164,483.023492839308,NA,NA
"2658",2000,"P-23",6650.78253457213,444.955324521918,NA,NA
"2659",2000,"P-24",6651.61764921232,408.569246621038,85.2772617163813,85.2772617163813
"2660",2000,"P-25",6654.86385128862,371.045340228588,NA,NA
"2661",2000,"P-26",6655.22621552974,335.590299051406,76.748808016711,76.748808016711
"2662",2000,"P-27",6656.90804413874,298.237060726499,71.4888887060441,71.4888887060441
"2663",2000,"P-28",6658.30573919822,261.899781458258,NA,NA
"2664",2000,"P-31",6667.73278427291,153.738568966668,73.2269155891389,73.2269155891389
"2665",2000,"P-32",6672.0396143184,113.41894834127,NA,NA
"2666",2000,"PO2423",6633.32037245951,429.859649556261,78.6842200804663,78.6842200804663
"2667",2000,"PO2524",6634.70292561292,392.964794260568,94.9106686125453,94.9106686125453
"2668",2000,"PO2625",6635.68629117777,355.328019582176,94.5355500849031,94.5355500849031
"2669",2000,"Q-18",6690.75718472986,627.760213322508,NA,NA
"2670",2000,"Q-19",6689.34320211047,593.01082009902,NA,NA
"2671",2000,"Q-20",6689.22145258213,553.421014549302,79.4155791315775,79.4155791315775
"2672",2000,"Q-21",6687.93377757148,518.517314887138,67.7184266741325,67.7184266741325
"2673",2000,"Q-22",6687.57296959194,479.597714094198,83.7556763698791,83.7556763698791
"2674",2000,"Q-23",6690.4475277907,441.286838514831,NA,NA
"2675",2000,"Q-25",6687.15727618181,368.316092210224,NA,NA
"2676",2000,"Q-26",6692.38398826255,330.801360420226,96.9403903468947,96.9403903468947
"2677",2000,"Q-27",6693.30004127017,294.654859501732,78.9145506523539,78.9145506523539
"2678",2000,"Q-28",6696.2410061988,257.77491982362,90.7699643159393,90.7699643159393
"2679",2000,"Q-29",6699.17586069295,221.500389955518,59.0616591957876,59.0616591957876
"2680",2000,"Q-30",6702.14905747587,184.330019899914,NA,NA
"2681",2000,"Q-31",6705.22202007804,147.766668389865,NA,NA
"2682",2000,"QP2423",6670.66879039066,425.564795183197,NA,NA
"2683",2000,"QP2524",6672.97148695641,386.884520246849,NA,NA
"2684",2000,"QP2625",6668.82492703118,346.159345419597,94.0105201900129,94.0105201900129
"2685",2000,"QP2726",6674.98928789028,314.10418124887,NA,NA
"2686",2000,"R-22",6725.43460619936,476.128706412579,NA,NA
"2687",2000,"R-23",6725.87575592275,439.576878333681,NA,NA
"2688",2000,"R-24",6727.12175991216,402.49669716725,NA,NA
"2689",2000,"R-25",6728.85755476102,366.738453031093,NA,NA
"2690",2000,"R-26",6730.53394731276,328.705561486312,NA,NA
"2691",2000,"R-27",6731.66754171739,290.951520404753,70.8074306552351,70.8074306552351
"2692",2000,"R-28",6734.50379586115,256.70004250569,71.2505390936516,71.2505390936516
"2693",2000,"R-29",6737.55985725106,215.687461870442,79.0799336528387,79.0799336528387
"2694",2000,"R-30",6740.53593008588,183.136200721765,59.7914284150528,59.7914284150528
"2695",2000,"R-31",6743.10023138846,145.709275750773,NA,NA
"2696",2000,"R-32",6746.2753985219,107.665206955215,76.9270139760175,76.9270139760175
"2697",2000,"S-22",6762.95310452286,472.357375660645,NA,NA
"2698",2000,"S-23",6763.29519692186,436.34219239458,NA,NA
"2699",2000,"S-24",6764.10574590511,401.033019733829,NA,NA
"2700",2000,"S-25",6765.51609994967,366.107351148628,NA,NA
"2701",2000,"S-26",6767.07947433562,327.777587606807,NA,NA
"2702",2000,"S-27",6769.61709140885,289.853775473259,NA,NA
"2703",2000,"S-28",6771.45869128878,253.800467528426,98.391784371415,98.391784371415
"2704",2000,"S-29",6775.43389947842,214.393589533801,99.8439708317262,99.8439708317262
"2705",2000,"S-30",6777.98818172117,177.353096705812,99.1564508037907,99.1564508037907
"2706",2000,"S-31",6780.55165028342,141.584222942335,93.5615202674874,93.5615202674874
"2707",2000,"T-25",6803.6705176864,361.129066520411,NA,NA
"2708",2000,"T-26",6804.4076474565,321.675167191039,NA,NA
"2709",2000,"T-27",6805.77231018564,284.57232180054,NA,NA
"2710",2000,"T-28",6809.63846672122,250.195867184441,93.6459363648999,93.6459363648999
"2711",2000,"T-29",6812.01923829948,216.536764535089,96.4462048814305,96.4462048814305
"2712",2000,"T-30",6814.63221093716,180.918455389268,97.9671097679556,97.9671097679556
"2713",2000,"U-25",6840.81568592875,359.262993459161,NA,NA
"2714",2000,"U-26",6841.83640841773,318.257449731787,NA,NA
"2715",2000,"U-27",6844.55233537945,283.45502205423,NA,NA
"2716",2000,"U-28",6846.00229360459,245.721492819773,NA,NA
"2717",2000,"U-29",6848.93012218527,210.535483540007,NA,NA
"2718",2000,"V-25",6876.82581656543,356.046941618151,NA,NA
"2719",2000,"V-26",6879.19092330374,316.773091566164,NA,NA
"2720",2000,"V-27",6880.06945512106,281.732210823153,NA,NA
"2721",2000,"V-28",6883.02063220364,246.803308454651,NA,NA
"2722",2001,"B-03",6143.55983734768,794.653640711166,NA,NA
"2723",2001,"B-05",6147.18922428226,869.357462071761,NA,NA
"2724",2001,"C-07",6194.32002663884,939.543283518406,NA,NA
"2725",2001,"D-03",6215.28222339065,787.494306181991,NA,NA
"2726",2001,"D-04",6219.26647865816,824.29716516277,NA,NA
"2727",2001,"D-07",6226.45019620037,938.778894176847,NA,NA
"2728",2001,"E-05",6259.42437868069,858.393382091175,74.8304195706026,74.8304195706026
"2729",2001,"E-21",6244.27684062904,556.294940684022,NA,NA
"2730",2001,"E-22",6243.54300344292,519.527489190604,NA,NA
"2731",2001,"F-01",6286.76539830513,703.576915969765,NA,NA
"2732",2001,"F-03",6289.72240561838,779.804154843509,62.1562866079296,62.1562866079296
"2733",2001,"F-05",6296.32952145703,854.391804202659,93.0138969943359,93.0138969943359
"2734",2001,"F-06",6300.56490834456,891.85520328461,91.2318404628506,91.2318404628506
"2735",2001,"F-07",6296.98697584911,933.319770825128,NA,NA
"2736",2001,"F-09",6310.23194575674,1003.5984203322,NA,NA
"2737",2001,"F-20",6281.10613544818,592.005261811236,NA,NA
"2738",2001,"F-21",6281.78815356792,553.187138814962,NA,NA
"2739",2001,"F-22",6280.33582313472,516.097697190301,NA,NA
"2740",2001,"F-23",6279.92723551915,477.703948013836,NA,NA
"2741",2001,"G-01",6322.73137591882,700.142777281759,82.3556748185396,82.3556748185396
"2742",2001,"G-03",6326.67770157401,775.252204845809,NA,NA
"2743",2001,"G-04",6327.42761810588,813.285648662737,96.3793233923716,96.3793233923716
"2744",2001,"G-05",6332.49454290975,851.423919936526,99.2374286368257,99.2374286368257
"2745",2001,"G-06",6335.27010847523,888.797769111609,101.250085854157,101.250085854157
"2746",2001,"G-07",6343.91344591374,922.315255342481,NA,NA
"2747",2001,"G-08",6341.58947030316,962.423875941782,NA,NA
"2748",2001,"G-09",6347.66162413977,998.850649610508,NA,NA
"2749",2001,"G-10",6352.40638043627,1035.92763799922,NA,NA
"2750",2001,"G-18",6319.54900158684,663.024417939174,95.6409203967684,95.6409203967684
"2751",2001,"G-19",6318.68082173835,624.743236276614,57.2398348869926,57.2398348869926
"2752",2001,"G-20",6318.93998422606,588.192009242179,61.4190367583339,61.4190367583339
"2753",2001,"G-23",6317.89938104797,476.016345208193,NA,NA
"2754",2001,"GF1918",6301.68250779119,645.014433763566,NA,NA
"2755",2001,"GF2019",6299.72818077614,603.110506375215,NA,NA
"2756",2001,"GF2221",6299.1997475855,531.282501339695,NA,NA
"2757",2001,"H-01",6358.74381662898,696.573463259267,NA,NA
"2758",2001,"H-02",6362.06198883461,734.399032858627,81.2010403994893,81.2010403994893
"2759",2001,"H-03",6363.69272659761,772.200799837511,81.323761512954,81.323761512954
"2760",2001,"H-04",6366.8212492038,809.65980783436,95.707220260017,95.707220260017
"2761",2001,"H-05",6369.2827192447,846.913256940161,95.9427283216511,95.9427283216511
"2762",2001,"H-06",6371.36059774702,884.029742036678,NA,NA
"2763",2001,"H-07",6375.64003376659,920.542566057086,102.721374394747,102.721374394747
"2764",2001,"H-08",6379.09071078799,957.775356959957,NA,NA
"2765",2001,"H-18",6358.54490698727,659.565992066531,73.477378556813,73.477378556813
"2766",2001,"H-19",6355.50448219,620.886423743534,NA,NA
"2767",2001,"H-22",6354.29114110128,509.250772564723,NA,NA
"2768",2001,"H-24",6355.78067254938,434.118505716977,NA,NA
"2769",2001,"HG1918",6337.78021602601,641.055128145884,56.3289549608872,56.3289549608872
"2770",2001,"HG2019",6336.75975701424,601.864574779193,55.7115791582522,55.7115791582522
"2771",2001,"I-01",6396.36283955077,692.916330589872,NA,NA
"2772",2001,"I-02",6399.26670150496,731.07284203585,92.744617163576,92.744617163576
"2773",2001,"I-03",6400.38038390534,768.953617639233,88.7029539110397,88.7029539110397
"2774",2001,"I-04",6404.38278598653,806.180803977829,89.8014414409488,89.8014414409488
"2775",2001,"I-05",6406.30629124721,842.716630890498,82.1259134626539,82.1259134626539
"2776",2001,"I-06",6409.86147403054,880.004790882113,NA,NA
"2777",2001,"I-07",6412.56287488436,917.13851614302,88.5708157979424,88.5708157979424
"2778",2001,"I-18",6394.57936648757,655.256985920856,NA,NA
"2779",2001,"I-19",6393.13778925548,616.723342799207,71.6428939645045,71.6428939645045
"2780",2001,"I-20",6392.12231433987,580.178929073726,94.4238098779152,94.4238098779152
"2781",2001,"I-21",6391.52502202178,543.412274845585,96.6597050000406,96.6597050000406
"2782",2001,"I-22",6391.11049267845,506.622789037677,93.8305225966767,93.8305225966767
"2783",2001,"I-24",6392.27219357118,430.562038546323,NA,NA
"2784",2001,"IH1918",6375.07989510994,633.960981790017,63.0333361518175,63.0333361518175
"2785",2001,"IH2019",6373.43723126959,597.988000952307,64.4321513831611,64.4321513831611
"2786",2001,"IH2120",6373.39747118081,560.656177420903,97.6965990681408,97.6965990681408
"2787",2001,"IH2221",6372.61750478069,524.967199461742,NA,NA
"2788",2001,"J-01",6433.60003125676,688.809026919238,92.5219643972774,92.5219643972774
"2789",2001,"J-02",6435.39531940375,727.001180794896,92.578874098362,92.578874098362
"2790",2001,"J-03",6437.7145712397,764.732481905317,86.0497228332429,86.0497228332429
"2791",2001,"J-04",6438.77015060534,801.670290098518,79.6855859951726,79.6855859951726
"2792",2001,"J-05",6442.38469123662,839.861790236318,86.3138157588529,86.3138157588529
"2793",2001,"J-06",6446.17190126179,876.496351558759,NA,NA
"2794",2001,"J-18",6429.84728079071,651.242056870333,NA,NA
"2795",2001,"J-19",6429.98204339779,615.155092002705,96.3817920276915,96.3817920276915
"2796",2001,"J-20",6428.5799494598,577.999540477142,96.6164822901008,96.6164822901008
"2797",2001,"J-21",6429.01009769519,539.379783270693,77.2688853398365,77.2688853398365
"2798",2001,"J-22",6428.91639434025,501.466128286182,93.9170221252844,93.9170221252844
"2799",2001,"J-23",6429.67122815578,464.503775625145,NA,NA
"2800",2001,"J-26",6431.42928565879,353.430257501989,NA,NA
"2801",2001,"JI1918",6413.81412352925,634.821748880946,84.0972202562693,84.0972202562693
"2802",2001,"JI2019",6410.36012404962,597.047466565092,91.4775417731989,91.4775417731989
"2803",2001,"JI2120",6411.14221011042,559.53749622954,67.2322792345912,67.2322792345912
"2804",2001,"JI2221",6409.62706455106,523.315000309835,94.2626968236203,94.2626968236203
"2805",2001,"K-01",6470.64187792868,684.958246085004,NA,NA
"2806",2001,"K-02",6470.81397346841,722.194512067699,NA,NA
"2807",2001,"K-03",6473.89344138941,760.491162367181,79.5192917836607,79.5192917836607
"2808",2001,"K-04",6475.09475964833,796.734560189454,NA,NA
"2809",2001,"K-18",6467.60481003989,648.208224663305,NA,NA
"2810",2001,"K-19",6466.72583295607,610.280961780517,92.8988844043469,92.8988844043469
"2811",2001,"K-20",6466.39236233774,575.095314034945,96.6149167016661,96.6149167016661
"2812",2001,"K-21",6466.00883546713,536.645980262399,90.2002342755643,90.2002342755643
"2813",2001,"K-22",6465.83815304825,498.709074006876,100.381292505136,100.381292505136
"2814",2001,"K-23",6466.28970647236,461.57089591864,89.0884462277771,89.0884462277771
"2815",2001,"K-24",6466.61628576165,424.231559675562,NA,NA
"2816",2001,"K-25",6467.52463253212,386.867862513803,NA,NA
"2817",2001,"L-01",6507.71954174509,681.400446406293,NA,NA
"2818",2001,"L-02",6508.93688270027,719.16420647315,NA,NA
"2819",2001,"L-18",6505.46546183507,643.120895926942,90.7589458960444,90.7589458960444
"2820",2001,"L-19",6503.77114111491,607.335964782675,96.2194641529989,96.2194641529989
"2821",2001,"L-20",6503.65177999193,569.989746256583,90.8691306677751,90.8691306677751
"2822",2001,"L-21",6503.68753885769,532.843431175318,90.3443046365691,90.3443046365691
"2823",2001,"L-22",6502.74782632692,495.296304182313,101.127348378863,101.127348378863
"2824",2001,"L-23",6503.19870835169,458.476615700637,97.6563833114713,97.6563833114713
"2825",2001,"L-24",6503.11258401027,420.129441692493,57.1964333628998,57.1964333628998
"2826",2001,"L-25",6504.79940328754,383.824566646129,NA,NA
"2827",2001,"L-26",6506.51533251346,348.297309421948,NA,NA
"2828",2001,"L-29",6512.76371607846,236.344058198941,NA,NA
"2829",2001,"L-30",6515.20156425114,198.06680824875,NA,NA
"2830",2001,"M-18",6542.06033517019,640.485801835414,NA,NA
"2831",2001,"M-19",6541.61019394722,602.418843551217,92.4348407889513,92.4348407889513
"2832",2001,"M-20",6540.30850709477,567.507292678691,79.7226539254108,79.7226539254108
"2833",2001,"M-21",6540.31415911557,529.667331579601,95.5217137713228,95.5217137713228
"2834",2001,"M-22",6540.14096260543,493.217903636101,96.486313601238,96.486313601238
"2835",2001,"M-23",6540.33326987488,455.162223009731,98.8589817553954,98.8589817553954
"2836",2001,"M-24",6540.79207551761,417.462324768607,85.4073604925489,85.4073604925489
"2837",2001,"M-25",6542.28975987213,380.224081683847,62.6707441904889,62.6707441904889
"2838",2001,"M-27",6545.05274930042,306.6398119546,NA,NA
"2839",2001,"M-30",6549.6515149457,194.609228900788,NA,NA
"2840",2001,"N-18",6579.87840201315,638.059873357358,NA,NA
"2841",2001,"N-19",6578.26990435091,599.993065293306,NA,NA
"2842",2001,"N-20",6577.51916380576,564.444385747817,91.3353223501685,91.3353223501685
"2843",2001,"N-21",6577.24142492612,526.487960575868,95.9172591776963,95.9172591776963
"2844",2001,"N-22",6576.89250637553,489.609991379082,95.5669338157289,95.5669338157289
"2845",2001,"N-23",6577.68904641233,452.344318328021,89.9669617280822,89.9669617280822
"2846",2001,"N-24",6578.12115006533,414.799832232157,92.5031360332144,92.5031360332144
"2847",2001,"N-25",6579.22144649817,377.610340071853,89.8287719621254,89.8287719621254
"2848",2001,"N-27",6581.76112296467,303.828638729309,NA,NA
"2849",2001,"N-29",6587.17926427436,229.613206805999,NA,NA
"2850",2001,"N-30",6589.76588135258,193.191057535434,81.3328325751277,81.3328325751277
"2851",2001,"O-19",6616.54599876752,600.34167590664,NA,NA
"2852",2001,"O-20",6614.88238117843,561.016173463628,92.7020223781458,92.7020223781458
"2853",2001,"O-21",6614.48383519122,523.644127752372,95.6539675518551,95.6539675518551
"2854",2001,"O-22",6614.64761186098,486.716746244689,94.1536695451152,94.1536695451152
"2855",2001,"O-23",6615.20073721211,449.324386140534,82.380674837379,82.380674837379
"2856",2001,"O-24",6615.36594813803,411.910803866045,95.7777079587734,95.7777079587734
"2857",2001,"O-25",6616.3756665425,374.251681461146,99.9192497580964,99.9192497580964
"2858",2001,"O-26",6617.60250636667,338.502056026402,91.9140287247834,91.9140287247834
"2859",2001,"O-27",6618.61759579521,305.558703909982,55.3713367361213,55.3713367361213
"2860",2001,"O-30",6627.67826222349,188.980627544047,NA,NA
"2861",2001,"ON2524",6597.68439365119,393.822129458797,97.5603448410116,97.5603448410116
"2862",2001,"ON2625",6598.70227916827,358.677264447551,95.8950530563344,95.8950530563344
"2863",2001,"P-18",6653.7273942507,630.07738027687,NA,NA
"2864",2001,"P-19",6653.93983897974,593.707343176686,NA,NA
"2865",2001,"P-20",6652.77054886096,558.294448573405,NA,NA
"2866",2001,"P-21",6651.53942193166,520.89943179709,87.3731747882767,87.3731747882767
"2867",2001,"P-22",6652.85246014118,481.391006906417,90.6695551587302,90.6695551587302
"2868",2001,"P-23",6651.45901537225,446.251955686269,86.5964831194362,86.5964831194362
"2869",2001,"P-24",6652.65874237673,408.999861469428,96.8302150792467,96.8302150792467
"2870",2001,"P-25",6653.84547201252,371.370313845744,NA,NA
"2871",2001,"P-26",6655.03225336434,335.126727598859,NA,NA
"2872",2001,"P-27",6657.21094427103,299.259560358867,53.832232423583,53.832232423583
"2873",2001,"P-28",6660.21656840616,264.930794147008,NA,NA
"2874",2001,"P-29",6661.84849130794,225.196874465677,NA,NA
"2875",2001,"P-30",6665.27864574199,181.511531285475,NA,NA
"2876",2001,"P-31",6667.65004625722,153.879453179113,NA,NA
"2877",2001,"P-32",6672.0372311185,114.971845104613,62.9934277676855,62.9934277676855
"2878",2001,"PO2423",6633.65663128349,429.778811470082,74.4552083791161,74.4552083791161
"2879",2001,"PO2524",6634.1863345155,392.949902317501,100.77980214809,100.77980214809
"2880",2001,"PO2625",6635.8046707139,355.39407709319,99.7017111321303,99.7017111321303
"2881",2001,"PO2726",6637.47324672177,318.066521125481,64.228271442096,64.228271442096
"2882",2001,"Q-18",6689.81176894577,626.140706663351,NA,NA
"2883",2001,"Q-19",6686.01329167771,592.459995245371,NA,NA
"2884",2001,"Q-20",6688.52131135838,553.530702863001,NA,NA
"2885",2001,"Q-21",6688.18339065518,518.54338082407,91.6902485807009,91.6902485807009
"2886",2001,"Q-22",6691.0807959455,482.47286719899,91.9335873257568,91.9335873257568
"2887",2001,"Q-23",6689.56731975556,441.680685531781,NA,NA
"2888",2001,"Q-25",6691.01294601608,366.164260670335,NA,NA
"2889",2001,"Q-26",6692.61381315959,329.73659634485,87.7928423005296,87.7928423005296
"2890",2001,"Q-27",6692.72092657681,294.51420711026,NA,NA
"2891",2001,"Q-28",6698.38457154999,258.596191571086,NA,NA
"2892",2001,"Q-29",6699.82080374229,222.458495787332,60.3288495853517,60.3288495853517
"2893",2001,"Q-30",6702.77143250208,184.361735738815,NA,NA
"2894",2001,"Q-31",6704.38482664424,148.03235450066,66.5762945575816,66.5762945575816
"2895",2001,"QP2423",6670.13591286977,426.411212863226,NA,NA
"2896",2001,"QP2524",6673.97974235181,387.381846016793,NA,NA
"2897",2001,"QP2625",6672.83247970039,357.350442443833,NA,NA
"2898",2001,"QP2726",6675.29919164984,313.341754320202,72.5573462341027,72.5573462341027
"2899",2001,"R-22",6728.45720512696,474.087460129523,86.5774583183141,86.5774583183141
"2900",2001,"R-23",6726.38558641674,439.071937093423,NA,NA
"2901",2001,"R-24",6727.05294462316,402.445618828084,NA,NA
"2902",2001,"R-25",6728.41623411682,365.286516778712,NA,NA
"2903",2001,"R-26",6729.912165959,327.829982554746,80.4318047439044,80.4318047439044
"2904",2001,"R-27",6731.58512227076,290.938772096807,69.9776766142559,69.9776766142559
"2905",2001,"R-28",6733.26237538162,256.514568054993,92.0523778907361,92.0523778907361
"2906",2001,"R-29",6737.72481283216,215.934021545613,95.8321850931274,95.8321850931274
"2907",2001,"R-30",6740.15661927794,182.168816552576,87.4905698273074,87.4905698273074
"2908",2001,"R-31",6743.3623426065,144.9209518161,92.1380318830114,92.1380318830114
"2909",2001,"R-32",6747.23242688271,108.114676106543,87.0753386595285,87.0753386595285
"2910",2001,"S-22",6761.55087281957,472.914574386107,NA,NA
"2911",2001,"S-23",6764.06796445134,435.563709071973,NA,NA
"2912",2001,"S-24",6764.39332785158,401.911949884363,NA,NA
"2913",2001,"S-25",6767.98144389025,365.584450695204,NA,NA
"2914",2001,"S-26",6766.35460825668,327.211619140739,82.6939336407647,82.6939336407647
"2915",2001,"S-27",6768.4679511638,289.850266602522,88.7373627498552,88.7373627498552
"2916",2001,"S-28",6771.24390859824,253.595595649525,96.6185351599345,96.6185351599345
"2917",2001,"S-29",6774.60586132973,214.41076126765,98.141142076274,98.141142076274
"2918",2001,"S-30",6777.65949868672,177.352931561435,99.1360342912982,99.1360342912982
"2919",2001,"S-31",6780.62246949645,141.59905037472,97.171526834024,97.171526834024
"2920",2001,"T-25",6802.27858487241,361.728155007131,NA,NA
"2921",2001,"T-26",6804.64206558212,321.226128863822,86.8742431822486,86.8742431822486
"2922",2001,"T-27",6806.67025280249,285.402990730163,94.677954006592,94.677954006592
"2923",2001,"T-28",6808.46950912941,249.961148826877,98.2422054211549,98.2422054211549
"2924",2001,"T-29",6811.74767451806,216.17633524431,100.129042068191,100.129042068191
"2925",2001,"T-30",6814.94706689447,180.307065960092,95.7166975059746,95.7166975059746
"2926",2001,"U-25",6839.74814363188,358.644998983239,76.6758512961343,76.6758512961343
"2927",2001,"U-26",6841.62831804075,317.687072383477,64.8331434416484,64.8331434416484
"2928",2001,"U-27",6844.04107371068,283.77076798927,NA,NA
"2929",2001,"U-28",6846.0903541795,247.088367298463,NA,NA
"2930",2001,"U-29",6849.88048480196,211.096618961,NA,NA
"2931",2001,"V-25",6877.3871249633,351.112633683786,74.0074339498089,74.0074339498089
"2932",2001,"V-26",6879.46282961112,315.01187204028,NA,NA
"2933",2001,"V-27",6881.36949504892,281.768593059092,NA,NA
"2934",2001,"V-28",6883.19228709548,246.944931022621,NA,NA
"2935",2002,"A-02",6103.07758793827,759.729518534088,NA,NA
"2936",2002,"D-02",6219.17200100042,747.731002236445,NA,NA
"2937",2002,"E-18",6246.52362076724,670.35597499863,NA,NA
"2938",2002,"E-19",6245.4647293841,631.109256344677,NA,NA
"2939",2002,"F-02",6287.85145341383,740.790302900186,NA,NA
"2940",2002,"F-03",6288.67208269357,779.542774922335,NA,NA
"2941",2002,"F-19",6282.3983159621,627.892716050172,NA,NA
"2942",2002,"F-21",6281.29180013314,553.242452447312,NA,NA
"2943",2002,"F-22",6281.02518192319,516.894764372912,NA,NA
"2944",2002,"F-24",6280.69865617264,440.951009756091,NA,NA
"2945",2002,"G-06",6333.72452305182,887.912171109958,NA,NA
"2946",2002,"G-18",6320.32266470196,662.364239121979,NA,NA
"2947",2002,"G-20",6318.29934097102,588.148203602381,98.5151936365283,98.5151936365283
"2948",2002,"G-21",6319.18598831133,549.569535419227,NA,NA
"2949",2002,"G-22",6317.4904319126,512.115596789954,NA,NA
"2950",2002,"G-23",6316.39754369512,476.828292782013,68.722292198211,68.722292198211
"2951",2002,"G-25",6318.48164318395,399.659161270315,NA,NA
"2952",2002,"G-26",6320.32039531603,364.11084026362,NA,NA
"2953",2002,"GF1918",6301.1163889791,644.157378185552,NA,NA
"2954",2002,"GF2120",6299.23139089736,567.888291790633,95.5870877940531,95.5870877940531
"2955",2002,"GF2221",6299.9494201759,531.792090406236,63.0280607092194,63.0280607092194
"2956",2002,"H-02",6361.25677030268,733.078166188145,64.0730174749499,64.0730174749499
"2957",2002,"H-05",6367.05981404407,846.58731029604,NA,NA
"2958",2002,"H-06",6369.84281795033,884.482102085648,103.076112423782,103.076112423782
"2959",2002,"H-07",6375.45244735647,920.767890856418,101.015017439018,101.015017439018
"2960",2002,"H-08",6380.22981416493,956.988535654776,NA,NA
"2961",2002,"H-23",6354.14679853045,472.444949801897,NA,NA
"2962",2002,"H-25",6357.91890602644,395.823377627548,NA,NA
"2963",2002,"H-26",6356.96323047175,360.277102830135,NA,NA
"2964",2002,"HG1918",6337.96010278774,643.202443536979,NA,NA
"2965",2002,"HG2019",6336.61424148155,601.74442555531,NA,NA
"2966",2002,"I-02",6395.51063380362,728.941821346684,NA,NA
"2967",2002,"I-05",6406.00107257076,842.706318967515,101.540951234639,101.540951234639
"2968",2002,"I-06",6409.93900551847,879.847114665384,100.476660099674,100.476660099674
"2969",2002,"I-07",6412.65183657265,917.147322856164,NA,NA
"2970",2002,"I-08",6418.40618709187,953.642543411248,NA,NA
"2971",2002,"I-18",6395.10925307422,655.517275899462,NA,NA
"2972",2002,"I-19",6393.9025109205,617.435375345709,NA,NA
"2973",2002,"I-20",6392.71214090859,580.775865108669,65.3905957539713,65.3905957539713
"2974",2002,"I-21",6391.53891298875,545.089363921163,NA,NA
"2975",2002,"I-22",6391.70874312383,506.875944654946,NA,NA
"2976",2002,"I-23",6391.73508319968,468.393748467735,NA,NA
"2977",2002,"I-26",6394.33868314639,357.115870047872,NA,NA
"2978",2002,"IH1918",6375.1337014531,635.752591095394,60.2759803436873,60.2759803436873
"2979",2002,"IH2019",6373.53997800046,596.36708154977,69.3563710021136,69.3563710021136
"2980",2002,"J-01",6433.01642202733,688.611388155831,NA,NA
"2981",2002,"J-03",6437.0127181829,764.345959802868,NA,NA
"2982",2002,"J-04",6439.32669583972,800.826833564962,NA,NA
"2983",2002,"J-05",6443.54450228829,838.779898361348,NA,NA
"2984",2002,"J-06",6447.33974522472,876.637831719277,98.2825188453863,98.2825188453863
"2985",2002,"J-18",6431.21549131381,651.542013811563,NA,NA
"2986",2002,"J-20",6429.38043418216,576.113172715549,57.2848246313277,57.2848246313277
"2987",2002,"J-21",6428.75501036278,539.761229111402,54.4689969730873,54.4689969730873
"2988",2002,"J-22",6427.36158023367,502.491999179859,NA,NA
"2989",2002,"J-25",6430.06605134181,389.942703910051,NA,NA
"2990",2002,"J-26",6431.59722894788,353.424002164519,53.6049674366729,53.6049674366729
"2991",2002,"JI1918",6411.99961373698,634.053840279749,NA,NA
"2992",2002,"JI2019",6411.5599578172,596.297033638241,NA,NA
"2993",2002,"JI2120",6410.53307266351,560.131253476634,56.7141959176173,56.7141959176173
"2994",2002,"K-01",6472.23056546501,685.472705081255,87.6862287734894,87.6862287734894
"2995",2002,"K-02",6472.99155458311,722.875441487312,NA,NA
"2996",2002,"K-03",6475.22845878585,759.603807805139,NA,NA
"2997",2002,"K-04",6477.19851550828,797.157772757204,NA,NA
"2998",2002,"K-18",6468.09699730135,648.345357734931,83.9493683878063,83.9493683878063
"2999",2002,"K-19",6467.34774488035,609.833211331332,NA,NA
"3000",2002,"K-20",6467.44758305454,574.244245027797,NA,NA
"3001",2002,"K-21",6465.76888263338,536.041763900766,72.1552851512451,72.1552851512451
"3002",2002,"K-22",6465.08152480505,498.983812003638,54.1274725904192,54.1274725904192
"3003",2002,"K-23",6466.1391179199,461.598708119412,NA,NA
"3004",2002,"K-25",6466.90773780187,387.013644800095,NA,NA
"3005",2002,"L-01",6507.25697192048,682.096204642961,97.1580583577892,97.1580583577892
"3006",2002,"L-02",6509.84246455019,719.589714450952,NA,NA
"3007",2002,"L-05",6517.13533960629,830.411792180436,NA,NA
"3008",2002,"L-18",6505.84073535916,645.246222323658,NA,NA
"3009",2002,"L-19",6504.46371850776,607.424222164952,84.2020056875174,84.2020056875174
"3010",2002,"L-20",6503.743791854,569.997083438412,63.5672272025365,63.5672272025365
"3011",2002,"L-21",6502.36511558023,532.428439124537,NA,NA
"3012",2002,"L-22",6502.49324235646,495.431457514469,NA,NA
"3013",2002,"L-23",6502.72072591216,458.190418806269,91.3486913173971,91.3486913173971
"3014",2002,"L-24",6504.74650192557,420.209970914719,NA,NA
"3015",2002,"L-26",6508.54547548961,347.262408935872,NA,NA
"3016",2002,"M-01",6543.75817282531,679.280862747278,NA,NA
"3017",2002,"M-18",6540.99346073677,641.902692895827,101.102660912728,101.102660912728
"3018",2002,"M-19",6541.14208618584,604.170832654601,96.4166801266374,96.4166801266374
"3019",2002,"M-20",6540.19816811,565.89976843461,NA,NA
"3020",2002,"M-21",6539.65085366754,529.353252904967,NA,NA
"3021",2002,"M-22",6539.1855588329,493.549516124786,94.7532484460783,94.7532484460783
"3022",2002,"M-23",6540.22027416212,454.543504838575,94.5413367538698,94.5413367538698
"3023",2002,"M-25",6541.66221295053,380.124291727125,NA,NA
"3024",2002,"M-28",6546.96578742148,270.533997576716,NA,NA
"3025",2002,"M-32",6559.69886432578,120.675434903818,NA,NA
"3026",2002,"N-18",6579.60413174794,639.168989832397,NA,NA
"3027",2002,"N-19",6579.01221447552,600.258333603272,97.848967989568,97.848967989568
"3028",2002,"N-20",6578.43268482684,564.096290993294,NA,NA
"3029",2002,"N-21",6577.82808155248,526.774849839733,91.2789592349999,91.2789592349999
"3030",2002,"N-22",6575.20135592935,489.480118526001,99.8073659588746,99.8073659588746
"3031",2002,"N-23",6576.75928813601,452.731299315674,99.2871767361062,99.2871767361062
"3032",2002,"N-25",6579.73032634671,377.484180548165,NA,NA
"3033",2002,"N-27",6583.07490271788,302.731047617969,NA,NA
"3034",2002,"N-30",6589.44128093222,194.324834864374,NA,NA
"3035",2002,"O-19",6614.58274791762,596.614439636331,100.728315529928,100.728315529928
"3036",2002,"O-20",6614.88518057519,561.221510727038,91.4033610419641,91.4033610419641
"3037",2002,"O-21",6614.44913805037,524.139840884344,71.6435322340625,71.6435322340625
"3038",2002,"O-22",6613.99749810276,486.187629031459,97.0917318906494,97.0917318906494
"3039",2002,"O-23",6616.04985819708,449.994877964974,94.6603251803725,94.6603251803725
"3040",2002,"O-24",6615.47724255164,411.34985814881,83.7575062623116,83.7575062623116
"3041",2002,"O-28",6621.62092222021,268.79045069464,NA,NA
"3042",2002,"O-29",6624.09053184245,225.621978419046,NA,NA
"3043",2002,"O-30",6627.24898183493,187.959619334512,62.7457256233571,62.7457256233571
"3044",2002,"P-19",6652.66383854851,593.234217758407,NA,NA
"3045",2002,"P-21",6652.9794658388,520.407034295052,89.0550831260864,89.0550831260864
"3046",2002,"P-22",6648.79023172212,483.757045628286,88.8505750257512,88.8505750257512
"3047",2002,"P-23",6649.3331069522,447.26739032766,98.3038077765574,98.3038077765574
"3048",2002,"P-24",6652.15780240699,408.532404402417,97.7703168834996,97.7703168834996
"3049",2002,"P-25",6654.14336019492,371.154372678753,91.7031827367209,91.7031827367209
"3050",2002,"P-28",6660.15251025483,261.845288625761,61.4129477364486,61.4129477364486
"3051",2002,"P-30",6665.41401842207,181.125003671805,NA,NA
"3052",2002,"P-31",6668.15510294616,153.341083740161,NA,NA
"3053",2002,"P-32",6672.2530277751,114.508855753609,NA,NA
"3054",2002,"PO2423",6632.72111009876,429.475940189147,97.954176598554,97.954176598554
"3055",2002,"PO2524",6633.26819007708,393.453356371897,NA,NA
"3056",2002,"Q-20",6689.8937330812,552.389789430866,NA,NA
"3057",2002,"Q-21",6689.33303919601,518.374118708248,92.4745762664799,92.4745762664799
"3058",2002,"Q-22",6688.3939810631,480.480306302059,NA,NA
"3059",2002,"Q-23",6689.05172355656,441.048940195023,NA,NA
"3060",2002,"Q-25",6690.7435714045,365.911443648035,NA,NA
"3061",2002,"Q-26",6690.63254532985,330.905485485786,94.3886757014853,94.3886757014853
"3062",2002,"Q-28",6696.52634402879,257.926580487198,97.2944002747971,97.2944002747971
"3063",2002,"Q-29",6699.16369246176,223.098585082619,82.9147906867804,82.9147906867804
"3064",2002,"Q-31",6704.93691550322,148.544424835113,60.145661513378,60.145661513378
"3065",2002,"QP2423",6670.95729875353,426.00584172332,NA,NA
"3066",2002,"QP2524",6672.63396461585,388.058561761789,NA,NA
"3067",2002,"QP2625",6672.08475869721,357.213249159361,93.2943919487177,93.2943919487177
"3068",2002,"R-22",6725.43116657519,476.311787596146,93.956734662981,93.956734662981
"3069",2002,"R-23",6726.6401928883,438.253422762605,NA,NA
"3070",2002,"R-26",6729.28184194623,328.07590305598,95.0054358639712,95.0054358639712
"3071",2002,"R-27",6731.84619079188,291.506642561604,94.9691425138224,94.9691425138224
"3072",2002,"R-28",6734.63910438109,256.344768799269,97.9907555864783,97.9907555864783
"3073",2002,"R-29",6737.06378236113,214.78153479113,96.6369678509114,96.6369678509114
"3074",2002,"R-30",6739.81071741084,183.152402732492,74.1181336853325,74.1181336853325
"3075",2002,"R-31",6743.68566139216,145.181335650045,74.8113487467647,74.8113487467647
"3076",2002,"R-32",6747.33249938817,108.558042469795,88.1163578332584,88.1163578332584
"3077",2002,"S-22",6761.21253548438,473.615463725399,89.4056596037524,89.4056596037524
"3078",2002,"S-23",6762.84606530625,436.599507010505,NA,NA
"3079",2002,"S-24",6763.13915165157,401.547300094662,87.0291435493353,87.0291435493353
"3080",2002,"S-25",6765.13472548162,365.91805703991,91.8892659330319,91.8892659330319
"3081",2002,"S-26",6767.60169989318,327.751825134214,NA,NA
"3082",2002,"S-27",6770.20982652942,290.899949752727,98.7530617476971,98.7530617476971
"3083",2002,"S-28",6772.04865996946,254.177629634689,97.2422779982155,97.2422779982155
"3084",2002,"S-29",6775.19604800458,213.787852171035,95.4871436351838,95.4871436351838
"3085",2002,"S-30",6778.97016975373,178.587162320767,102.20143630075,102.20143630075
"3086",2002,"S-31",6781.20529618549,142.208509733273,95.320774026628,95.320774026628
"3087",2002,"T-25",6803.10703984902,361.939867271767,NA,NA
"3088",2002,"T-26",6804.845420275,321.689496847726,NA,NA
"3089",2002,"T-27",6805.47047950238,287.811882047445,96.5614922366552,96.5614922366552
"3090",2002,"T-28",6808.48415432043,252.134365979796,96.5021446761865,96.5021446761865
"3091",2002,"T-29",6810.87104847357,217.857568569307,95.3178983876452,95.3178983876452
"3092",2002,"T-30",6814.21587817085,181.771142584983,101.026797587752,101.026797587752
"3093",2002,"U-25",6840.02175022614,358.703404385435,NA,NA
"3094",2002,"U-26",6841.97385760258,317.70537673707,NA,NA
"3095",2002,"U-27",6843.75754763967,283.848493424945,NA,NA
"3096",2002,"U-28",6846.33535033838,247.040245503963,98.5595048991982,98.5595048991982
"3097",2002,"U-29",6849.62088404531,211.37578464658,NA,NA
"3098",2002,"V-25",6875.92593825482,356.056272553052,NA,NA
"3099",2002,"V-26",6879.02915242148,316.927033676318,NA,NA
"3100",2002,"V-27",6881.18652720805,281.739224831318,NA,NA
"3101",2002,"V-28",6883.65387459107,246.976769506151,98.6186660683584,98.6186660683584
"3102",2003,"B-01",6138.94928513069,719.315062368351,NA,NA
"3103",2003,"B-06",6152.68911835493,909.362153046579,NA,NA
"3104",2003,"D-07",6225.88533865691,940.335809128732,NA,NA
"3105",2003,"E-03",6253.27663864071,783.447919435862,NA,NA
"3106",2003,"E-06",6261.92093806611,895.633288948696,NA,NA
"3107",2003,"F-06",6299.11599063872,891.710768273982,NA,NA
"3108",2003,"F-18",6283.29093535755,666.563786789983,NA,NA
"3109",2003,"F-19",6282.9414833336,628.062898821635,NA,NA
"3110",2003,"F-21",6280.8773848402,553.743873310945,NA,NA
"3111",2003,"F-22",6280.88183235219,517.89424529153,NA,NA
"3112",2003,"G-01",6322.14038662752,700.649297752952,NA,NA
"3113",2003,"G-04",6329.1322921942,812.897076368405,NA,NA
"3114",2003,"G-05",6332.19770261922,851.229037054124,NA,NA
"3115",2003,"G-06",6335.97178320152,888.261053539196,84.2997309839737,84.2997309839737
"3116",2003,"G-07",6343.68502788339,922.357016630754,NA,NA
"3117",2003,"G-08",6343.1370640299,962.633969417831,NA,NA
"3118",2003,"G-19",6320.07881888996,624.245389225239,NA,NA
"3119",2003,"G-23",6318.83646959447,475.575402611366,NA,NA
"3120",2003,"GF2019",6300.36808922805,603.924574266406,NA,NA
"3121",2003,"GF2221",6299.03231181854,531.664523388385,NA,NA
"3122",2003,"H-02",6361.83715349991,733.570276285633,83.9526882033521,83.9526882033521
"3123",2003,"H-03",6363.23817985207,771.897988112448,77.0494390328211,77.0494390328211
"3124",2003,"H-04",6366.19695922593,808.89172215307,NA,NA
"3125",2003,"H-05",6369.12450688189,846.690714209766,104.225018765942,104.225018765942
"3126",2003,"H-06",6372.80590318731,883.699808658346,89.2584390840635,89.2584390840635
"3127",2003,"H-19",6356.48185705264,620.695240757055,NA,NA
"3128",2003,"H-20",6354.94521376152,585.587827517569,NA,NA
"3129",2003,"H-23",6354.81470868949,471.877217872599,NA,NA
"3130",2003,"HG2019",6337.0174466132,601.837031384076,64.3575255691044,64.3575255691044
"3131",2003,"I-01",6396.11377907593,692.802740470175,NA,NA
"3132",2003,"I-02",6398.04840494084,731.417050524424,NA,NA
"3133",2003,"I-03",6400.62938152052,767.887120783608,96.7748825715998,96.7748825715998
"3134",2003,"I-04",6403.35071263095,805.276627431057,100.363695168254,100.363695168254
"3135",2003,"I-05",6406.11492117933,842.630679599906,91.9620774703947,91.9620774703947
"3136",2003,"I-06",6410.14180278273,880.416768275255,NA,NA
"3137",2003,"I-19",6392.44532432432,616.871994464607,99.0465851478464,99.0465851478464
"3138",2003,"I-20",6391.89830603735,581.147226779061,76.608966389035,76.608966389035
"3139",2003,"I-21",6391.87695832693,543.474722609121,75.3423511114915,75.3423511114915
"3140",2003,"I-23",6392.29217323266,468.481315323808,63.2022874347984,63.2022874347984
"3141",2003,"I-25",6393.00360980563,392.160627408929,NA,NA
"3142",2003,"IH1918",6375.26020161155,634.428561466105,NA,NA
"3143",2003,"IH2019",6374.79224988851,597.533060403566,NA,NA
"3144",2003,"IH2120",6373.63933162972,560.859360499364,NA,NA
"3145",2003,"J-01",6433.37425904383,689.139092786569,NA,NA
"3146",2003,"J-02",6434.88826598945,726.473144738818,93.4128835695711,93.4128835695711
"3147",2003,"J-03",6437.85222427569,764.45951534326,NA,NA
"3148",2003,"J-04",6440.84266277112,800.801288282207,87.9745084133214,87.9745084133214
"3149",2003,"J-05",6443.77241468543,839.484247509034,NA,NA
"3150",2003,"J-18",6431.9611343373,651.881101770183,NA,NA
"3151",2003,"J-19",6430.56601952959,614.641468493216,99.0966453541103,99.0966453541103
"3152",2003,"J-20",6429.14126561643,577.199790209779,96.879230226535,96.879230226535
"3153",2003,"J-21",6429.02884422543,539.698800065222,101.716277466559,101.716277466559
"3154",2003,"J-22",6428.75457925908,501.882607529082,NA,NA
"3155",2003,"J-23",6428.91240182216,464.697713372662,97.4450077761407,97.4450077761407
"3156",2003,"J-24",6428.4452734167,425.885611880821,NA,NA
"3157",2003,"J-25",6430.16637104252,389.617529987691,NA,NA
"3158",2003,"JI1918",6411.87880900826,634.506327854711,91.1712401683627,91.1712401683627
"3159",2003,"JI2019",6411.38679860153,597.269215548103,99.8017821812366,99.8017821812366
"3160",2003,"JI2120",6410.97088917989,560.071551039865,85.7707077277178,85.7707077277178
"3161",2003,"JI2221",6410.1086878712,523.044373267772,NA,NA
"3162",2003,"K-01",6470.28031270513,686.288644361712,NA,NA
"3163",2003,"K-02",6472.88850817063,723.919885789474,NA,NA
"3164",2003,"K-03",6475.64989616013,760.209825405206,NA,NA
"3165",2003,"K-18",6469.74665354249,648.27737601568,NA,NA
"3166",2003,"K-19",6467.15785358514,610.114186001227,91.366219686307,91.366219686307
"3167",2003,"K-20",6466.33474189262,574.346927464518,95.2526911472088,95.2526911472088
"3168",2003,"K-21",6465.86706749089,536.245840601538,104.316422105878,104.316422105878
"3169",2003,"K-22",6466.99312281028,499.449124341301,106.824244389287,106.824244389287
"3170",2003,"K-23",6466.71955827804,461.679602666762,104.655339516758,104.655339516758
"3171",2003,"K-25",6467.54553806872,386.625017650573,NA,NA
"3172",2003,"L-19",6503.93840075902,606.997887961925,NA,NA
"3173",2003,"L-20",6503.9060185049,570.469883715816,99.0402943696303,99.0402943696303
"3174",2003,"L-21",6503.21501551416,532.862212476894,103.323471600531,103.323471600531
"3175",2003,"L-22",6503.35785025429,494.968179181909,104.335230736633,104.335230736633
"3176",2003,"L-23",6503.47241853279,458.445023060761,105.169960222335,105.169960222335
"3177",2003,"L-24",6503.66359775789,420.497604059903,97.8701027960518,97.8701027960518
"3178",2003,"L-25",6504.80531544883,383.813135246489,NA,NA
"3179",2003,"L-31",6518.30945004148,161.740552023027,NA,NA
"3180",2003,"M-18",6541.95759670624,641.783660691012,NA,NA
"3181",2003,"M-20",6540.83782450737,567.015311765679,NA,NA
"3182",2003,"M-21",6540.32302029794,529.876676871714,100.895873500601,100.895873500601
"3183",2003,"M-22",6539.91715807805,492.051180468252,103.152039507583,103.152039507583
"3184",2003,"M-23",6540.48555215941,454.523375623934,103.227902321943,103.227902321943
"3185",2003,"M-25",6542.05575897581,379.921287427493,NA,NA
"3186",2003,"M-26",6542.83685102965,343.589030015888,NA,NA
"3187",2003,"M-27",6544.99949794543,306.91077845456,NA,NA
"3188",2003,"M-31",6556.12060252193,159.680960034911,NA,NA
"3189",2003,"N-20",6577.91717041037,564.858709081167,99.4239960933835,99.4239960933835
"3190",2003,"N-21",6577.51448384739,526.599840400586,96.1169678936076,96.1169678936076
"3191",2003,"N-22",6578.05683590993,489.576209117059,102.357479812465,102.357479812465
"3192",2003,"N-23",6577.99070116244,451.915714677764,102.206136986606,102.206136986606
"3193",2003,"N-24",6578.64613256733,414.119921284116,98.5639861372059,98.5639861372059
"3194",2003,"N-25",6579.323031921,376.369609088923,94.8465839843359,94.8465839843359
"3195",2003,"N-26",6580.74671659891,340.53457113396,89.4747760319079,89.4747760319079
"3196",2003,"N-28",6584.48817256509,266.713306222065,NA,NA
"3197",2003,"O-20",6614.96094446867,561.358880048561,NA,NA
"3198",2003,"O-21",6614.54814292775,523.510766888399,NA,NA
"3199",2003,"O-22",6614.91938627756,486.393537142977,100.740363368517,100.740363368517
"3200",2003,"O-23",6614.93405713677,449.278516381416,98.8982913385888,98.8982913385888
"3201",2003,"O-24",6615.19916366903,411.402161759953,100.025603851762,100.025603851762
"3202",2003,"O-25",6617.39425910828,373.00051552844,105.009700703096,105.009700703096
"3203",2003,"O-26",6617.99381716366,337.808540123982,101.703064802612,101.703064802612
"3204",2003,"O-27",6619.49017524696,305.609490189988,92.7498461606424,92.7498461606424
"3205",2003,"O-30",6627.82760633687,187.470424506534,NA,NA
"3206",2003,"ON2524",6597.34760854532,393.379567417274,99.1943534316278,99.1943534316278
"3207",2003,"ON2625",6598.19966600414,358.186002730276,100.344751706294,100.344751706294
"3208",2003,"P-20",6651.94265659226,558.452017956114,NA,NA
"3209",2003,"P-21",6651.39759374217,520.331558794032,95.5061579064768,95.5061579064768
"3210",2003,"P-22",6652.60734779802,483.149311903688,96.7588865740097,96.7588865740097
"3211",2003,"P-23",6652.16604890447,446.652992631298,NA,NA
"3212",2003,"P-24",6652.52952112806,408.27935584284,95.3758344238172,95.3758344238172
"3213",2003,"P-25",6653.77279784623,371.280976828595,NA,NA
"3214",2003,"P-26",6656.00146559612,334.899541701662,100.978321700669,100.978321700669
"3215",2003,"P-27",6657.04051111974,298.906295184942,95.4047555345572,95.4047555345572
"3216",2003,"P-28",6659.22625264099,263.228620279208,NA,NA
"3217",2003,"P-29",6661.29795759188,225.533960342064,NA,NA
"3218",2003,"P-30",6664.54792116026,182.395975387875,NA,NA
"3219",2003,"P-31",6667.07940969297,155.253771273482,81.9645703101029,81.9645703101029
"3220",2003,"PO2423",6633.38728700157,430.121372959963,96.6110479850967,96.6110479850967
"3221",2003,"PO2524",6634.61347450034,392.090074045227,90.7119450821686,90.7119450821686
"3222",2003,"PO2625",6636.00026743055,355.152288448109,101.643894248444,101.643894248444
"3223",2003,"PO2726",6637.37507635745,318.339914644591,NA,NA
"3224",2003,"Q-20",6688.68355545732,553.047841590222,NA,NA
"3225",2003,"Q-21",6688.04185490237,518.082699060187,88.0026071082623,88.0026071082623
"3226",2003,"Q-22",6688.91914981033,479.660467253504,NA,NA
"3227",2003,"Q-23",6688.93927620346,441.217492258886,NA,NA
"3228",2003,"Q-26",6692.82757248067,330.808176869148,96.7977340797235,96.7977340797235
"3229",2003,"Q-27",6693.80606650546,294.736012814312,93.7954411700524,93.7954411700524
"3230",2003,"Q-28",6696.16348690967,259.192817883964,94.6399542587896,94.6399542587896
"3231",2003,"Q-29",6699.05067053649,222.660662079295,65.0204703748816,65.0204703748816
"3232",2003,"Q-30",6702.40382517865,185.203949385588,NA,NA
"3233",2003,"Q-31",6704.95046456934,148.612698347308,NA,NA
"3234",2003,"QP2423",6670.09210587139,426.51249220241,NA,NA
"3235",2003,"QP2524",6673.40953737866,386.575558272382,NA,NA
"3236",2003,"QP2625",6668.16573657639,345.978691975139,98.2359515769418,98.2359515769418
"3237",2003,"QP2726",6675.10846240526,313.548814537988,99.3522295106216,99.3522295106216
"3238",2003,"R-22",6725.63444992049,476.564813402885,70.8411977725966,70.8411977725966
"3239",2003,"R-23",6726.44612447957,438.299278068083,95.8203005407702,95.8203005407702
"3240",2003,"R-24",6727.99708559941,403.195824781747,NA,NA
"3241",2003,"R-25",6728.53204923077,365.156309220842,NA,NA
"3242",2003,"R-26",6730.7980906086,328.441852803689,95.7757806172729,95.7757806172729
"3243",2003,"R-27",6731.54884911649,290.260153806873,98.063053789035,98.063053789035
"3244",2003,"R-28",6732.96994887804,256.453027041314,97.9997835022287,97.9997835022287
"3245",2003,"R-29",6737.85747933198,215.566266246486,80.0078790284578,80.0078790284578
"3246",2003,"R-30",6739.96777651486,183.047671953875,65.2923983690982,65.2923983690982
"3247",2003,"R-31",6741.90706469552,144.759523951,75.2692646502235,75.2692646502235
"3248",2003,"R-32",6747.62194675407,107.925863265617,NA,NA
"3249",2003,"S-22",6762.91293156415,473.985095905608,66.8232280689193,66.8232280689193
"3250",2003,"S-23",6763.60226845213,436.644953836079,NA,NA
"3251",2003,"S-24",6764.29967245749,402.114975720412,NA,NA
"3252",2003,"S-25",6765.5900037172,364.545694105405,98.9162275392094,98.9162275392094
"3253",2003,"S-26",6767.55668957843,328.299089667483,94.0407359912941,94.0407359912941
"3254",2003,"S-27",6768.06262745699,289.382075917724,98.8032052357919,98.8032052357919
"3255",2003,"S-28",6770.68569588571,253.733043993668,98.0805587217999,98.0805587217999
"3256",2003,"S-29",6774.94830891336,214.39502085967,90.8807033879197,90.8807033879197
"3257",2003,"S-30",6777.52810621865,176.916463502934,94.5232549993534,94.5232549993534
"3258",2003,"S-31",6781.19244414899,140.979147821679,69.558071118715,69.558071118715
"3259",2003,"T-25",6803.00774855689,361.490796899758,91.3865510941616,91.3865510941616
"3260",2003,"T-26",6804.49063145621,321.743469722731,84.1487537504634,84.1487537504634
"3261",2003,"T-27",6806.22772636192,285.871785918324,96.8294376426579,96.8294376426579
"3262",2003,"T-28",6808.30984098846,249.694323496867,101.935365701915,101.935365701915
"3263",2003,"T-29",6811.99467403217,216.234089137588,89.3226103314749,89.3226103314749
"3264",2003,"T-30",6815.15261564354,180.788382509037,91.9269510836237,91.9269510836237
"3265",2003,"U-25",6840.2774571584,358.803998976745,NA,NA
"3266",2003,"U-26",6842.28739828851,318.138597436993,84.5414029305714,84.5414029305714
"3267",2003,"U-27",6843.4192833747,283.660000971308,NA,NA
"3268",2003,"U-28",6846.57880348704,245.32579288443,97.5431268691373,97.5431268691373
"3269",2003,"U-29",6849.43562659609,210.36002855532,94.5924710367662,94.5924710367662
"3270",2003,"V-25",6876.57355070509,356.078206673515,70.3987405640664,70.3987405640664
"3271",2003,"V-26",6879.73280448672,316.896789832259,70.9796776222838,70.9796776222838
"3272",2003,"V-27",6880.14391505181,281.729384116766,NA,NA
"3273",2003,"V-28",6884.03238027606,247.417871150427,93.7036269487877,93.7036269487877
"3274",2004,"B-03",6142.32888177195,794.65388069302,NA,NA
"3275",2004,"B-06",6152.38728434551,908.640063377097,NA,NA
"3276",2004,"D-03",6215.61251639244,786.336574973048,NA,NA
"3277",2004,"E-05",6257.91482831359,858.356336245496,NA,NA
"3278",2004,"E-07",6264.90984183728,931.009006300887,NA,NA
"3279",2004,"E-18",6247.26884260905,669.778383359606,NA,NA
"3280",2004,"E-21",6244.00853422105,557.540992855484,NA,NA
"3281",2004,"F-02",6287.27910255391,741.188690158877,NA,NA
"3282",2004,"F-03",6289.49707193107,780.142002550391,NA,NA
"3283",2004,"F-22",6280.69092888478,516.534219285579,NA,NA
"3284",2004,"G-01",6322.36087375121,700.182272072887,NA,NA
"3285",2004,"G-06",6333.24332598432,887.743892073723,NA,NA
"3286",2004,"G-20",6317.91430324291,587.949450636286,97.4996803715078,97.4996803715078
"3287",2004,"G-21",6317.45406822357,550.793233447998,NA,NA
"3288",2004,"G-22",6318.59951149691,512.05193164951,NA,NA
"3289",2004,"H-01",6358.87396508369,696.334731120768,NA,NA
"3290",2004,"H-06",6372.94873450445,884.246971636896,NA,NA
"3291",2004,"H-07",6375.84937096098,920.120305413138,NA,NA
"3292",2004,"H-18",6357.90893201212,661.634378510775,NA,NA
"3293",2004,"H-19",6355.52184594498,619.828200888752,NA,NA
"3294",2004,"H-23",6354.1379244384,472.029425637744,54.8770148535105,54.8770148535105
"3295",2004,"H-24",6355.9306664227,433.999913585575,NA,NA
"3296",2004,"HG2019",6336.5744664014,601.712125881414,86.4815821807894,86.4815821807894
"3297",2004,"I-01",6396.13869560597,692.939283460046,98.1571840437851,98.1571840437851
"3298",2004,"I-03",6399.57111115175,768.438912929909,107.275631012627,107.275631012627
"3299",2004,"I-04",6403.1185599216,805.177705258509,NA,NA
"3300",2004,"I-05",6406.13537325942,842.515917662266,105.913616361358,105.913616361358
"3301",2004,"I-19",6394.59611892335,617.537556805251,78.3001759008996,78.3001759008996
"3302",2004,"I-20",6392.20559124543,580.335123311669,NA,NA
"3303",2004,"I-21",6391.23980169805,543.755460813818,NA,NA
"3304",2004,"I-22",6391.51180063882,505.885045745229,NA,NA
"3305",2004,"I-23",6391.39676691069,467.672440782707,75.1268264604491,75.1268264604491
"3306",2004,"I-24",6392.23904942923,429.516955138144,NA,NA
"3307",2004,"IH2120",6374.21475304333,560.50885857223,NA,NA
"3308",2004,"IH2221",6373.40608168207,523.43959119889,NA,NA
"3309",2004,"J-01",6433.16317732416,688.873222712486,103.057147590078,103.057147590078
"3310",2004,"J-02",6435.14396735752,726.574436206956,NA,NA
"3311",2004,"J-03",6438.18330754368,764.72800477574,NA,NA
"3312",2004,"J-04",6440.71454088174,800.902940124739,NA,NA
"3313",2004,"J-05",6442.81126228382,839.379745521461,NA,NA
"3314",2004,"J-18",6431.94997006679,651.073359810966,103.532112952591,103.532112952591
"3315",2004,"J-19",6430.57553332899,613.532333234768,101.852918350658,101.852918350658
"3316",2004,"J-20",6429.20732755741,577.045370955153,97.130947057764,97.130947057764
"3317",2004,"J-21",6427.57770039277,539.717069587318,86.6392893854111,86.6392893854111
"3318",2004,"J-22",6428.97135386025,502.322544759579,NA,NA
"3319",2004,"J-23",6428.9159243608,466.353160142516,NA,NA
"3320",2004,"J-24",6428.82969080441,425.544162790353,NA,NA
"3321",2004,"JI1918",6411.8626228422,634.571954505542,NA,NA
"3322",2004,"JI2019",6412.53419253096,596.725042168213,NA,NA
"3323",2004,"JI2120",6409.63125041662,560.10019032287,74.9240301463448,74.9240301463448
"3324",2004,"JI2221",6410.79452171229,521.852913740621,68.8636309033149,68.8636309033149
"3325",2004,"K-01",6469.85592617102,685.080805733501,NA,NA
"3326",2004,"K-02",6472.01290736858,723.44531095046,NA,NA
"3327",2004,"K-18",6468.83521850539,647.496399950766,93.763860550864,93.763860550864
"3328",2004,"K-19",6466.76923871104,609.360036482741,101.687571077977,101.687571077977
"3329",2004,"K-20",6466.47475218896,574.889319457134,102.745880315358,102.745880315358
"3330",2004,"K-21",6465.37722531883,536.314772975124,99.6211882719785,99.6211882719785
"3331",2004,"K-22",6466.18817515837,499.244660186876,99.9634177320881,99.9634177320881
"3332",2004,"L-01",6506.75367200783,681.611411672954,NA,NA
"3333",2004,"L-19",6502.39286729321,607.992407884127,NA,NA
"3334",2004,"L-20",6503.36926857716,570.595652944858,100.380146591101,100.380146591101
"3335",2004,"L-21",6501.65171539515,533.586292663711,100.821011909977,100.821011909977
"3336",2004,"L-22",6503.9711962353,495.561063409755,94.2815472541139,94.2815472541139
"3337",2004,"L-23",6503.43895722655,458.554588778593,NA,NA
"3338",2004,"L-24",6503.75307033981,420.615768892428,NA,NA
"3339",2004,"L-26",6505.9633374388,346.783439310882,NA,NA
"3340",2004,"M-18",6542.91869840041,641.92928848731,NA,NA
"3341",2004,"M-19",6542.59484785791,604.826157004755,86.7647321789046,86.7647321789046
"3342",2004,"M-20",6540.54066393587,566.51480208896,75.8436893023015,75.8436893023015
"3343",2004,"M-21",6538.88795412216,528.970848638545,101.433971840315,101.433971840315
"3344",2004,"M-22",6539.80102291083,492.21239244018,99.0893760332923,99.0893760332923
"3345",2004,"M-23",6539.14858350334,454.67134674709,95.5958195119104,95.5958195119104
"3346",2004,"M-24",6541.21192575452,418.982124464213,NA,NA
"3347",2004,"M-25",6541.90817455562,379.990833259135,NA,NA
"3348",2004,"M-28",6546.98886639143,268.905210291017,NA,NA
"3349",2004,"N-18",6579.81247628687,638.497910113025,NA,NA
"3350",2004,"N-19",6577.34901995922,600.851544454795,NA,NA
"3351",2004,"N-20",6577.55673312707,563.900546404063,89.4556952297527,89.4556952297527
"3352",2004,"N-21",6577.31549697043,526.089163326268,90.6102227357047,90.6102227357047
"3353",2004,"N-22",6576.96157831481,489.59880078514,91.606161685627,91.606161685627
"3354",2004,"N-23",6577.11141093665,452.359532413795,90.9514516403476,90.9514516403476
"3355",2004,"N-24",6577.98616209768,414.759231140515,67.6597845205054,67.6597845205054
"3356",2004,"N-25",6579.55135250295,377.971119501877,77.7114716672075,77.7114716672075
"3357",2004,"N-26",6580.80930393974,341.326949680166,67.6260692010495,67.6260692010495
"3358",2004,"N-27",6581.74903683221,303.685209869681,NA,NA
"3359",2004,"N-28",6584.30597079055,266.861786615741,60.7585964784576,60.7585964784576
"3360",2004,"N-29",6586.93754727878,229.993260799063,67.3780833690459,67.3780833690459
"3361",2004,"N-30",6589.55146431873,193.931148861293,NA,NA
"3362",2004,"O-21",6613.01996242914,523.647182956308,93.2533289469466,93.2533289469466
"3363",2004,"O-22",6615.10106072711,485.754610628178,72.623897731527,72.623897731527
"3364",2004,"O-23",6614.96601345613,449.385995407533,88.1048992521085,88.1048992521085
"3365",2004,"O-24",6615.27388171109,411.445920515258,90.2369177420146,90.2369177420146
"3366",2004,"O-25",6615.85605212311,373.895865221177,77.5434016996674,77.5434016996674
"3367",2004,"O-26",6617.38590282418,339.180942616515,77.4066370631395,77.4066370631395
"3368",2004,"O-28",6621.41549864242,269.096851798846,NA,NA
"3369",2004,"O-29",6624.55052468955,226.054142021374,NA,NA
"3370",2004,"O-30",6627.17981005984,188.304772871842,NA,NA
"3371",2004,"ON2524",6596.99887908838,393.497152374453,76.756219422853,76.756219422853
"3372",2004,"ON2625",6598.28252114053,358.531430380944,70.3283181412811,70.3283181412811
"3373",2004,"P-21",6653.93083304239,520.852441079828,86.5308337320393,86.5308337320393
"3374",2004,"P-22",6650.95314253798,483.353742203997,69.0927345016241,69.0927345016241
"3375",2004,"P-23",6651.22716762323,446.187205166156,70.1254112813575,70.1254112813575
"3376",2004,"P-24",6650.99402252585,410.443408636511,92.2735932641241,92.2735932641241
"3377",2004,"P-25",6653.73068327967,370.732449097357,92.9629630008179,92.9629630008179
"3378",2004,"P-26",6655.30684117323,335.320517596765,94.5381258721779,94.5381258721779
"3379",2004,"P-27",6657.20251190731,299.434852652896,NA,NA
"3380",2004,"P-28",6658.95807879837,262.1654182908,55.7188852967858,55.7188852967858
"3381",2004,"P-29",6661.55859911647,225.052328145341,68.0150017121369,68.0150017121369
"3382",2004,"P-30",6665.1362993911,181.849828452734,66.9609886211033,66.9609886211033
"3383",2004,"P-31",6668.14733315328,153.180177968968,67.1825664283238,67.1825664283238
"3384",2004,"PO2423",6632.98889695625,428.955556587108,88.7227024355968,88.7227024355968
"3385",2004,"PO2524",6633.20292884176,393.339551818114,88.2770997168793,88.2770997168793
"3386",2004,"PO2625",6635.60186181365,355.09184701696,94.1724705117062,94.1724705117062
"3387",2004,"PO2726",6638.24692703778,317.95037634184,75.4937816664992,75.4937816664992
"3388",2004,"Q-19",6689.81868215195,591.991136674181,NA,NA
"3389",2004,"Q-21",6688.65990720686,519.780818193485,85.3338333092591,85.3338333092591
"3390",2004,"Q-22",6688.31690645448,480.418598048308,73.1895446110459,73.1895446110459
"3391",2004,"Q-23",6689.04136559135,441.310813624517,69.8978199888213,69.8978199888213
"3392",2004,"Q-25",6703.50534631005,364.514925250551,84.6790268126455,84.6790268126455
"3393",2004,"Q-26",6692.60671946285,330.952442894635,97.6350633576854,97.6350633576854
"3394",2004,"Q-28",6696.45387352747,257.983222056893,86.7180412548598,86.7180412548598
"3395",2004,"Q-29",6699.24958959096,222.55946675383,77.032061172488,77.032061172488
"3396",2004,"Q-30",6702.61245973897,184.902474522186,61.4111506759463,61.4111506759463
"3397",2004,"Q-31",6705.23346067315,147.862243182269,NA,NA
"3398",2004,"QP2423",6670.67403559873,427.049025822329,74.12112719824,74.12112719824
"3399",2004,"QP2524",6672.87598468898,387.797274429119,79.8519856235384,79.8519856235384
"3400",2004,"QP2625",6668.50141728083,345.831170442864,96.6655459513422,96.6655459513422
"3401",2004,"QP2726",6676.41207926857,314.18451081993,98.9781283161421,98.9781283161421
"3402",2004,"R-22",6725.51284696923,476.33992784429,NA,NA
"3403",2004,"R-23",6726.31389274589,438.996929735854,87.4236924188043,87.4236924188043
"3404",2004,"R-24",6725.8798652802,404.864305172863,NA,NA
"3405",2004,"R-25",6729.62446669801,365.23344868492,NA,NA
"3406",2004,"R-26",6729.92696222423,328.919574813066,93.1349175774787,93.1349175774787
"3407",2004,"R-27",6731.89906631871,290.609003096653,99.1457536127145,99.1457536127145
"3408",2004,"R-28",6734.31495632542,257.021561767548,96.5077012339969,96.5077012339969
"3409",2004,"R-29",6736.94800520452,215.688516602265,86.8805149352114,86.8805149352114
"3410",2004,"R-30",6739.92370951761,183.27968762987,67.1847724599277,67.1847724599277
"3411",2004,"R-31",6743.40296474344,145.284984664077,NA,NA
"3412",2004,"R-32",6747.1449580505,108.262055643954,70.4941139999518,70.4941139999518
"3413",2004,"S-22",6763.66011638815,473.714795253043,NA,NA
"3414",2004,"S-23",6763.59186369644,436.853297979226,NA,NA
"3415",2004,"S-24",6763.92915327115,401.01157943946,NA,NA
"3416",2004,"S-25",6765.1938030091,364.877301925331,NA,NA
"3417",2004,"S-26",6767.27571633217,327.527688088559,91.0239746503032,91.0239746503032
"3418",2004,"S-27",6769.08767866833,290.299620285547,98.4019892090134,98.4019892090134
"3419",2004,"S-28",6770.85350000578,255.985493171487,97.5256259618001,97.5256259618001
"3420",2004,"S-29",6773.86545632761,214.008619506197,93.0406418151993,93.0406418151993
"3421",2004,"S-30",6778.20235934893,178.631595934322,93.4096809876316,93.4096809876316
"3422",2004,"S-31",6781.78747378701,141.847934681466,89.4831214214504,89.4831214214504
"3423",2004,"T-25",6802.33260854956,360.050065504266,NA,NA
"3424",2004,"T-26",6804.77359970769,321.152460016149,91.671773540559,91.671773540559
"3425",2004,"T-27",6807.41080707085,285.59901199296,93.698097214571,93.698097214571
"3426",2004,"T-28",6809.85032677786,247.875521962151,NA,NA
"3427",2004,"T-29",6811.49873901263,215.443327877079,93.3765689326969,93.3765689326969
"3428",2004,"T-30",6814.30962033798,179.128813489335,93.102635223559,93.102635223559
"3429",2004,"U-25",6840.24929337088,357.551990971778,NA,NA
"3430",2004,"U-26",6841.96374816555,318.59356369562,NA,NA
"3431",2004,"U-27",6844.15899476851,284.489691254583,92.2271367991006,92.2271367991006
"3432",2004,"U-28",6846.30660056663,246.944878649111,NA,NA
"3433",2004,"U-29",6850.75453841134,212.922187276323,92.7467416295315,92.7467416295315
"3434",2004,"V-25",6877.3807988996,355.021745567161,NA,NA
"3435",2004,"V-26",6879.24674859932,316.545484999777,NA,NA
"3436",2004,"V-27",6881.35588097329,280.940347412252,NA,NA
"3437",2004,"V-28",6883.74033771905,247.151424700604,NA,NA
"3438",2005,"A-03",6105.14013128779,798.91911734724,NA,NA
"3439",2005,"A-05",6110.29469131786,874.295724454476,NA,NA
"3440",2005,"B-01",6137.8401953206,718.578120639239,NA,NA
"3441",2005,"B-05",6147.89893316943,869.170067408101,NA,NA
"3442",2005,"C-02",6175.89449426271,752.71050241279,56.1549009799053,56.1549009799053
"3443",2005,"C-04",6182.47364003071,827.297886043295,NA,NA
"3444",2005,"C-05",6182.52577751143,865.522699357087,NA,NA
"3445",2005,"D-02",6212.72577170252,748.969444130733,NA,NA
"3446",2005,"D-03",6214.38018352752,788.180829096372,NA,NA
"3447",2005,"D-04",6218.7829117668,824.715970750455,NA,NA
"3448",2005,"D-05",6221.38096398378,862.216061853174,49.6086230140981,49.6086230140981
"3449",2005,"D-06",6223.36199025596,897.944193453802,NA,NA
"3450",2005,"D-07",6225.40999072407,939.221788670526,NA,NA
"3451",2005,"E-02",6251.50250037781,744.995208664774,NA,NA
"3452",2005,"E-03",6253.06971738275,783.350717014084,NA,NA
"3453",2005,"E-04",6255.43963757995,820.721802912566,NA,NA
"3454",2005,"E-07",6266.45617346693,934.532420601579,NA,NA
"3455",2005,"E-18",6247.17444586638,671.217458748621,NA,NA
"3456",2005,"E-20",6254.44591275796,593.063274444499,NA,NA
"3457",2005,"E-21",6243.88478608009,558.628467334123,NA,NA
"3458",2005,"E-22",6243.58884312443,519.081825722747,NA,NA
"3459",2005,"F-01",6285.18932551145,703.828362125768,NA,NA
"3460",2005,"F-02",6287.33174698162,740.881570699574,NA,NA
"3461",2005,"F-03",6290.21241568822,780.202402972771,NA,NA
"3462",2005,"F-19",6283.04971062073,628.050707488422,58.2879754590928,58.2879754590928
"3463",2005,"F-21",6281.57853746022,554.335789531241,NA,NA
"3464",2005,"F-22",6282.74623798603,517.215559684887,NA,NA
"3465",2005,"G-01",6322.1475477588,700.070876930653,NA,NA
"3466",2005,"G-03",6326.0593617039,774.836232602133,NA,NA
"3467",2005,"G-18",6318.63479138757,661.803648102188,79.9671033410949,79.9671033410949
"3468",2005,"G-22",6317.27749412865,513.282925127138,59.0758705467307,59.0758705467307
"3469",2005,"G-23",6318.66443551252,475.489061591476,NA,NA
"3470",2005,"GF1918",6301.16031472904,645.838769735018,68.1158082218806,68.1158082218806
"3471",2005,"GF2019",6299.78928468074,603.55466670081,NA,NA
"3472",2005,"GF2221",6299.28902858519,531.901152713202,55.3355395132112,55.3355395132112
"3473",2005,"H-01",6358.26884739849,696.074247818051,85.7957948335048,85.7957948335048
"3474",2005,"H-02",6360.87688436089,733.733749350593,73.8996360749037,73.8996360749037
"3475",2005,"H-03",6363.92068164282,771.968227538788,82.7970253902183,82.7970253902183
"3476",2005,"H-04",6366.42968846192,808.747192116183,NA,NA
"3477",2005,"H-05",6369.23507080352,847.089761039216,NA,NA
"3478",2005,"H-06",6372.48724220008,883.72980119833,91.4786813977129,91.4786813977129
"3479",2005,"H-13",6404.20212783944,1142.72296185255,NA,NA
"3480",2005,"H-18",6356.37865092732,657.670685033351,100.34873283609,100.34873283609
"3481",2005,"H-19",6356.18204393248,621.104385659667,91.1198931016697,91.1198931016697
"3482",2005,"H-20",6356.8260457248,585.29599084905,93.0237795808165,93.0237795808165
"3483",2005,"H-22",6354.31651854016,508.368688219517,87.9519447481743,87.9519447481743
"3484",2005,"H-23",6355.10973028808,471.473206728641,64.5767262281258,64.5767262281258
"3485",2005,"H-24",6354.88131185453,433.859258841863,NA,NA
"3486",2005,"HG1918",6338.46709743371,642.674284042599,NA,NA
"3487",2005,"HG2019",6336.51295096609,601.135452592662,70.5370868357682,70.5370868357682
"3488",2005,"I-01",6396.11852641372,692.820440060289,74.0903167652177,74.0903167652177
"3489",2005,"I-02",6398.34569672013,731.220933873679,98.0153012890456,98.0153012890456
"3490",2005,"I-03",6400.74583445853,767.765698394677,NA,NA
"3491",2005,"I-04",6403.80207837129,804.793904278816,99.0507234861764,99.0507234861764
"3492",2005,"I-18",6394.23853433728,655.392213597175,96.7950646268628,96.7950646268628
"3493",2005,"I-19",6395.72035134091,617.144233383647,95.6919547108701,95.6919547108701
"3494",2005,"I-20",6391.41143075008,579.763264638606,90.2000436614575,90.2000436614575
"3495",2005,"I-21",6391.76910199672,544.104733876796,91.7283631339271,91.7283631339271
"3496",2005,"I-22",6390.44914245921,506.230615692661,91.5201327135671,91.5201327135671
"3497",2005,"I-23",6390.154709322,467.900951470517,68.6997884969952,68.6997884969952
"3498",2005,"I-24",6392.30974756432,430.872360366953,NA,NA
"3499",2005,"I-25",6392.941489853,392.842401865233,NA,NA
"3500",2005,"I-26",6394.29563042474,357.404225620098,NA,NA
"3501",2005,"IH1918",6374.71082331791,634.84561336851,95.6750917540019,95.6750917540019
"3502",2005,"IH2019",6373.71634865548,598.224732064455,NA,NA
"3503",2005,"IH2120",6373.90479698394,559.383713731114,94.2834579618221,94.2834579618221
"3504",2005,"IH2221",6373.93114976048,524.320991527753,98.0802734554271,98.0802734554271
"3505",2005,"J-01",6432.06229467646,688.843038803597,86.9728707324255,86.9728707324255
"3506",2005,"J-02",6435.22123918664,726.196237462829,98.285360162093,98.285360162093
"3507",2005,"J-03",6437.73258659282,764.373193490724,100.591197593363,100.591197593363
"3508",2005,"J-04",6440.67593987715,800.754555664459,NA,NA
"3509",2005,"J-18",6431.46446401636,651.627232022385,86.8423410943077,86.8423410943077
"3510",2005,"J-19",6428.99789150397,613.44409045473,95.7622663029288,95.7622663029288
"3511",2005,"J-20",6429.00620203878,577.125826476669,82.0989627069646,82.0989627069646
"3512",2005,"J-21",6428.33790314961,538.612512214699,75.4398528680217,75.4398528680217
"3513",2005,"J-22",6428.14525927761,502.317409049569,85.0110662897619,85.0110662897619
"3514",2005,"J-23",6429.20163131365,464.537724735815,NA,NA
"3515",2005,"J-24",6430.27292187197,426.17340770846,NA,NA
"3516",2005,"J-25",6430.92027585502,389.948220457252,NA,NA
"3517",2005,"JI1918",6412.45360703372,632.727708339565,95.0639646873259,95.0639646873259
"3518",2005,"JI2019",6412.9523585482,595.747027145193,95.2683618547541,95.2683618547541
"3519",2005,"JI2120",6409.37661758325,560.383823054459,70.5860485354686,70.5860485354686
"3520",2005,"JI2221",6409.93485978433,523.211956570006,89.4306240425802,89.4306240425802
"3521",2005,"K-01",6470.39731665525,685.401070702872,83.6423538101562,83.6423538101562
"3522",2005,"K-02",6472.88726648527,723.289453440551,NA,NA
"3523",2005,"K-03",6474.27376112937,760.095629903143,NA,NA
"3524",2005,"K-18",6468.13928514176,647.408440843034,80.725031700344,80.725031700344
"3525",2005,"K-19",6466.9747385137,609.799661322629,82.7582805048095,82.7582805048095
"3526",2005,"K-20",6467.80457712451,573.684182397846,73.8181441578844,73.8181441578844
"3527",2005,"K-21",6466.15658134628,535.821255466647,71.4595841242905,71.4595841242905
"3528",2005,"K-22",6468.02142471891,499.016759192053,87.1658908227528,87.1658908227528
"3529",2005,"K-23",6466.80597400033,461.839115781949,72.4720896950378,72.4720896950378
"3530",2005,"K-24",6466.67351815332,423.45979861367,NA,NA
"3531",2005,"L-01",6506.95377049607,681.430967635954,NA,NA
"3532",2005,"L-18",6506.50560848424,644.82984083105,NA,NA
"3533",2005,"L-19",6504.55647560911,607.273381183381,88.3781029940586,88.3781029940586
"3534",2005,"L-20",6503.7351715522,569.85828805017,79.1325260805775,79.1325260805775
"3535",2005,"L-21",6504.29063702029,532.528375758381,80.5185196615812,80.5185196615812
"3536",2005,"L-22",6503.08378613238,495.089924220826,71.0145010713499,71.0145010713499
"3537",2005,"L-23",6503.13719839805,458.293223097027,84.0719107781603,84.0719107781603
"3538",2005,"L-24",6504.12133561106,421.678906862694,NA,NA
"3539",2005,"L-25",6504.89211744589,384.021765970316,NA,NA
"3540",2005,"M-18",6542.64586285203,642.28154393113,NA,NA
"3541",2005,"M-19",6541.55450987193,604.506820568824,NA,NA
"3542",2005,"M-20",6541.75946778879,566.984862122084,78.6103298570262,78.6103298570262
"3543",2005,"M-21",6540.5244587111,530.288458036662,93.4625937083049,93.4625937083049
"3544",2005,"M-22",6539.88083453171,491.849724922659,92.2569686067031,92.2569686067031
"3545",2005,"M-23",6540.31317419391,454.739386691965,93.3203870927339,93.3203870927339
"3546",2005,"M-24",6538.75588587214,416.409084126467,NA,NA
"3547",2005,"M-27",6544.80090037928,305.378177221828,NA,NA
"3548",2005,"N-19",6579.33569713371,599.406934254264,NA,NA
"3549",2005,"N-20",6579.79722441701,563.211254489951,79.0466431940596,79.0466431940596
"3550",2005,"N-21",6577.17604407229,526.454278003286,73.4743888606434,73.4743888606434
"3551",2005,"N-22",6575.77351228903,489.558544261415,93.3367058348922,93.3367058348922
"3552",2005,"N-23",6577.22149783844,452.372866416334,NA,NA
"3553",2005,"N-24",6576.43644997819,415.465452668703,84.1466224180026,84.1466224180026
"3554",2005,"N-25",6579.36175611382,377.423863481508,NA,NA
"3555",2005,"N-26",6580.80655059276,340.331749911886,67.1138589694183,67.1138589694183
"3556",2005,"N-27",6581.54610256461,303.683235789439,NA,NA
"3557",2005,"O-19",6615.92927789091,597.091939787327,NA,NA
"3558",2005,"O-20",6614.76047528995,561.224115974499,NA,NA
"3559",2005,"O-21",6614.53445895045,523.370856137887,69.694774583521,69.694774583521
"3560",2005,"O-22",6614.03136441173,485.768564805037,88.4029344805317,88.4029344805317
"3561",2005,"O-23",6614.57625035609,449.135897576355,NA,NA
"3562",2005,"O-24",6615.79549631929,412.977230529666,94.1691539465805,94.1691539465805
"3563",2005,"O-25",6616.62039674799,374.232008511415,97.1672511223302,97.1672511223302
"3564",2005,"O-26",6617.51575738332,339.519075120333,95.6680360288634,95.6680360288634
"3565",2005,"O-28",6621.6150778462,269.272708125746,NA,NA
"3566",2005,"ON2524",6597.9527537335,392.065727144065,93.7356757697989,93.7356757697989
"3567",2005,"P-19",6651.9496881478,593.345192800646,82.0269847438438,82.0269847438438
"3568",2005,"P-20",6651.43613655922,557.762903113865,70.9278295768789,70.9278295768789
"3569",2005,"P-21",6651.08481824377,520.363126773402,69.9817099790832,69.9817099790832
"3570",2005,"P-22",6652.05328234048,483.272261824045,64.6856912235354,64.6856912235354
"3571",2005,"P-23",6652.76738566898,446.54680027271,58.332106905368,58.332106905368
"3572",2005,"P-24",6651.10753191303,411.813753192243,57.2532668686711,57.2532668686711
"3573",2005,"P-25",6654.22983586132,370.880832945625,74.2329876098997,74.2329876098997
"3574",2005,"P-26",6655.3838642842,335.968990652109,89.3732439319995,89.3732439319995
"3575",2005,"P-27",6656.87055173198,299.137617978205,NA,NA
"3576",2005,"P-29",6662.17278741404,225.120341927734,57.044952286476,57.044952286476
"3577",2005,"P-30",6665.61979669571,181.423674195924,NA,NA
"3578",2005,"P-31",6668.14801248669,153.968465072921,NA,NA
"3579",2005,"PO2423",6633.08250609599,431.052131467962,62.2460892058818,62.2460892058818
"3580",2005,"PO2524",6634.20988661075,392.327957388499,84.3700733479734,84.3700733479734
"3581",2005,"PO2625",6635.60450911905,356.256626297304,96.0347925297014,96.0347925297014
"3582",2005,"PO2726",6638.1019602429,317.892737772224,72.1190431875433,72.1190431875433
"3583",2005,"Q-19",6689.90843448791,591.949374485723,NA,NA
"3584",2005,"Q-20",6688.20449510399,554.883367413047,76.6102068355241,76.6102068355241
"3585",2005,"Q-21",6688.32621718768,519.238708016371,73.6459573050786,73.6459573050786
"3586",2005,"Q-22",6688.86662965967,480.402782179933,74.703443073498,74.703443073498
"3587",2005,"Q-23",6688.27640466496,441.257330292576,61.2567766191785,61.2567766191785
"3588",2005,"Q-26",6692.28013610479,330.528610584185,67.0872339699017,67.0872339699017
"3589",2005,"Q-27",6694.6377622553,294.26842830281,NA,NA
"3590",2005,"Q-29",6699.43996064911,220.966102667607,NA,NA
"3591",2005,"Q-30",6703.67825912617,184.40464362364,NA,NA
"3592",2005,"QP2423",6670.20281331799,427.498231506429,56.4431736593913,56.4431736593913
"3593",2005,"QP2524",6671.04935740095,389.710211221986,60.7099391962427,60.7099391962427
"3594",2005,"QP2625",6668.83984775109,345.697979180391,69.8094044018198,69.8094044018198
"3595",2005,"QP2726",6674.03834789024,313.597163304191,65.2731057434303,65.2731057434303
"3596",2005,"R-22",6725.43365145808,477.219122790672,NA,NA
"3597",2005,"R-23",6726.0008711881,438.799738953298,NA,NA
"3598",2005,"R-24",6727.17894336641,404.076155269271,NA,NA
"3599",2005,"R-25",6728.55928157043,365.010197738352,NA,NA
"3600",2005,"R-26",6729.76669060302,328.994030305426,71.4570398781656,71.4570398781656
"3601",2005,"R-27",6731.06663809846,291.129867265118,NA,NA
"3602",2005,"R-28",6734.64004316715,256.824115830503,66.7923145157286,66.7923145157286
"3603",2005,"R-29",6737.39656389523,215.976277487,NA,NA
"3604",2005,"R-30",6739.772333397,183.991084123907,55.7809545942967,55.7809545942967
"3605",2005,"R-31",6743.27782240557,144.373211284492,NA,NA
"3606",2005,"S-22",6763.15351096333,473.611251404303,NA,NA
"3607",2005,"S-23",6763.58260671094,438.327168959893,NA,NA
"3608",2005,"S-24",6764.22138866959,399.872546209491,NA,NA
"3609",2005,"S-25",6766.44586956561,364.264810240575,NA,NA
"3610",2005,"S-26",6767.35709324507,329.034404006475,70.2024081044178,70.2024081044178
"3611",2005,"S-27",6771.59534650683,289.835672346433,64.5359053653902,64.5359053653902
"3612",2005,"S-28",6771.3040874125,253.84639510475,71.401863852232,71.401863852232
"3613",2005,"S-29",6774.67055219868,215.209196638671,77.7199398634347,77.7199398634347
"3614",2005,"S-30",6777.41740654276,177.863451591269,72.9427558792177,72.9427558792177
"3615",2005,"S-31",6779.87854418274,142.116792169735,NA,NA
"3616",2005,"T-25",6802.6359819044,360.270898536722,NA,NA
"3617",2005,"T-26",6804.31402695602,321.204229892881,NA,NA
"3618",2005,"T-27",6805.59049819689,286.047852426786,71.7359975644836,71.7359975644836
"3619",2005,"T-28",6808.78787124047,252.389527228909,58.0573826679631,58.0573826679631
"3620",2005,"T-29",6810.33550037172,216.5588208452,65.5314798441424,65.5314798441424
"3621",2005,"T-30",6813.93247377162,179.180148357397,63.3074708700945,63.3074708700945
"3622",2005,"U-25",6840.37167239047,359.499499119806,NA,NA
"3623",2005,"U-26",6841.99025485251,318.228710624047,NA,NA
"3624",2005,"U-27",6843.89761412372,284.874069461237,90.2298196408115,90.2298196408115
"3625",2005,"U-28",6847.42114537791,246.883538490077,92.0349350940607,92.0349350940607
"3626",2005,"U-29",6849.21527982512,210.365374511069,79.3768629945475,79.3768629945475
"3627",2005,"V-25",6877.42621623185,356.869127124451,NA,NA
"3628",2005,"V-26",6878.87219099966,316.805736563529,NA,NA
"3629",2005,"V-27",6880.78100069718,281.835765213095,80.5766793171782,80.5766793171782
"3630",2005,"V-28",6882.91313403358,248.464743070617,NA,NA
"3631",2006,"B-01",6138.88591188927,719.0605976431,NA,NA
"3632",2006,"C-03",6179.0519175667,790.444972656517,NA,NA
"3633",2006,"D-02",6214.26917667283,746.351588630802,NA,NA
"3634",2006,"D-03",6215.87865237502,787.179443587068,NA,NA
"3635",2006,"E-01",6248.52317135764,706.837875240438,58.3976846767522,58.3976846767522
"3636",2006,"E-03",6252.86598508461,783.652423829577,NA,NA
"3637",2006,"E-04",6255.01056970062,820.826572922648,NA,NA
"3638",2006,"E-05",6258.43478730613,858.148010035465,NA,NA
"3639",2006,"E-18",6247.31328260744,671.593126115107,NA,NA
"3640",2006,"F-04",6290.6808819758,814.304200050732,NA,NA
"3641",2006,"F-05",6295.39696246225,854.33186915267,NA,NA
"3642",2006,"F-21",6280.92744462421,553.697570012607,NA,NA
"3643",2006,"F-22",6280.49529079063,517.019777352338,61.0326459826558,61.0326459826558
"3644",2006,"F-23",6281.16438880752,478.035289806243,NA,NA
"3645",2006,"F-25",6282.1074418386,403.879171269008,NA,NA
"3646",2006,"G-01",6322.44368371838,700.096131162794,NA,NA
"3647",2006,"G-02",6325.93725988367,737.524952804183,NA,NA
"3648",2006,"G-03",6327.11798408029,775.332601971136,67.0042294441591,67.0042294441591
"3649",2006,"G-04",6328.42144973319,812.719629758886,NA,NA
"3650",2006,"G-08",6342.70567294727,960.66275231996,NA,NA
"3651",2006,"G-18",6318.40641003353,661.690864456122,53.7670083114634,53.7670083114634
"3652",2006,"G-20",6318.33696502608,587.585006170386,NA,NA
"3653",2006,"G-21",6317.7640124196,550.373887600726,NA,NA
"3654",2006,"G-22",6317.37728662658,513.334242187512,NA,NA
"3655",2006,"G-24",6313.66787758188,437.522984046156,NA,NA
"3656",2006,"G-25",6318.55976020391,399.606354154458,NA,NA
"3657",2006,"GF2221",6298.99198403171,530.887421345193,NA,NA
"3658",2006,"H-03",6363.6285762911,772.008803276451,NA,NA
"3659",2006,"H-18",6357.48505380556,657.926414001518,56.3672406992226,56.3672406992226
"3660",2006,"H-20",6355.74393518336,585.442277629379,NA,NA
"3661",2006,"H-24",6355.97867468942,434.060887916438,NA,NA
"3662",2006,"H-26",6356.15329547933,360.996430860275,NA,NA
"3663",2006,"HG1918",6338.47486435383,642.689449372593,NA,NA
"3664",2006,"HG2019",6337.15459559417,601.527802479091,NA,NA
"3665",2006,"I-01",6396.3979895622,693.010251969693,55.2005009145601,55.2005009145601
"3666",2006,"I-02",6399.87817448577,732.074258699154,86.17427618688,86.17427618688
"3667",2006,"I-03",6399.31436011347,768.03697154118,NA,NA
"3668",2006,"I-04",6402.85161019616,805.386895837372,84.8407104871535,84.8407104871535
"3669",2006,"I-05",6405.93371351612,843.144081592947,NA,NA
"3670",2006,"I-18",6394.33489321823,654.241844350177,NA,NA
"3671",2006,"I-19",6393.34261367926,617.391947530743,NA,NA
"3672",2006,"I-20",6392.36876930042,579.830917176077,NA,NA
"3673",2006,"I-21",6392.0039101984,543.735563202195,NA,NA
"3674",2006,"I-22",6391.52662408697,506.478926867573,NA,NA
"3675",2006,"I-24",6392.21115400099,430.680031349864,NA,NA
"3676",2006,"I-25",6392.96539982096,392.759771157494,NA,NA
"3677",2006,"IH1918",6375.26420916344,634.482408272303,52.54491912162,52.54491912162
"3678",2006,"IH2019",6374.1227198875,597.594374437654,NA,NA
"3679",2006,"IH2120",6373.79227647308,559.60771518422,NA,NA
"3680",2006,"J-01",6432.54636594307,689.128320245062,72.7347547881263,72.7347547881263
"3681",2006,"J-02",6437.96801501092,725.037235577106,92.3441629815244,92.3441629815244
"3682",2006,"J-03",6437.10518778258,764.746297441613,98.2864590909015,98.2864590909015
"3683",2006,"J-04",6439.5884108695,801.154262819708,NA,NA
"3684",2006,"J-18",6430.64769039626,651.835518125866,57.6895172170933,57.6895172170933
"3685",2006,"J-19",6430.65687277978,614.313597228935,57.052704250148,57.052704250148
"3686",2006,"J-20",6429.38191701907,577.147837072606,51.4522614789516,51.4522614789516
"3687",2006,"J-21",6428.70302538867,539.119744679188,48.2551365361495,48.2551365361495
"3688",2006,"J-22",6428.63086996719,501.584158349127,NA,NA
"3689",2006,"J-23",6429.04395382431,464.116348459487,NA,NA
"3690",2006,"J-24",6423.92700938997,424.744985492686,NA,NA
"3691",2006,"J-25",6429.89959698859,389.778422415731,NA,NA
"3692",2006,"J-26",6429.46540857048,351.869394149284,NA,NA
"3693",2006,"JI1918",6411.23535098564,634.405705602123,NA,NA
"3694",2006,"JI2019",6411.93532630958,597.95684761327,53.8055761887959,53.8055761887959
"3695",2006,"JI2120",6410.26653388715,559.767272079346,NA,NA
"3696",2006,"JI2221",6410.2593981072,522.725505953036,NA,NA
"3697",2006,"K-01",6469.91489733952,685.587429954475,NA,NA
"3698",2006,"K-02",6471.87183348343,722.234870695565,99.7303301391731,99.7303301391731
"3699",2006,"K-03",6474.10306151622,760.494607672538,NA,NA
"3700",2006,"K-04",6477.56309209501,797.012342697712,92.224998045016,92.224998045016
"3701",2006,"K-18",6467.24681541956,648.925917935757,83.4485159466934,83.4485159466934
"3702",2006,"K-19",6467.32689964,610.42263185342,64.6388241559934,64.6388241559934
"3703",2006,"K-20",6466.88806065614,574.219647479484,66.8840886398801,66.8840886398801
"3704",2006,"K-21",6464.96453433634,536.297778965862,60.986741116003,60.986741116003
"3705",2006,"K-22",6465.83349182072,497.898033723253,NA,NA
"3706",2006,"K-23",6467.07560244048,461.821528131992,NA,NA
"3707",2006,"K-24",6466.6292379966,423.84844961595,NA,NA
"3708",2006,"K-25",6467.57031093276,386.751407259327,NA,NA
"3709",2006,"K-26",6468.20869430679,349.211593910258,NA,NA
"3710",2006,"L-01",6506.98037507094,681.594718770533,NA,NA
"3711",2006,"L-02",6508.12849956537,718.878375422154,NA,NA
"3712",2006,"L-18",6504.31993999011,643.110207281123,NA,NA
"3713",2006,"L-19",6502.89239164608,606.410942335746,95.0658170571869,95.0658170571869
"3714",2006,"L-20",6501.76855648764,570.853400236525,97.6867006258792,97.6867006258792
"3715",2006,"L-21",6503.29748973034,532.936923836147,91.5878473452381,91.5878473452381
"3716",2006,"L-22",6502.70187741759,495.086541763062,56.8504464555717,56.8504464555717
"3717",2006,"L-23",6503.56285153943,458.527196161554,NA,NA
"3718",2006,"L-24",6505.60764005799,420.909087347121,NA,NA
"3719",2006,"L-25",6504.75079786555,383.997237039732,NA,NA
"3720",2006,"M-01",6544.37695919586,678.967719239878,NA,NA
"3721",2006,"M-18",6541.56700949243,641.875743298894,NA,NA
"3722",2006,"M-19",6540.93555450121,604.707925018335,NA,NA
"3723",2006,"M-20",6541.25826947257,564.247304019361,100.578628419959,100.578628419959
"3724",2006,"M-21",6539.61698975866,529.51153440933,NA,NA
"3725",2006,"M-22",6539.98211760169,492.415858217329,98.0525736358757,98.0525736358757
"3726",2006,"M-23",6539.63711537689,454.984564556343,69.9912893099518,69.9912893099518
"3727",2006,"M-25",6540.97049111962,380.528223514337,NA,NA
"3728",2006,"M-26",6544.09010150389,343.938564035994,NA,NA
"3729",2006,"M-27",6542.8204845816,306.645596501416,NA,NA
"3730",2006,"N-18",6580.42011836788,639.05075066162,NA,NA
"3731",2006,"N-19",6577.71178592256,600.562908837295,NA,NA
"3732",2006,"N-20",6577.80247129923,563.512006259347,98.4807167715256,98.4807167715256
"3733",2006,"N-21",6576.64761089415,526.609054964437,100.079912979997,100.079912979997
"3734",2006,"N-22",6577.66522405727,489.646243098469,101.259107323689,101.259107323689
"3735",2006,"N-23",6577.27287794359,452.671978821948,NA,NA
"3736",2006,"N-24",6578.22430533369,415.09241292015,55.8142962224514,55.8142962224514
"3737",2006,"N-25",6578.8263182681,377.423617393803,48.3305378269341,48.3305378269341
"3738",2006,"N-26",6580.73194887888,340.263382612476,NA,NA
"3739",2006,"N-27",6581.69659101901,304.731417009383,NA,NA
"3740",2006,"N-28",6583.80486527495,266.551349165442,NA,NA
"3741",2006,"O-19",6614.81446810609,597.493812813633,NA,NA
"3742",2006,"O-20",6615.16021802094,559.07038539445,NA,NA
"3743",2006,"O-21",6614.21127389523,523.600777694494,100.689599157437,100.689599157437
"3744",2006,"O-22",6614.41606164118,486.23142736807,NA,NA
"3745",2006,"O-23",6614.68452094369,449.819131720609,96.3425683092775,96.3425683092775
"3746",2006,"O-24",6615.80619130136,413.116102170354,80.9097831647462,80.9097831647462
"3747",2006,"O-25",6617.02947815344,373.80015864262,75.4637275221101,75.4637275221101
"3748",2006,"O-26",6618.21477163749,337.445307767843,NA,NA
"3749",2006,"O-27",6619.06616270885,305.943297515203,NA,NA
"3750",2006,"O-28",6619.97806722665,268.420269393773,NA,NA
"3751",2006,"ON2524",6597.97074422746,393.821997931077,56.3555960913185,56.3555960913185
"3752",2006,"ON2625",6598.52347298411,358.393151450678,NA,NA
"3753",2006,"P-19",6652.4179200858,593.598417133709,NA,NA
"3754",2006,"P-20",6650.89335411359,557.63468542443,94.4218263920338,94.4218263920338
"3755",2006,"P-21",6652.16539957397,520.516382850305,95.7555175975537,95.7555175975537
"3756",2006,"P-22",6651.70585642564,483.262041550841,NA,NA
"3757",2006,"P-23",6651.04290112617,446.488612067161,NA,NA
"3758",2006,"P-24",6651.10303788689,411.768711098467,NA,NA
"3759",2006,"P-25",6653.35863274924,373.036217693553,94.3946219794819,94.3946219794819
"3760",2006,"P-26",6654.97996030776,335.685994344034,88.4420926234822,88.4420926234822
"3761",2006,"P-27",6656.49775593156,299.077887974805,72.7916791562586,72.7916791562586
"3762",2006,"P-28",6658.21704140388,262.20958233152,64.081223408971,64.081223408971
"3763",2006,"PO2423",6633.85131103123,429.762869041577,85.597480654107,85.597480654107
"3764",2006,"PO2524",6633.37046123575,393.422907761496,87.9712419213589,87.9712419213589
"3765",2006,"PO2625",6636.14539858047,355.289806162713,92.6730568145791,92.6730568145791
"3766",2006,"PO2726",6637.15489794365,319.34262503263,62.7282455079706,62.7282455079706
"3767",2006,"Q-19",6688.801635155,592.066017533613,NA,NA
"3768",2006,"Q-20",6688.9488507244,553.441582136101,92.1757406255744,92.1757406255744
"3769",2006,"Q-21",6687.9388041194,518.737918545846,95.0832369138899,95.0832369138899
"3770",2006,"Q-22",6688.32494209701,479.171203863289,98.0461540650164,98.0461540650164
"3771",2006,"Q-25",6686.74470083078,368.536041113107,91.0124235042976,91.0124235042976
"3772",2006,"Q-26",6692.83352061709,330.441054751827,99.2185279125614,99.2185279125614
"3773",2006,"Q-27",6694.0759032253,294.859154625221,91.1926377158862,91.1926377158862
"3774",2006,"Q-28",6696.09559928719,257.953811212181,NA,NA
"3775",2006,"Q-30",6702.84298267763,184.542737015121,NA,NA
"3776",2006,"QP2423",6670.23023226862,426.346483579652,NA,NA
"3777",2006,"QP2524",6672.90772676877,387.998093659763,NA,NA
"3778",2006,"QP2625",6668.05971051237,346.433267000142,NA,NA
"3779",2006,"QP2726",6676.19715800001,314.187763612055,NA,NA
"3780",2006,"R-22",6725.51024845247,475.727754978487,77.999020330989,77.999020330989
"3781",2006,"R-23",6725.5055111691,438.908843629696,NA,NA
"3782",2006,"R-24",6726.09871999148,404.763184124693,NA,NA
"3783",2006,"R-25",6729.15637406146,365.155706669451,90.5298032220624,90.5298032220624
"3784",2006,"R-26",6729.86476354285,328.65690645955,92.0958251317206,92.0958251317206
"3785",2006,"R-27",6731.65751741678,291.276846442157,93.9966225866929,93.9966225866929
"3786",2006,"R-28",6733.52076313685,256.838860330108,NA,NA
"3787",2006,"R-32",6746.94240585727,107.964936651282,NA,NA
"3788",2006,"S-22",6761.7601855047,475.531871210434,72.31974272996,72.31974272996
"3789",2006,"S-23",6763.28465349135,436.588420758464,71.0621886702309,71.0621886702309
"3790",2006,"S-24",6764.24519879552,402.029597592267,77.0736947541173,77.0736947541173
"3791",2006,"S-25",6765.98452868721,364.782986583603,NA,NA
"3792",2006,"S-26",6766.6494138506,327.743382992374,77.3624788824016,77.3624788824016
"3793",2006,"S-27",6768.03424130084,289.906378857717,98.320794882465,98.320794882465
"3794",2006,"S-28",6771.89150736703,253.778816724881,99.0329594436934,99.0329594436934
"3795",2006,"S-29",6773.99191292031,213.600843168194,90.9703355909803,90.9703355909803
"3796",2006,"S-30",6777.1789034879,177.262735885368,85.0630657886664,85.0630657886664
"3797",2006,"T-25",6802.38694715914,361.849778379363,NA,NA
"3798",2006,"T-26",6803.94674985353,321.305785402964,64.4843984084134,64.4843984084134
"3799",2006,"T-27",6806.38820398333,285.922412509234,72.4396868515675,72.4396868515675
"3800",2006,"T-28",6804.66501579956,251.096769014928,92.8487840060503,92.8487840060503
"3801",2006,"T-29",6811.59458294491,216.648106850292,91.3910286013645,91.3910286013645
"3802",2006,"T-30",6814.69627568055,180.57431281815,93.162101656469,93.162101656469
"3803",2006,"U-25",6839.83769264601,358.77271295855,62.5774761461951,62.5774761461951
"3804",2006,"U-26",6841.22095457285,317.835267584675,64.7319945859104,64.7319945859104
"3805",2006,"U-27",6843.56679578029,283.401183180184,68.6678110964527,68.6678110964527
"3806",2006,"U-28",6847.15223255051,247.081786686028,69.1413365167113,69.1413365167113
"3807",2006,"U-29",6848.65840718755,210.845073082512,73.8230209100883,73.8230209100883
"3808",2006,"V-25",6878.19923654582,355.707010164241,65.5646217137886,65.5646217137886
"3809",2006,"V-26",6878.56103599715,316.91516381192,NA,NA
"3810",2006,"V-27",6880.95605410974,281.424237562267,74.7704257108463,74.7704257108463
"3811",2006,"V-28",6883.54697389765,247.158284198939,70.9414255537996,70.9414255537996
"3812",2007,"A-04",6107.28521872295,834.773751347099,NA,NA
"3813",2007,"A-05",6110.9304050785,873.152830981376,NA,NA
"3814",2007,"B-05",6146.28394548675,869.866830254841,NA,NA
"3815",2007,"B-06",6151.81740821445,908.635923820667,NA,NA
"3816",2007,"B-07",6154.89867329551,942.542411865689,NA,NA
"3817",2007,"B-08",6159.96752558879,980.878596962101,NA,NA
"3818",2007,"C-01",6174.76426763591,714.635023540213,NA,NA
"3819",2007,"C-03",6179.45186313362,789.728010377919,NA,NA
"3820",2007,"C-04",6181.68228924619,827.13260171142,NA,NA
"3821",2007,"C-06",6187.6385805949,901.198225106708,NA,NA
"3822",2007,"C-07",6193.81841467583,939.7714989902,NA,NA
"3823",2007,"D-02",6220.7634294816,748.934497718504,NA,NA
"3824",2007,"D-03",6216.02099382968,787.128954853445,NA,NA
"3825",2007,"D-04",6217.93380385333,825.280907552434,NA,NA
"3826",2007,"D-05",6221.41139283677,862.470520949512,NA,NA
"3827",2007,"D-06",6224.59191933307,898.947513226913,NA,NA
"3828",2007,"D-09",6234.67678166049,1009.38621358054,NA,NA
"3829",2007,"E-01",6250.31255393194,706.927526734218,NA,NA
"3830",2007,"E-02",6250.65087577264,745.375892962413,52.6104709394701,52.6104709394701
"3831",2007,"E-03",6253.26044065121,783.163402508349,NA,NA
"3832",2007,"E-04",6255.57108979434,821.277424902031,NA,NA
"3833",2007,"E-06",6261.5580199069,896.118288402092,NA,NA
"3834",2007,"E-07",6266.56265480283,933.674142488404,NA,NA
"3835",2007,"E-10",6278.1252636336,1043.85972502556,NA,NA
"3836",2007,"E-11",6283.23133352675,1078.53059949253,NA,NA
"3837",2007,"E-18",6244.16021552045,670.274117757385,NA,NA
"3838",2007,"E-21",6243.97687249564,557.792150715048,NA,NA
"3839",2007,"E-22",6243.12915619146,519.572670567166,68.1036708169073,68.1036708169073
"3840",2007,"F-01",6285.85789671675,704.541721963618,NA,NA
"3841",2007,"F-02",6286.76627328815,741.147208752583,50.4263508779115,50.4263508779115
"3842",2007,"F-03",6289.53873313082,779.410914332575,NA,NA
"3843",2007,"F-04",6293.79267024223,814.897855992061,NA,NA
"3844",2007,"F-05",6294.46346362398,853.63208287999,NA,NA
"3845",2007,"F-06",6299.29495882091,892.979428400783,NA,NA
"3846",2007,"F-07",6302.43051836731,927.235407459944,NA,NA
"3847",2007,"F-08",6306.3985215108,966.392157823013,NA,NA
"3848",2007,"F-09",6309.75868473874,1003.41402531358,NA,NA
"3849",2007,"F-18",6282.88617111733,666.27606304497,NA,NA
"3850",2007,"F-19",6282.70132507562,628.732830960134,55.5414138399004,55.5414138399004
"3851",2007,"F-21",6280.84470607607,554.103474249604,NA,NA
"3852",2007,"F-22",6282.72294977569,516.544906726945,NA,NA
"3853",2007,"F-23",6280.004472932,478.693675309092,97.3164005764647,97.3164005764647
"3854",2007,"G-01",6322.27623686236,700.092046296367,59.1833875143531,59.1833875143531
"3855",2007,"G-02",6324.50809185582,737.098557100663,NA,NA
"3856",2007,"G-03",6327.08531377525,775.663802945196,NA,NA
"3857",2007,"G-04",6327.5553201735,813.141740597608,NA,NA
"3858",2007,"G-05",6331.94666256107,851.118776849038,NA,NA
"3859",2007,"G-09",6347.75720383039,997.71256129312,NA,NA
"3860",2007,"G-13",6368.00991246416,1146.38156455104,NA,NA
"3861",2007,"G-18",6319.07952481068,661.591937642493,NA,NA
"3862",2007,"G-19",6320.18903488167,623.385500139159,NA,NA
"3863",2007,"G-20",6317.98943300138,587.632147890242,NA,NA
"3864",2007,"G-21",6317.291862464,550.956537286662,NA,NA
"3865",2007,"G-22",6317.86841095815,513.402517003544,NA,NA
"3866",2007,"G-23",6317.76580475497,476.50183465977,92.9604149658695,92.9604149658695
"3867",2007,"G-24",6314.49214892151,436.760086739872,101.744291337057,101.744291337057
"3868",2007,"G-25",6319.55027248607,399.700500884438,NA,NA
"3869",2007,"G-26",6319.45321170948,363.143107067677,91.1492293895994,91.1492293895994
"3870",2007,"GF1918",6299.51369592713,645.679394429621,54.3646675270227,54.3646675270227
"3871",2007,"GF2019",6299.80640207714,603.661080677106,NA,NA
"3872",2007,"GF2120",6299.53311451877,566.470280538447,NA,NA
"3873",2007,"H-01",6359.12434611087,695.789046153208,NA,NA
"3874",2007,"H-02",6361.9303032308,733.579736453022,NA,NA
"3875",2007,"H-03",6363.09178290145,771.820753132469,101.951639903425,101.951639903425
"3876",2007,"H-04",6367.17749711194,808.681589980013,NA,NA
"3877",2007,"H-05",6369.68202140222,847.187878301312,NA,NA
"3878",2007,"H-06",6372.19439408339,884.24203886247,NA,NA
"3879",2007,"H-07",6376.01678545322,920.242849137595,NA,NA
"3880",2007,"H-18",6357.81989937702,658.531195071255,52.9229063326418,52.9229063326418
"3881",2007,"H-19",6356.27201317709,621.246303943579,NA,NA
"3882",2007,"H-20",6354.06483112026,583.531219401287,NA,NA
"3883",2007,"H-22",6354.91976468934,508.581158172788,NA,NA
"3884",2007,"H-23",6354.49654786553,471.682371357905,59.0953473964144,59.0953473964144
"3885",2007,"H-24",6356.23427845968,434.056274638466,76.2208275025681,76.2208275025681
"3886",2007,"H-25",6357.09550431544,389.982630615045,92.9160538197881,92.9160538197881
"3887",2007,"HG1918",6337.97551367851,642.827807097897,NA,NA
"3888",2007,"HG2019",6336.77448866096,600.741788995242,NA,NA
"3889",2007,"HG2221",6330.09183783313,531.701509259773,NA,NA
"3890",2007,"I-01",6396.75124412838,692.339473703144,72.6453149756125,72.6453149756125
"3891",2007,"I-02",6398.694479644,731.446388034769,NA,NA
"3892",2007,"I-03",6400.74648923486,767.69983404658,NA,NA
"3893",2007,"I-04",6403.06506964224,804.81039270848,NA,NA
"3894",2007,"I-05",6406.48766577322,842.592984108018,93.869018476269,93.869018476269
"3895",2007,"I-18",6394.72272947996,654.767176694507,NA,NA
"3896",2007,"I-19",6392.79235959057,618.043435484698,88.3006777714584,88.3006777714584
"3897",2007,"I-20",6392.07738120116,580.439720407191,75.6239766472259,75.6239766472259
"3898",2007,"I-21",6390.70199686401,544.41506284886,NA,NA
"3899",2007,"I-22",6391.70579832739,505.697443469726,NA,NA
"3900",2007,"I-23",6391.31204204355,467.96651511538,NA,NA
"3901",2007,"I-24",6391.81727854039,429.566595945614,71.8838053903933,71.8838053903933
"3902",2007,"I-25",6393.1899642352,392.126801929675,97.1986200294893,97.1986200294893
"3903",2007,"IH1918",6376.20219561192,635.185658525644,63.4449961706991,63.4449961706991
"3904",2007,"IH2019",6373.23526817196,598.640839042232,65.6312263865328,65.6312263865328
"3905",2007,"IH2120",6374.32978703916,560.90566943856,NA,NA
"3906",2007,"IH2221",6372.83215404833,524.750111277686,NA,NA
"3907",2007,"J-01",6433.0871781852,689.034301143605,93.2510920176231,93.2510920176231
"3908",2007,"J-02",6435.71924510986,726.094232611831,NA,NA
"3909",2007,"J-03",6438.03862080834,764.18037239311,107.963585507689,107.963585507689
"3910",2007,"J-18",6431.31392761892,651.360758726812,69.7176911008513,69.7176911008513
"3911",2007,"J-19",6430.1104962758,613.21996487728,97.1176861798294,97.1176861798294
"3912",2007,"J-20",6429.65412429133,577.086411959044,94.4359527348787,94.4359527348787
"3913",2007,"J-21",6428.54360256254,538.698609877748,73.0138558205351,73.0138558205351
"3914",2007,"J-22",6428.55011149902,501.474538387468,NA,NA
"3915",2007,"J-23",6429.10410482565,464.738124444955,71.7799768539897,71.7799768539897
"3916",2007,"J-24",6428.69907062193,425.591695683537,93.7863811689265,93.7863811689265
"3917",2007,"J-25",6430.54914841242,390.15737946812,97.8668018657887,97.8668018657887
"3918",2007,"JI1918",6410.26920387212,634.534049137647,72.7651453992113,72.7651453992113
"3919",2007,"JI2019",6411.48441264985,596.791608963591,97.7326862562875,97.7326862562875
"3920",2007,"JI2120",6410.26899881867,559.820693320399,70.1584197296768,70.1584197296768
"3921",2007,"JI2221",6410.92562042428,523.671732240996,58.0433624243917,58.0433624243917
"3922",2007,"K-01",6470.39287308102,684.820401747958,NA,NA
"3923",2007,"K-03",6474.36183315975,760.160875951376,NA,NA
"3924",2007,"K-18",6467.76355181235,648.384003080121,NA,NA
"3925",2007,"K-19",6467.04727086999,609.804085872745,89.1666402683065,89.1666402683065
"3926",2007,"K-20",6466.60898978647,574.09604515461,97.8742029480691,97.8742029480691
"3927",2007,"K-21",6465.26983739807,536.321326507229,95.7632353956411,95.7632353956411
"3928",2007,"K-22",6466.17319049527,499.033571230507,80.0683474024311,80.0683474024311
"3929",2007,"K-23",6465.45393302115,461.869952207056,87.7686682172131,87.7686682172131
"3930",2007,"K-24",6466.52767910444,423.946063806664,85.7276554335309,85.7276554335309
"3931",2007,"K-25",6466.87968935729,387.001120567838,NA,NA
"3932",2007,"K-26",6469.52357368183,350.093829010843,NA,NA
"3933",2007,"L-18",6505.79636450814,644.923326496954,101.35817892236,101.35817892236
"3934",2007,"L-19",6504.43620291431,606.565755198647,80.4197842988254,80.4197842988254
"3935",2007,"L-20",6503.66590538956,570.001095718404,90.6447175813462,90.6447175813462
"3936",2007,"L-21",6503.70248637194,533.096185487825,98.8844808529598,98.8844808529598
"3937",2007,"L-22",6503.28860176151,494.710273081935,86.839763246392,86.839763246392
"3938",2007,"L-23",6503.6572259918,456.46325759555,90.0518565948468,90.0518565948468
"3939",2007,"L-24",6503.76396677761,420.491241928731,90.73742377851,90.73742377851
"3940",2007,"L-25",6504.27129136351,384.142565665141,94.9519189376319,94.9519189376319
"3941",2007,"L-26",6506.28114061777,347.077281155822,83.5167110678046,83.5167110678046
"3942",2007,"M-18",6542.3047555164,641.072369707182,NA,NA
"3943",2007,"M-19",6541.47079923253,604.029419679883,94.6673426134107,94.6673426134107
"3944",2007,"M-20",6540.84370741923,567.319753565655,91.0595436580432,91.0595436580432
"3945",2007,"M-21",6540.05110650483,529.706423245989,98.4902405135412,98.4902405135412
"3946",2007,"M-22",6540.29205375959,492.505516217879,95.8601775285459,95.8601775285459
"3947",2007,"M-23",6539.40109645291,454.97892488798,95.5322486961625,95.5322486961625
"3948",2007,"M-24",6541.76449830524,417.876529064587,97.3379253816991,97.3379253816991
"3949",2007,"M-25",6540.86701134015,379.064335924758,88.4819372094456,88.4819372094456
"3950",2007,"M-26",6543.5952117646,343.499167477195,91.2850938888291,91.2850938888291
"3951",2007,"M-27",6544.83481235357,307.069100260039,88.3983556717542,88.3983556717542
"3952",2007,"N-19",6578.95334267824,599.525678286554,100.112738114141,100.112738114141
"3953",2007,"N-20",6578.3609970512,564.433483105388,97.2954078277852,97.2954078277852
"3954",2007,"N-21",6577.52470553764,526.628215659338,91.1644054590839,91.1644054590839
"3955",2007,"N-22",6577.4063366557,489.639846425047,96.7656544550914,96.7656544550914
"3956",2007,"N-23",6577.5273703359,452.715272257248,98.3247984747063,98.3247984747063
"3957",2007,"N-24",6578.38716077832,414.168116812346,99.1438308418127,99.1438308418127
"3958",2007,"N-25",6579.35944640955,377.013867880885,98.0262452479294,98.0262452479294
"3959",2007,"N-26",6579.98779034353,340.619683438486,93.0606727594637,93.0606727594637
"3960",2007,"N-27",6582.93621925508,304.834979675532,NA,NA
"3961",2007,"N-29",6588.25552788225,229.813497551816,NA,NA
"3962",2007,"O-19",6615.5933554887,597.732775918604,NA,NA
"3963",2007,"O-20",6615.82034054139,561.023681901285,97.2219714922566,97.2219714922566
"3964",2007,"O-21",6613.98885916983,523.562457975563,85.9991714034738,85.9991714034738
"3965",2007,"O-22",6614.19147185947,484.979564471966,76.4679458398026,76.4679458398026
"3966",2007,"O-23",6614.22544687364,449.133662000677,74.7316847341264,74.7316847341264
"3967",2007,"O-24",6615.97731051345,411.449621408723,97.9415315529186,97.9415315529186
"3968",2007,"O-25",6616.14147164925,374.621295610887,97.687944304268,97.687944304268
"3969",2007,"O-26",6618.73500175548,337.995524910221,95.5155221998352,95.5155221998352
"3970",2007,"O-27",6619.54412556625,305.558965516698,67.6290579812114,67.6290579812114
"3971",2007,"O-28",6621.07870895379,268.901184321901,NA,NA
"3972",2007,"O-29",6625.00782397005,225.474366902865,NA,NA
"3973",2007,"O-30",6627.60287910749,189.092900629455,NA,NA
"3974",2007,"ON2524",6597.62418300309,393.863194729298,98.9836838348504,98.9836838348504
"3975",2007,"ON2625",6599.65766495281,358.421969572876,98.6082908599793,98.6082908599793
"3976",2007,"P-19",6652.3040711713,594.028502574865,NA,NA
"3977",2007,"P-20",6652.26568830511,557.495837101524,NA,NA
"3978",2007,"P-21",6651.15818504292,520.639129287584,NA,NA
"3979",2007,"P-22",6651.63723680227,483.290175834179,89.0101484964618,89.0101484964618
"3980",2007,"P-23",6649.40664533656,447.5000983512,70.063148315345,70.063148315345
"3981",2007,"P-24",6651.24203290107,411.523924843028,60.5278890574309,60.5278890574309
"3982",2007,"P-25",6654.93629866715,371.045363548555,76.8101103254374,76.8101103254374
"3983",2007,"P-26",6656.55876437198,336.004532981225,88.4711378820042,88.4711378820042
"3984",2007,"P-27",6656.41985122055,298.7469303897,68.9299296783969,68.9299296783969
"3985",2007,"P-28",6659.51784614992,261.798627226994,NA,NA
"3986",2007,"P-29",6660.81111603523,221.975432624577,NA,NA
"3987",2007,"PO2423",6633.75998040589,429.909721056005,76.409218809054,76.409218809054
"3988",2007,"PO2524",6633.87592913078,392.009736984378,90.109484952175,90.109484952175
"3989",2007,"PO2625",6636.6630173694,356.126236629746,95.013718103342,95.013718103342
"3990",2007,"PO2726",6636.48015759229,318.700447181697,90.0399762479701,90.0399762479701
"3991",2007,"Q-19",6689.02874822419,592.366631763811,NA,NA
"3992",2007,"Q-20",6688.45117910686,553.609333216353,NA,NA
"3993",2007,"Q-21",6688.06915108828,519.899723329187,NA,NA
"3994",2007,"Q-22",6688.55638787777,480.105976282641,71.1936181109997,71.1936181109997
"3995",2007,"Q-23",6688.61815736428,441.202089439348,58.4288545005801,58.4288545005801
"3996",2007,"Q-25",6689.14626361717,367.323364058764,66.2774263873334,66.2774263873334
"3997",2007,"Q-26",6691.9742673673,330.522376315226,72.7049304820353,72.7049304820353
"3998",2007,"Q-27",6695.241276291,294.697848590808,63.1547556671016,63.1547556671016
"3999",2007,"Q-28",6696.44198679582,257.065319054734,75.4054337925029,75.4054337925029
"4000",2007,"Q-29",6699.63323942401,222.250448592979,NA,NA
"4001",2007,"Q-30",6702.28732042237,185.482373755833,NA,NA
"4002",2007,"QP2423",6670.06147899759,426.762557475664,55.565509642712,55.565509642712
"4003",2007,"QP2524",6674.5155035957,387.209665685454,62.1092399312666,62.1092399312666
"4004",2007,"QP2625",6667.46036669325,345.46465150153,77.5835028737659,77.5835028737659
"4005",2007,"QP2726",6674.66993380139,314.31866766237,80.6889603353051,80.6889603353051
"4006",2007,"R-22",6725.30222803919,475.936790261919,69.2056555372364,69.2056555372364
"4007",2007,"R-23",6726.77685335049,438.242109502878,70.1703658596089,70.1703658596089
"4008",2007,"R-24",6726.31490373272,404.74184706324,66.36641180103,66.36641180103
"4009",2007,"R-25",6729.70687804359,365.176397548659,61.6373454811612,61.6373454811612
"4010",2007,"R-26",6728.84745425058,330.064565272517,65.4082575984129,65.4082575984129
"4011",2007,"R-27",6732.15609050441,291.571491143595,68.5446471904621,68.5446471904621
"4012",2007,"R-28",6734.0567770228,256.513181911362,85.0391332466433,85.0391332466433
"4013",2007,"R-29",6736.78994078897,215.728372096202,89.097431364164,89.097431364164
"4014",2007,"R-30",6739.98493703827,184.537425109419,NA,NA
"4015",2007,"R-31",6742.92759015535,145.568111232529,NA,NA
"4016",2007,"S-22",6760.50732375107,473.48275319811,63.2399623223968,63.2399623223968
"4017",2007,"S-23",6763.47498507675,437.286679389451,71.3388428120429,71.3388428120429
"4018",2007,"S-24",6764.16151245013,401.83220628566,62.7142929680342,62.7142929680342
"4019",2007,"S-25",6764.90522870344,364.405788382935,63.3440647527321,63.3440647527321
"4020",2007,"S-26",6766.79206443058,328.538795781186,60.0012444206135,60.0012444206135
"4021",2007,"S-27",6768.18250272744,290.126382862905,79.3902898327926,79.3902898327926
"4022",2007,"S-28",6771.28652733779,253.817771534699,93.1251502642121,93.1251502642121
"4023",2007,"S-29",6772.71023441785,214.295179856317,92.3061163839213,92.3061163839214
"4024",2007,"S-30",6777.64466204167,177.196865248535,94.0401779888365,94.0401779888365
"4025",2007,"S-31",6779.97140502372,142.865003355161,NA,NA
"4026",2007,"T-25",6802.74225579074,362.155796386417,67.5871908941644,67.5871908941644
"4027",2007,"T-26",6804.4007964567,321.940453041002,63.9310287781385,63.9310287781385
"4028",2007,"T-27",6805.62399746319,285.121272499184,83.750818867521,83.750818867521
"4029",2007,"T-28",6808.45862029288,250.51860476324,92.0779883339662,92.0779883339662
"4030",2007,"T-29",6810.550658867,216.272573679578,90.8125225677776,90.8125225677776
"4031",2007,"T-30",6813.94126877535,181.003078720079,92.9534302371929,92.9534302371929
"4032",2007,"U-25",6839.9323469347,358.097843738292,NA,NA
"4033",2007,"U-26",6842.06164869434,317.670246215215,59.837467676747,59.837467676747
"4034",2007,"U-27",6843.59038695249,283.461065707993,68.2418299334191,68.2418299334191
"4035",2007,"U-28",6845.55442465484,247.551148313826,75.428783271158,75.428783271158
"4036",2007,"U-29",6847.34957009667,210.016665114359,85.5078801887052,85.5078801887052
"4037",2007,"V-25",6877.55297553105,356.812077371748,NA,NA
"4038",2007,"V-26",6879.23116435294,316.565369646568,NA,NA
"4039",2007,"V-27",6881.31119893478,281.381745006129,74.5223310368792,74.5223310368792
"4040",2007,"V-28",6883.91283130693,247.169552706169,86.9371841656185,86.9371841656185
"4041",2009,"A-02",6102.74536071465,759.877094613421,NA,NA
"4042",2009,"A-04",6107.66091118663,836.21008533742,NA,NA
"4043",2009,"A-05",6109.52136930471,874.151642754649,81.9361661245812,81.9361661245812
"4044",2009,"B-02",6140.63518129286,755.717872370807,NA,NA
"4045",2009,"B-05",6145.73575702949,869.846218486789,NA,NA
"4046",2009,"B-06",6151.65902578056,907.690040262047,NA,NA
"4047",2009,"B-07",6154.55740691665,941.886632915607,NA,NA
"4048",2009,"B-08",6158.68320301115,980.802151265485,NA,NA
"4049",2009,"C-01",6174.9528952604,714.650619893052,NA,NA
"4050",2009,"C-04",6182.52741323175,826.459690492092,NA,NA
"4051",2009,"C-06",6185.62215713515,903.489138317116,NA,NA
"4052",2009,"C-07",6195.42152153006,938.457185098435,NA,NA
"4053",2009,"C-08",6194.74444214593,976.982664476632,NA,NA
"4054",2009,"D-03",6215.54769916899,786.863353708819,NA,NA
"4055",2009,"D-05",6221.43910592558,863.803194761282,86.547555662738,86.547555662738
"4056",2009,"D-06",6223.55112439635,899.298872127009,NA,NA
"4057",2009,"D-07",6228.15400401199,933.649481648867,NA,NA
"4058",2009,"D-08",6233.04201897214,974.788809603261,NA,NA
"4059",2009,"D-09",6235.92993568956,1008.37057136114,NA,NA
"4060",2009,"D-10",6240.0428776388,1043.5895955277,NA,NA
"4061",2009,"D-18",6210.32340761204,671.940378495945,NA,NA
"4062",2009,"E-01",6249.76268228299,706.269868120817,NA,NA
"4063",2009,"E-02",6250.06952015831,744.222550598075,86.5999568815044,86.5999568815044
"4064",2009,"E-03",6253.20994519429,784.320671747412,NA,NA
"4065",2009,"E-04",6256.03606295092,820.509734454734,92.8343339008943,92.8343339008943
"4066",2009,"E-06",6262.22980607049,896.690019755592,NA,NA
"4067",2009,"E-07",6266.09988952131,933.677993099436,NA,NA
"4068",2009,"E-09",6274.94575474219,1006.68810293599,NA,NA
"4069",2009,"E-11",6282.67084740901,1078.75770291208,NA,NA
"4070",2009,"E-18",6247.39160186473,669.475795504481,NA,NA
"4071",2009,"E-19",6245.50642468005,630.817502203818,NA,NA
"4072",2009,"F-01",6285.93279569875,703.525242620008,73.1275435362644,73.1275435362644
"4073",2009,"F-02",6286.09762502913,740.869472549585,NA,NA
"4074",2009,"F-03",6289.55592986637,778.939718729646,94.2086858991678,94.2086858991678
"4075",2009,"F-04",6290.61883483224,814.564625150154,100.022014968405,100.022014968405
"4076",2009,"F-05",6295.54709372042,854.981366061501,95.8043260450542,95.8043260450542
"4077",2009,"F-06",6298.76463956463,891.571002461495,77.7820258151429,77.7820258151429
"4078",2009,"F-07",6300.88395540271,928.690672249375,88.2209911266727,88.2209911266727
"4079",2009,"F-08",6306.38159599306,966.542143175384,NA,NA
"4080",2009,"F-09",6311.51119306314,1002.04129011232,NA,NA
"4081",2009,"F-11",6321.11018367783,1074.88631754955,NA,NA
"4082",2009,"F-18",6282.66104579825,666.233115477508,84.6002542205281,84.6002542205281
"4083",2009,"F-19",6281.57058816124,628.362634599768,NA,NA
"4084",2009,"F-20",6281.28471670153,592.050094167291,NA,NA
"4085",2009,"F-21",6281.39063791443,552.959285814569,NA,NA
"4086",2009,"F-22",6281.53030407639,515.982830931301,92.8540966772645,92.8540966772645
"4087",2009,"G-01",6322.69207761068,700.437020397079,77.6448947480942,77.6448947480942
"4088",2009,"G-02",6322.500495386,737.676415893622,95.1439557689463,95.1439557689463
"4089",2009,"G-03",6327.76134470975,777.108349237199,97.1379997513193,97.1379997513193
"4090",2009,"G-04",6329.10477865875,812.814068205558,102.654882658556,102.654882658556
"4091",2009,"G-05",6331.0182825251,851.121896480708,87.8892250369414,87.8892250369414
"4092",2009,"G-07",6340.493912912,922.898010327355,NA,NA
"4093",2009,"G-18",6319.33563765677,661.715789962705,70.5990052744186,70.5990052744186
"4094",2009,"G-19",6319.89255874141,625.107934587127,65.328609926917,65.328609926917
"4095",2009,"G-20",6317.1842163637,587.281411958755,68.2274509213305,68.2274509213305
"4096",2009,"G-21",6317.69569095832,549.878963690529,91.5298235147589,91.5298235147589
"4097",2009,"G-22",6316.45099744502,513.115739556499,98.2451488966184,98.2451488966184
"4098",2009,"G-24",6319.20613124292,437.745666098638,NA,NA
"4099",2009,"GF1918",6300.73991585117,644.851728168328,71.4617435602096,71.4617435602096
"4100",2009,"GF2019",6300.42251941412,603.762374212513,64.0002658163453,64.0002658163453
"4101",2009,"GF2120",6299.7573820787,566.18569332701,NA,NA
"4102",2009,"GF2221",6299.66569111354,529.693030727077,92.1372780463385,92.1372780463385
"4103",2009,"H-01",6359.29876841956,695.799092339013,94.8782981488961,94.8782981488961
"4104",2009,"H-02",6360.77141575824,733.537912301642,99.6708847432206,99.6708847432206
"4105",2009,"H-03",6362.49900688874,772.05014699826,103.396661761012,103.396661761012
"4106",2009,"H-04",6366.39422525145,809.024585708465,106.546637255927,106.546637255927
"4107",2009,"H-07",6377.00838574733,919.80398033181,NA,NA
"4108",2009,"H-08",6380.34844233142,957.828842283468,NA,NA
"4109",2009,"H-18",6357.36319426652,658.593782320627,85.5103191798445,85.5103191798445
"4110",2009,"H-19",6355.68534140546,621.389895037586,77.6487630578607,77.6487630578607
"4111",2009,"H-20",6355.96452330713,585.019192335125,64.4122984051135,64.4122984051135
"4112",2009,"H-22",6354.98800669808,508.475068979542,102.066243604669,102.066243604669
"4113",2009,"H-24",6354.29230525402,433.139387764224,90.6945442142895,90.6945442142895
"4114",2009,"H-25",6357.69767986866,390.474461328515,NA,NA
"4115",2009,"HG1918",6338.20899228845,641.975323104286,61.113326875702,61.113326875702
"4116",2009,"HG2019",6337.92856602061,601.391084962488,58.8962111549626,58.8962111549626
"4117",2009,"HG2221",6331.00443044993,531.958214744175,NA,NA
"4118",2009,"I-01",6396.6504869596,691.9559298575,101.96462784235,101.96462784235
"4119",2009,"I-02",6397.25026517016,731.304295520585,104.678187930432,104.678187930432
"4120",2009,"I-03",6400.76200913215,767.369703698164,NA,NA
"4121",2009,"I-04",6402.97140702492,805.072039881224,NA,NA
"4122",2009,"I-05",6405.22768016668,842.16368558479,NA,NA
"4123",2009,"I-18",6393.41535027788,655.068126163947,103.539149961775,103.539149961775
"4124",2009,"I-19",6393.03443371339,618.188896458487,98.5535258848267,98.5535258848267
"4125",2009,"I-20",6392.79475153576,580.786148706793,93.028400084907,93.028400084907
"4126",2009,"I-21",6390.85283980766,544.362681675001,95.9378400579618,95.9378400579618
"4127",2009,"I-22",6392.73516231387,505.797084896704,99.3549659096143,99.3549659096143
"4128",2009,"I-23",6391.00972173649,467.003421327705,97.014845097992,97.014845097992
"4129",2009,"I-24",6393.08208428979,430.313751787491,88.6633611199387,88.6633611199387
"4130",2009,"I-25",6393.8771298489,391.629542012913,90.7555329224882,90.7555329224882
"4131",2009,"IH1918",6375.14989665604,634.242673849068,96.7136162225057,96.7136162225057
"4132",2009,"IH2019",6373.54671264479,598.348456417373,74.568762292848,74.568762292848
"4133",2009,"IH2120",6374.39384231429,560.084011409472,92.2247242455882,92.2247242455882
"4134",2009,"IH2221",6374.61466577818,524.868082687208,103.229954215801,103.229954215801
"4135",2009,"J-01",6432.23982196187,688.43523274833,NA,NA
"4136",2009,"J-02",6434.10271682317,726.197782203782,103.707456610425,103.707456610425
"4137",2009,"J-03",6437.8756270722,763.995844768652,NA,NA
"4138",2009,"J-04",6440.68035992862,801.086495870808,NA,NA
"4139",2009,"J-18",6431.17082703715,651.407608410942,NA,NA
"4140",2009,"J-19",6430.69647782633,614.04309108202,102.229235053393,102.229235053393
"4141",2009,"J-20",6428.99239048497,577.361732149427,101.89120102395,101.89120102395
"4142",2009,"J-21",6429.20019394215,539.17989410547,97.2245119004974,97.2245119004974
"4143",2009,"J-22",6428.39308022305,502.49165135441,95.4395349781958,95.4395349781958
"4144",2009,"J-23",6427.95658080816,465.330483084809,NA,NA
"4145",2009,"J-24",6429.90222417948,426.468041206535,87.9398651403566,87.9398651403566
"4146",2009,"J-25",6429.50139723243,389.39477416227,NA,NA
"4147",2009,"JI1918",6413.12097338824,633.332810088352,102.767001713031,102.767001713031
"4148",2009,"JI2019",6412.21461628988,597.074256942306,101.796258235584,101.796258235584
"4149",2009,"JI2120",6409.39250821977,560.846990513469,92.8092735242138,92.8092735242138
"4150",2009,"JI2221",6410.47421388476,522.318124507762,97.0765000269871,97.0765000269871
"4151",2009,"K-01",6469.14089611608,685.087134776496,NA,NA
"4152",2009,"K-02",6471.92252361997,723.179871029261,NA,NA
"4153",2009,"K-03",6474.46050439407,760.057141892508,NA,NA
"4154",2009,"K-18",6467.59437671487,647.871195935306,NA,NA
"4155",2009,"K-19",6466.62075484378,609.42861743048,97.1393113452125,97.1393113452125
"4156",2009,"K-20",6467.66629613526,573.405700945345,NA,NA
"4157",2009,"K-21",6466.01497968401,535.922390213202,100.642578534133,100.642578534133
"4158",2009,"K-22",6468.63536043194,499.584528481472,97.3438998049487,97.3438998049487
"4159",2009,"K-23",6466.29593985866,462.367350420413,97.643790161166,97.643790161166
"4160",2009,"K-24",6467.81175547482,423.399634843167,88.8259148305165,88.8259148305165
"4161",2009,"K-25",6468.02895844404,385.93269586541,95.4070249977106,95.4070249977106
"4162",2009,"L-01",6507.41611713972,682.18459705697,102.144903048537,102.144903048537
"4163",2009,"L-18",6504.87094466968,645.241800907528,NA,NA
"4164",2009,"L-19",6503.90761116537,606.464440899398,101.610193660513,101.610193660513
"4165",2009,"L-20",6503.93273323534,570.898126522526,100.703876254798,100.703876254798
"4166",2009,"L-21",6503.85829950316,532.758182689672,101.978314287269,101.978314287269
"4167",2009,"L-22",6503.88403665593,494.497089972785,72.1547348392665,72.1547348392665
"4168",2009,"L-23",6502.17620092324,458.242884465518,75.3326006065719,75.3326006065719
"4169",2009,"L-24",6504.54441712757,420.315466308285,74.6416884599626,74.6416884599626
"4170",2009,"L-25",6504.81765644271,382.53080688894,97.7475554734045,97.7475554734045
"4171",2009,"L-29",6512.38206547953,236.634924501911,NA,NA
"4172",2009,"M-18",6542.2677030187,641.941577763826,NA,NA
"4173",2009,"M-19",6541.90622936072,604.290048337667,NA,NA
"4174",2009,"M-20",6541.71895912652,566.833331967318,101.398948657234,101.398948657234
"4175",2009,"M-21",6540.97416263089,529.768213828194,97.5044764538333,97.5044764538333
"4176",2009,"M-22",6541.08551061569,492.463987038429,88.8651180448017,88.8651180448017
"4177",2009,"M-23",6540.53071811632,454.377113810503,82.1219577606577,82.1219577606577
"4178",2009,"M-24",6542.06415642601,418.135734643726,83.7321247226326,83.7321247226326
"4179",2009,"M-25",6542.67837952268,379.342978753698,90.6915492236801,90.6915492236801
"4180",2009,"M-27",6545.69877692712,305.533363048487,NA,NA
"4181",2009,"N-18",6580.2018826051,639.223609208588,NA,NA
"4182",2009,"N-19",6578.85428277537,600.876942626841,NA,NA
"4183",2009,"N-20",6578.04184999263,564.757279969441,NA,NA
"4184",2009,"N-21",6577.14101524616,525.069017977089,93.6817905417618,93.6817905417618
"4185",2009,"N-22",6577.26738167422,489.964052894116,73.2775405310362,73.2775405310362
"4186",2009,"N-23",6577.82386267107,451.811182726542,73.9075915951131,73.9075915951131
"4187",2009,"N-24",6578.35167222827,415.849346019538,87.8940808074456,87.8940808074456
"4188",2009,"N-25",6579.07357431629,377.841566423977,95.3617341953928,95.3617341953928
"4189",2009,"N-27",6581.40963257707,304.833768841722,86.7917256273444,86.7917256273444
"4190",2009,"N-28",6583.52850368917,266.905148377967,NA,NA
"4191",2009,"N-29",6586.46368881236,230.307409197435,NA,NA
"4192",2009,"N-30",6589.10729271643,194.409249385978,NA,NA
"4193",2009,"O-19",6615.7480256115,597.512024954046,NA,NA
"4194",2009,"O-20",6616.58417764258,559.802855377629,NA,NA
"4195",2009,"O-21",6614.69917503126,523.175192013073,NA,NA
"4196",2009,"O-22",6613.62541540102,485.630937876482,91.8693217099053,91.8693217099053
"4197",2009,"O-23",6614.39478344325,449.130330212764,63.4659117398709,63.4659117398709
"4198",2009,"O-24",6615.60878618226,411.510771347654,88.5139719449683,88.5139719449683
"4199",2009,"O-25",6615.05198731044,373.696999931278,95.8211312081312,95.8211312081312
"4200",2009,"O-26",6617.96454035511,339.519173868683,96.4080401737729,96.4080401737729
"4201",2009,"O-27",6620.00131043256,305.842069874187,74.2472491515204,74.2472491515204
"4202",2009,"O-28",6620.22898392363,268.470015228592,64.4342328476991,64.4342328476991
"4203",2009,"O-29",6624.50363128869,225.013460460692,86.2293716511004,86.2293716511004
"4204",2009,"O-30",6627.18559700629,189.01873451821,NA,NA
"4205",2009,"ON2524",6598.19597915044,393.579452167062,94.2350678849165,94.2350678849165
"4206",2009,"ON2625",6602.2800542416,359.352634531849,98.1539966861733,98.1539966861733
"4207",2009,"P-18",6653.86601677275,630.593587280049,NA,NA
"4208",2009,"P-19",6653.65090421695,592.900218438661,NA,NA
"4209",2009,"P-20",6651.89110977084,557.044507643574,96.1529732532709,96.1529732532709
"4210",2009,"P-21",6651.02905774696,520.146429152536,87.6615534137823,87.6615534137823
"4211",2009,"P-22",6651.36075449967,482.510795007953,64.0626689411317,64.0626689411317
"4212",2009,"P-23",6649.25543806214,447.246463955333,64.4385223351609,64.4385223351609
"4213",2009,"P-24",6652.9051310837,408.565160158394,71.4572649703997,71.4572649703997
"4214",2009,"P-25",6654.29728726409,370.657706765809,72.7590892434909,72.7590892434909
"4215",2009,"P-26",6655.96150549126,336.307667492419,92.8227081505511,92.8227081505511
"4216",2009,"P-27",6656.21567872836,298.950709768751,91.5686406534424,91.5686406534424
"4217",2009,"P-28",6659.92193713481,261.844627938022,72.3531721916967,72.3531721916967
"4218",2009,"P-29",6661.72732680289,224.776617565196,77.4480175924059,77.4480175924059
"4219",2009,"P-30",6663.97609129957,181.379581798767,NA,NA
"4220",2009,"P-31",6667.1006856154,153.468247187123,77.6774852996556,77.6774852996556
"4221",2009,"P-32",6672.36285284327,114.792851682138,NA,NA
"4222",2009,"PO2423",6633.93036620232,429.646907632405,69.1646349448253,69.1646349448253
"4223",2009,"PO2524",6633.48314508964,393.204535879634,76.6198033492277,76.6198033492277
"4224",2009,"PO2625",6636.79686278498,355.564844262343,94.4772776597102,94.4772776597102
"4225",2009,"PO2726",6637.86329463588,318.723110326209,93.8295633942926,93.8295633942926
"4226",2009,"Q-19",6688.43935129499,590.950962440922,NA,NA
"4227",2009,"Q-20",6688.63611177368,554.622810380308,NA,NA
"4228",2009,"Q-21",6688.01873554509,518.795769797244,69.1220327254843,69.1220327254843
"4229",2009,"Q-22",6688.7935920775,478.541686084754,63.614660655036,63.614660655036
"4230",2009,"Q-23",6688.93051485783,441.173721960745,68.9026726142573,68.9026726142573
"4231",2009,"Q-25",6686.71200145625,368.515496929143,58.6629390925602,58.6629390925602
"4232",2009,"Q-26",6693.12108724249,330.56475933473,NA,NA
"4233",2009,"Q-27",6694.62269031061,295.078404282713,82.1234506410812,82.1234506410812
"4234",2009,"Q-28",6696.80270124291,257.242007967895,97.897081290008,97.897081290008
"4235",2009,"Q-29",6699.29820331352,222.333162765989,89.9189233135032,89.9189233135032
"4236",2009,"Q-31",6704.33430419719,148.547100795318,77.5871569128327,77.5871569128327
"4237",2009,"QP2423",6670.2707703854,426.380331667972,NA,NA
"4238",2009,"QP2524",6670.69691140685,390.147012466165,60.1592656080264,60.1592656080264
"4239",2009,"QP2625",6668.96811270318,345.670555653932,84.033863721529,84.0338637215289
"4240",2009,"QP2726",6675.40521207097,313.855738053369,95.288643015202,95.288643015202
"4241",2009,"R-22",6725.77398552752,475.59864357703,62.2245766720189,62.2245766720189
"4242",2009,"R-23",6727.23471667926,438.047793126382,74.938514919609,74.938514919609
"4243",2009,"R-24",6726.3546251217,404.693683597132,NA,NA
"4244",2009,"R-25",6730.5656129935,365.227261932335,66.6063008200801,66.6063008200801
"4245",2009,"R-26",6729.71076591084,329.372034950106,71.0313750527186,71.0313750527186
"4246",2009,"R-27",6731.46012981592,292.755263243842,75.6311893650248,75.6311893650248
"4247",2009,"R-28",6733.62382817285,257.024022925316,90.3244247289208,90.3244247289208
"4248",2009,"R-29",6738.24882470549,215.377665905615,91.8887918007458,91.8887918007458
"4249",2009,"R-30",6739.84558800007,183.201084557677,69.1952829478014,69.1952829478014
"4250",2009,"R-31",6743.83171408883,144.783366746504,89.2808414209702,89.2808414209702
"4251",2009,"R-32",6745.63171263727,108.379720735693,NA,NA
"4252",2009,"S-22",6762.48024421564,473.451798113205,NA,NA
"4253",2009,"S-23",6764.30397403164,436.966316167018,66.1584463391402,66.1584463391402
"4254",2009,"S-24",6764.25823636872,401.299182772121,66.3795338733264,66.3795338733264
"4255",2009,"S-25",6764.92805166721,363.724163634224,NA,NA
"4256",2009,"S-26",6767.2906966819,327.999110238906,72.0918651267274,72.0918651267274
"4257",2009,"S-27",6769.08759524624,290.206918286545,71.9250202212311,71.9250202212311
"4258",2009,"S-28",6771.96509434761,253.773095587595,74.3527739247482,74.3527739247482
"4259",2009,"S-29",6774.20674402356,213.786390869812,88.4894504857474,88.4894504857474
"4260",2009,"S-30",6778.69579921429,176.420255518394,93.2496692087274,93.2496692087274
"4261",2009,"S-31",6780.64752183867,141.904095212618,88.0412846398021,88.0412846398021
"4262",2009,"T-25",6802.52188848233,360.684496736676,NA,NA
"4263",2009,"T-26",6804.25565482249,322.007835734015,NA,NA
"4264",2009,"T-27",6806.81114155647,284.82906844362,70.9688046048526,70.9688046048526
"4265",2009,"T-28",6808.38270838838,252.854758908289,69.0309173168131,69.0309173168131
"4266",2009,"T-29",6812.15620484109,216.695693415939,89.5605946910173,89.5605946910173
"4267",2009,"T-30",6814.06780256632,180.326084771407,92.7190845665199,92.7190845665199
"4268",2009,"U-25",6840.12644358476,358.394449242791,NA,NA
"4269",2009,"U-26",6842.11694621145,317.206413629818,79.7763601204296,79.7763601204296
"4270",2009,"U-27",6845.41889183302,283.172932614394,73.7691160226517,73.7691160226517
"4271",2009,"U-28",6846.81363883441,244.248674760486,75.3969288092425,75.3969288092425
"4272",2009,"U-29",6848.46484611947,210.778232904378,86.7661692330028,86.7661692330028
"4273",2009,"V-25",6878.8976225706,355.610385747561,NA,NA
"4274",2009,"V-26",6879.38122944733,316.607588423335,NA,NA
"4275",2009,"V-27",6882.25812603657,281.0225238193,80.3712839796478,80.3712839796478
"4276",2009,"V-28",6885.16265472981,244.296727607642,87.9900052879579,87.9900052879579
"4277",2010,"A-02",6103.99497098413,759.908209005806,NA,NA
"4278",2010,"A-03",6105.06192461199,797.607128325756,NA,NA
"4279",2010,"A-05",6110.31611135286,874.33765379603,NA,NA
"4280",2010,"A-06",6115.96987758365,909.265026444039,NA,NA
"4281",2010,"B-02",6139.57504970483,756.145327685594,NA,NA
"4282",2010,"B-03",6142.44594417461,794.776507923959,NA,NA
"4283",2010,"B-04",6144.34863568061,830.37203808802,NA,NA
"4284",2010,"B-06",6150.54990969482,907.123522280083,NA,NA
"4285",2010,"B-07",6156.21588347019,942.16789738434,NA,NA
"4286",2010,"C-04",6181.21760931488,826.629707007345,NA,NA
"4287",2010,"C-05",6184.30739202172,866.858887914566,NA,NA
"4288",2010,"C-06",6187.25608223937,902.686016307296,NA,NA
"4289",2010,"C-07",6193.59341165309,940.128773835084,NA,NA
"4290",2010,"D-02",6213.6511586977,748.987475617979,NA,NA
"4291",2010,"D-04",6219.02092362843,824.752454853263,NA,NA
"4292",2010,"D-05",6222.02648704274,862.746090483966,NA,NA
"4293",2010,"D-07",6227.66217330932,933.847234892854,NA,NA
"4294",2010,"D-08",6232.11012382369,974.050258697365,NA,NA
"4295",2010,"D-10",6240.78074828012,1046.21755119324,NA,NA
"4296",2010,"D-18",6210.23907708729,672.631414315706,NA,NA
"4297",2010,"E-01",6248.04108783211,706.358711186528,NA,NA
"4298",2010,"E-03",6253.12648413942,783.063492230296,NA,NA
"4299",2010,"E-04",6255.81436010123,820.947679756023,NA,NA
"4300",2010,"E-06",6261.95798882757,896.520434145056,NA,NA
"4301",2010,"E-07",6265.24285321573,934.320639411176,NA,NA
"4302",2010,"E-10",6278.10398241053,1043.66850958547,NA,NA
"4303",2010,"E-18",6246.10419013684,669.96882436132,NA,NA
"4304",2010,"E-19",6245.04416820096,631.340636259985,NA,NA
"4305",2010,"E-20",6246.77693536478,595.463336146846,NA,NA
"4306",2010,"E-21",6244.05132866235,558.717992896392,55.9915468691833,55.9915468691833
"4307",2010,"E-22",6243.13738426736,519.787499546746,NA,NA
"4308",2010,"F-01",6285.86850618245,704.347534529304,NA,NA
"4309",2010,"F-02",6287.45622033701,740.435503753131,NA,NA
"4310",2010,"F-03",6290.34840291525,779.186363207714,NA,NA
"4311",2010,"F-04",6292.51338773144,815.77121933195,NA,NA
"4312",2010,"F-05",6295.30929448196,854.247810045684,NA,NA
"4313",2010,"F-06",6298.28131808836,891.528982768343,NA,NA
"4314",2010,"F-18",6282.5274686723,666.01131851407,NA,NA
"4315",2010,"F-19",6283.29358405223,628.176632564826,85.3339235852356,85.3339235852356
"4316",2010,"F-20",6281.69281544019,591.540905481906,73.9686523145298,73.9686523145298
"4317",2010,"F-22",6280.16901213087,516.567225471266,NA,NA
"4318",2010,"F-23",6279.62921842086,478.285038317161,61.8772527805036,61.8772527805036
"4319",2010,"F-24",6280.55001350389,440.557821735326,NA,NA
"4320",2010,"G-01",6321.77610334677,699.99843733948,66.4277970404942,66.4277970404942
"4321",2010,"G-02",6324.65248030265,737.447367623292,72.6190136504874,72.6190136504874
"4322",2010,"G-03",6326.61311129602,775.246445061096,62.8744062620338,62.8744062620338
"4323",2010,"G-04",6328.99343444161,813.026524973892,74.5174961310995,74.5174961310995
"4324",2010,"G-06",6335.74462380137,888.275385143441,76.2366438338222,76.2366438338222
"4325",2010,"G-07",6337.50524218526,922.048640056241,70.3425448391588,70.3425448391588
"4326",2010,"G-08",6343.16982307037,961.779589697609,64.8142093038738,64.8142093038738
"4327",2010,"G-18",6321.22362299925,661.150284275914,83.9404341230322,83.9404341230322
"4328",2010,"G-19",6320.3363900516,624.755136611281,97.5260615608829,97.5260615608829
"4329",2010,"G-20",6317.92023778817,587.57192474793,NA,NA
"4330",2010,"G-21",6318.94772514288,551.888854565211,NA,NA
"4331",2010,"G-22",6318.08766434995,512.862452348863,NA,NA
"4332",2010,"G-23",6317.38270351354,474.822041477696,61.1365357727759,61.1365357727759
"4333",2010,"G-24",6319.07737329409,438.87986367357,NA,NA
"4334",2010,"G-25",6317.94784296953,401.323530146032,NA,NA
"4335",2010,"GF1918",6301.68666876354,644.781319610648,94.3768309344349,94.3768309344349
"4336",2010,"GF2120",6300.24734177211,566.890303974945,NA,NA
"4337",2010,"H-01",6358.91209457829,696.467082292817,86.8680622862181,86.8680622862181
"4338",2010,"H-02",6361.41607868053,733.377110811137,83.9880910158349,83.9880910158349
"4339",2010,"H-04",6366.1938001755,808.532009597677,NA,NA
"4340",2010,"H-05",6369.47826068429,846.903591347314,73.5183971561638,73.5183971561638
"4341",2010,"H-06",6371.58649037976,883.793670776343,NA,NA
"4342",2010,"H-07",6376.14935926146,920.809941056293,NA,NA
"4343",2010,"H-18",6357.61264771834,658.503060992914,95.2025811752722,95.2025811752722
"4344",2010,"H-19",6356.09801562984,621.313807302494,96.6668423581302,96.6668423581302
"4345",2010,"H-20",6355.53457233808,584.63699131856,99.6796853425421,99.6796853425421
"4346",2010,"H-22",6357.00886403277,509.161605938001,NA,NA
"4347",2010,"H-23",6354.98295615601,472.263952911824,NA,NA
"4348",2010,"H-24",6354.60218591998,434.35729608378,57.9715330835646,57.9715330835646
"4349",2010,"H-25",6357.53254997262,390.215049159582,NA,NA
"4350",2010,"H-26",6354.77874936981,359.485788432984,NA,NA
"4351",2010,"HG1918",6338.54201875422,643.099909350699,83.0660953355463,83.0660953355463
"4352",2010,"HG2019",6337.94371101177,602.184659439511,95.8280245864593,95.8280245864593
"4353",2010,"I-01",6396.66504851503,692.648278623531,94.2375991310076,94.2375991310076
"4354",2010,"I-02",6398.48664757831,730.035612876928,NA,NA
"4355",2010,"I-03",6399.73341707131,767.982512577836,95.987406215971,95.987406215971
"4356",2010,"I-04",6402.91161245179,804.399111854226,NA,NA
"4357",2010,"I-05",6405.8367739215,842.754473285652,76.8339637853711,76.8339637853711
"4358",2010,"I-18",6394.60113214524,655.141788473005,97.6898007513031,97.6898007513031
"4359",2010,"I-19",6392.50983058829,617.387765334335,NA,NA
"4360",2010,"I-20",6392.50924245103,580.373249708447,98.1834966485657,98.1834966485657
"4361",2010,"I-21",6390.14326114707,543.972046673751,93.3731330375653,93.3731330375653
"4362",2010,"I-22",6391.20875044498,506.457658790264,75.192464297807,75.192464297807
"4363",2010,"I-23",6390.70647890036,467.956051430027,67.2900660460454,67.2900660460454
"4364",2010,"I-24",6392.37253424798,428.856966017712,59.7306476245594,59.7306476245594
"4365",2010,"I-25",6392.73667993066,393.110955799059,55.6170968227371,55.6170968227371
"4366",2010,"I-26",6395.55169199245,356.985653050652,NA,NA
"4367",2010,"IH1918",6375.37438556338,634.916288492285,97.6274420575485,97.6274420575485
"4368",2010,"IH2019",6374.20497944749,597.819932530156,98.1136522697564,98.1136522697564
"4369",2010,"IH2120",6373.51941406596,560.881532932891,97.0664321426088,97.0664321426088
"4370",2010,"IH2221",6372.80884396304,525.124859509182,87.8438908534647,87.8438908534647
"4371",2010,"J-01",6432.8948130756,688.892739428528,95.411054670698,95.411054670698
"4372",2010,"J-02",6435.26849973405,726.389934505143,90.1164536378927,90.1164536378927
"4373",2010,"J-03",6437.84541992375,763.986582998641,95.6186235576022,95.6186235576022
"4374",2010,"J-04",6440.27401664973,800.797686406387,NA,NA
"4375",2010,"J-18",6431.4993164756,651.620582423478,95.6783293802034,95.6783293802034
"4376",2010,"J-19",6430.50669294442,614.028701892642,100.336009094451,100.336009094451
"4377",2010,"J-20",6429.56988020511,576.759907507165,97.0713002829413,97.0713002829413
"4378",2010,"J-21",6428.9530293695,538.609520982358,92.1937210705748,92.1937210705748
"4379",2010,"J-22",6428.42357620986,500.89349982368,75.9727151937476,75.9727151937476
"4380",2010,"J-23",6427.75679670986,465.130668105078,75.474199847288,75.474199847288
"4381",2010,"J-24",6429.36822594905,424.559436136642,NA,NA
"4382",2010,"J-25",6429.92593199459,389.752534206872,NA,NA
"4383",2010,"J-26",6431.22528087257,354.498116653344,NA,NA
"4384",2010,"JI1918",6412.1613555458,634.326293883572,99.1485296238221,99.1485296238221
"4385",2010,"JI2019",6411.22987026627,598.825696718509,100.846018597868,100.846018597868
"4386",2010,"JI2120",6410.70225526564,560.940012172033,92.4255107884282,92.4255107884282
"4387",2010,"JI2221",6411.22619670878,523.190547258881,82.5605932627627,82.5605932627627
"4388",2010,"K-01",6469.33833360195,684.922406486788,NA,NA
"4389",2010,"K-02",6472.13144293969,722.583485531639,NA,NA
"4390",2010,"K-03",6474.73211614864,759.553774490411,NA,NA
"4391",2010,"K-18",6468.28492199323,647.04101522763,97.0089039697427,97.0089039697427
"4392",2010,"K-19",6467.697226411,610.260809887596,97.0418315677538,97.0418315677538
"4393",2010,"K-20",6467.73947315699,573.835300503307,96.4855033754874,96.4855033754874
"4394",2010,"K-21",6465.44192757466,537.105173034342,94.5704829248047,94.5704829248047
"4395",2010,"K-22",6465.55706412095,498.586878403323,90.2589871848374,90.2589871848374
"4396",2010,"K-23",6465.20497111454,462.053811607626,84.1954265610033,84.1954265610033
"4397",2010,"K-24",6466.66598411298,423.188753288138,NA,NA
"4398",2010,"K-25",6467.35180011162,387.320514588157,51.889025141966,51.889025141966
"4399",2010,"K-26",6468.87985516408,349.686862915949,NA,NA
"4400",2010,"L-01",6507.42976162457,682.047444741398,NA,NA
"4401",2010,"L-02",6508.56176030222,718.50716078927,NA,NA
"4402",2010,"L-18",6505.71322701817,645.368269689024,NA,NA
"4403",2010,"L-19",6504.60803563657,607.667752069814,96.5387583245705,96.5387583245705
"4404",2010,"L-20",6504.33104068645,570.324123869947,96.6868380151658,96.6868380151658
"4405",2010,"L-21",6503.10947748329,533.022628503707,95.962420424671,95.962420424671
"4406",2010,"L-22",6503.1227112139,495.126225800043,68.4922005824329,68.4922005824329
"4407",2010,"L-23",6503.17775556448,458.929456039009,70.2001632360708,70.2001632360708
"4408",2010,"L-24",6504.01042179348,419.987158174467,60.6001622049032,60.6001622049032
"4409",2010,"L-25",6504.58854690207,384.282612229894,NA,NA
"4410",2010,"L-26",6505.33531202047,347.518917295838,NA,NA
"4411",2010,"L-27",6507.44718380626,310.553934653973,NA,NA
"4412",2010,"L-28",6512.0262192364,272.812529341089,NA,NA
"4413",2010,"L-29",6511.75347192029,236.911146705689,NA,NA
"4414",2010,"M-18",6542.09738974191,640.843037761316,NA,NA
"4415",2010,"M-19",6541.8809077416,604.873535815302,NA,NA
"4416",2010,"M-20",6540.58094212741,566.685924127461,96.1047383675125,96.1047383675125
"4417",2010,"M-21",6540.08246066443,529.367191092135,95.5466536689069,95.5466536689069
"4418",2010,"M-22",6540.10084257593,492.347150465832,70.1890698123005,70.1890698123005
"4419",2010,"M-23",6540.30476291322,455.123968008151,70.5532482478737,70.5532482478737
"4420",2010,"M-24",6540.93393085812,417.755312165357,68.6633387971007,68.6633387971007
"4421",2010,"M-25",6541.67428637549,379.934075233009,55.7311903463507,55.7311903463507
"4422",2010,"M-26",6543.0138845947,344.155917920569,NA,NA
"4423",2010,"M-27",6545.24997690055,305.277237116051,NA,NA
"4424",2010,"M-28",6548.34136041239,270.304038826231,62.0292767270726,62.0292767270726
"4425",2010,"M-30",6552.3873263419,194.28906592603,NA,NA
"4426",2010,"M-31",6555.97765621364,158.547282067093,NA,NA
"4427",2010,"N-19",6578.70843277491,599.59643190315,NA,NA
"4428",2010,"N-20",6577.45342637543,564.769613138375,93.5822536557015,93.5822536557015
"4429",2010,"N-21",6576.83605638471,526.002839646003,86.6820293244217,86.6820293244217
"4430",2010,"N-22",6576.81314693466,489.515316673747,68.913421248926,68.913421248926
"4431",2010,"N-23",6577.30333626811,452.41856497424,67.2308603582735,67.2308603582735
"4432",2010,"N-24",6578.1171566954,414.977603622562,76.5854160553976,76.5854160553976
"4433",2010,"N-25",6579.0308128206,376.514091404861,NA,NA
"4434",2010,"N-26",6580.95074631932,340.733119218326,61.505915201164,61.505915201164
"4435",2010,"N-28",6584.47801359906,267.022977637273,63.8484505693339,63.8484505693339
"4436",2010,"N-29",6585.62707875257,229.825676536053,NA,NA
"4437",2010,"N-30",6589.62418378421,193.586156768263,66.2611444800901,66.2611444800901
"4438",2010,"N-31",6592.84981086178,156.222785070647,72.9272851246746,72.9272851246746
"4439",2010,"O-19",6615.3485231537,597.785961007166,NA,NA
"4440",2010,"O-20",6613.5467359477,560.971172628125,89.8840535356122,89.8840535356122
"4441",2010,"O-21",6614.07083585602,523.75801785927,80.3694250028245,80.3694250028245
"4442",2010,"O-22",6614.40099746705,487.343182106446,70.6227553804721,70.6227553804721
"4443",2010,"O-23",6614.64507547412,450.522623063536,63.5564573566812,63.5564573566812
"4444",2010,"O-24",6615.83525797356,412.229538413343,NA,NA
"4445",2010,"O-25",6616.09405553069,373.070787635481,NA,NA
"4446",2010,"O-26",6617.83044209288,339.474211005992,NA,NA
"4447",2010,"O-27",6619.29586134265,304.086718195133,NA,NA
"4448",2010,"O-28",6621.41994844489,269.08808990821,NA,NA
"4449",2010,"O-29",6624.36594757921,225.972730678373,60.7854440565152,60.7854440565152
"4450",2010,"O-30",6627.3439599882,188.857344039991,65.0133689782906,65.0133689782906
"4451",2010,"O-31",6630.85728454436,154.185355332464,NA,NA
"4452",2010,"ON2524",6598.07338384083,392.230318760686,NA,NA
"4453",2010,"ON2625",6599.00500433441,356.832645844148,NA,NA
"4454",2010,"P-19",6653.30106940548,593.407799952096,NA,NA
"4455",2010,"P-20",6651.53701892122,558.860427070656,79.4574162086768,79.4574162086768
"4456",2010,"P-21",6651.13601882991,520.954711248777,75.6565699324297,75.6565699324297
"4457",2010,"P-22",6650.84559717048,482.763303268551,67.7539347843296,67.7539347843296
"4458",2010,"P-23",6650.23305541233,447.699643103208,NA,NA
"4459",2010,"P-24",6651.12567315816,411.917172920508,NA,NA
"4460",2010,"P-25",6653.32674996365,374.865891712184,NA,NA
"4461",2010,"P-26",6655.08424658642,334.949208454297,NA,NA
"4462",2010,"P-27",6656.30368252949,299.516713735373,67.2943801521699,67.2943801521699
"4463",2010,"P-28",6658.89882758578,263.136527373012,53.6915723852273,53.6915723852273
"4464",2010,"P-29",6661.99065248124,225.47115804524,62.9134800477932,62.9134800477932
"4465",2010,"P-30",6665.13792069968,181.475790901886,75.0442752119144,75.0442752119144
"4466",2010,"P-31",6667.28682931859,153.894037176685,70.7597888991793,70.7597888991793
"4467",2010,"PO2423",6633.33529499162,428.52171361627,NA,NA
"4468",2010,"PO2524",6634.22666064709,392.498964080243,NA,NA
"4469",2010,"PO2625",6635.38229735855,355.333568375258,NA,NA
"4470",2010,"PO2726",6637.29844478047,319.24658638901,75.0516843952916,75.0516843952916
"4471",2010,"Q-19",6689.25633255356,591.783263235015,NA,NA
"4472",2010,"Q-20",6688.58434981094,554.921273394093,NA,NA
"4473",2010,"Q-21",6687.96649940774,519.243369921631,NA,NA
"4474",2010,"Q-22",6688.92941805623,480.325271965918,69.1184432207522,69.1184432207522
"4475",2010,"Q-23",6689.68415277439,441.16961205783,62.4828020144533,62.4828020144533
"4476",2010,"Q-25",6686.5595154596,368.370288058263,NA,NA
"4477",2010,"Q-26",6692.18848664707,330.221850454146,NA,NA
"4478",2010,"Q-27",6693.55345645128,294.693246813953,76.7487457791125,76.7487457791125
"4479",2010,"Q-28",6696.51819971114,257.56302551833,73.5646117347187,73.5646117347187
"4480",2010,"Q-29",6699.44007672451,222.729494198767,72.8931070709201,72.8931070709201
"4481",2010,"Q-30",6702.10372460578,184.870464963705,66.371696524849,66.371696524849
"4482",2010,"Q-31",6705.91893095372,147.106360977066,92.1352175831604,92.1352175831604
"4483",2010,"QP2423",6670.13801725073,426.445122572242,NA,NA
"4484",2010,"QP2524",6670.57360806625,389.651733382552,NA,NA
"4485",2010,"QP2625",6669.02813272529,346.445436486748,NA,NA
"4486",2010,"QP2726",6675.49255957636,314.189492757224,83.5517074267161,83.5517074267161
"4487",2010,"R-22",6725.40176425798,475.959320381837,68.8613037084326,68.8613037084326
"4488",2010,"R-23",6725.76129566504,438.901713392759,NA,NA
"4489",2010,"R-24",6728.5159838306,401.99867074974,NA,NA
"4490",2010,"R-25",6729.01154447607,365.435197172566,52.8791508990097,52.8791508990097
"4491",2010,"R-26",6730.06811959063,328.661420733868,NA,NA
"4492",2010,"R-27",6731.56960215358,291.416062317383,NA,NA
"4493",2010,"R-28",6732.63099742778,258.449014222178,87.9060152547401,87.9060152547401
"4494",2010,"R-29",6736.90473392384,216.205595660555,92.3123608113837,92.3123608113837
"4495",2010,"R-30",6739.95005681948,182.65417642071,86.1637696765212,86.1637696765212
"4496",2010,"R-31",6743.39557647234,144.783994931067,98.3750065574038,98.3750065574038
"4497",2010,"R-32",6747.12106294194,106.917544883828,NA,NA
"4498",2010,"S-22",6761.05719147024,473.684658016924,NA,NA
"4499",2010,"S-23",6761.33892140058,437.245618568012,NA,NA
"4500",2010,"S-24",6764.21485944755,402.099103571514,58.1553157311688,58.1553157311688
"4501",2010,"S-25",6764.73904482037,365.23978515357,NA,NA
"4502",2010,"S-26",6766.92824138289,327.859336713273,NA,NA
"4503",2010,"S-27",6769.25064085055,290.384901841965,85.8193820746961,85.8193820746961
"4504",2010,"S-28",6770.69581353573,252.98756014685,NA,NA
"4505",2010,"S-29",6773.63815998904,214.467477685378,63.7955719398537,63.7955719398537
"4506",2010,"S-30",6777.26677778088,177.201978983413,73.8005884899681,73.8005884899681
"4507",2010,"S-31",6780.04965680512,141.905967962606,70.8682533254778,70.8682533254778
"4508",2010,"T-25",6801.89616172317,361.558422600774,81.1872201935979,81.1872201935979
"4509",2010,"T-26",6804.52993020884,322.658404248863,NA,NA
"4510",2010,"T-27",6806.58995265454,287.351849492593,NA,NA
"4511",2010,"T-28",6809.18677893556,251.409357086415,NA,NA
"4512",2010,"T-29",6810.84625263186,216.55791232619,NA,NA
"4513",2010,"T-30",6814.51346603282,181.26082180107,77.5045178999834,77.5045178999834
"4514",2010,"U-25",6839.53929368978,359.579505997822,70.7785902707704,70.7785902707703
"4515",2010,"U-26",6841.13973147946,317.672598261683,NA,NA
"4516",2010,"U-27",6843.87029514135,283.769319547813,NA,NA
"4517",2010,"U-28",6845.98794436419,247.143269028439,NA,NA
"4518",2010,"U-29",6848.83052724243,210.84759719657,NA,NA
"4519",2010,"V-25",6876.75706360913,356.604396846445,NA,NA
"4520",2010,"V-26",6879.20171738748,317.930700832683,NA,NA
"4521",2010,"V-27",6880.7158873624,281.493848672906,NA,NA
"4522",2010,"V-28",6883.84953006335,246.83448546381,NA,NA
"4523",2011,"B-01",6137.60058699151,718.950944022571,NA,NA
"4524",2011,"B-02",6140.68337066592,755.317419610489,NA,NA
"4525",2011,"B-05",6146.89081842342,869.980067588477,NA,NA
"4526",2011,"B-06",6152.05952991819,908.626180177274,NA,NA
"4527",2011,"C-01",6174.83643526958,714.617607395154,NA,NA
"4528",2011,"C-02",6177.23296869145,752.531985837962,87.5766822934197,87.5766822934197
"4529",2011,"C-05",6184.93261520912,866.81086125699,NA,NA
"4530",2011,"C-06",6188.6880196627,902.934852936058,NA,NA
"4531",2011,"D-04",6219.37997062476,825.000173916687,72.3505646442119,72.3505646442119
"4532",2011,"D-08",6232.8529202087,974.283503179323,NA,NA
"4533",2011,"E-02",6250.65949871189,744.693700011547,NA,NA
"4534",2011,"E-03",6252.36023372779,783.402725079108,NA,NA
"4535",2011,"E-04",6253.81930703604,821.352632391628,NA,NA
"4536",2011,"E-05",6258.1609229164,858.230190796696,NA,NA
"4537",2011,"E-07",6265.63887454066,929.880949533935,NA,NA
"4538",2011,"E-19",6245.79030372581,631.048183855734,NA,NA
"4539",2011,"E-21",6244.19600619476,556.32723348368,52.0560100274357,52.0560100274357
"4540",2011,"F-01",6284.70462027424,705.492880739503,NA,NA
"4541",2011,"F-03",6289.93559809347,779.334051542979,NA,NA
"4542",2011,"F-04",6289.78589177748,817.52542793901,NA,NA
"4543",2011,"F-07",6303.01166916655,927.501003975285,NA,NA
"4544",2011,"F-09",6310.90200793036,1002.61343039062,NA,NA
"4545",2011,"F-11",6321.12340066769,1076.42355526998,NA,NA
"4546",2011,"F-18",6282.89671064621,665.54137642749,NA,NA
"4547",2011,"F-23",6280.96994058936,477.444433934078,NA,NA
"4548",2011,"G-01",6322.25474093277,700.834827605526,69.5516437139008,69.5516437139008
"4549",2011,"G-02",6324.36801019807,737.914852737876,NA,NA
"4550",2011,"G-03",6327.41405341837,775.611748893952,71.3009025100885,71.3009025100885
"4551",2011,"G-04",6327.44379045876,812.856670481928,97.8179231956294,97.8179231956294
"4552",2011,"G-05",6331.87488549584,850.325553296752,NA,NA
"4553",2011,"G-06",6335.35225862869,888.355378097065,NA,NA
"4554",2011,"G-07",6339.23441423766,923.077360683445,NA,NA
"4555",2011,"G-18",6319.60656423257,661.476214346805,79.0419907283446,79.0419907283446
"4556",2011,"G-19",6319.34309393219,624.467719569215,71.8018517877425,71.8018517877425
"4557",2011,"G-20",6317.73863849288,588.276805318655,84.0860336153773,84.0860336153773
"4558",2011,"G-21",6318.13439254755,551.074674677171,NA,NA
"4559",2011,"G-22",6317.96545945724,512.94057851845,59.4245690129265,59.4245690129265
"4560",2011,"G-23",6317.28000629935,475.901285608699,NA,NA
"4561",2011,"G-25",6318.33047091349,399.647604203204,NA,NA
"4562",2011,"G-26",6319.88848279081,363.000627285401,NA,NA
"4563",2011,"GF1918",6301.37141249477,644.990738392235,NA,NA
"4564",2011,"GF2019",6299.69513704452,605.92800241492,NA,NA
"4565",2011,"GF2120",6299.65482483319,569.834587724801,NA,NA
"4566",2011,"GF2221",6299.11781235504,531.341083334844,56.7356949974023,56.7356949974023
"4567",2011,"H-01",6359.16819071335,696.482828610864,93.78185747092,93.78185747092
"4568",2011,"H-02",6361.35106206367,732.941255296767,94.0089204789825,94.0089204789825
"4569",2011,"H-03",6363.05064661551,770.72969965816,99.5996559345511,99.5996559345511
"4570",2011,"H-04",6365.8180350517,808.743560570864,102.200790674518,102.200790674518
"4571",2011,"H-05",6369.07310887845,846.810052620957,NA,NA
"4572",2011,"H-06",6374.60326588022,882.658450077847,NA,NA
"4573",2011,"H-18",6357.33667902233,657.936657551515,97.2130103905863,97.2130103905863
"4574",2011,"H-20",6354.86029552113,583.414123382266,97.8038733381708,97.8038733381708
"4575",2011,"H-22",6355.05391672751,508.847243526085,77.1485260807758,77.1485260807758
"4576",2011,"H-23",6353.80238668622,471.770308931802,59.0279119899474,59.0279119899474
"4577",2011,"H-24",6354.52714992961,434.176331700116,NA,NA
"4578",2011,"H-25",6357.43732214273,391.006995599234,NA,NA
"4579",2011,"HG1918",6338.81891999871,644.600943057756,NA,NA
"4580",2011,"HG2019",6336.40530383378,601.082723372786,92.6452053050289,92.6452053050289
"4581",2011,"HG2221",6330.20898805538,532.804701655365,NA,NA
"4582",2011,"I-01",6396.20585730036,692.827923921104,97.1096413124711,97.1096413124711
"4583",2011,"I-02",6399.22814728255,731.052333077086,101.874337158599,101.874337158599
"4584",2011,"I-03",6400.47954806325,767.151454237836,105.389045089438,105.389045089438
"4585",2011,"I-04",6403.0661649719,805.282897517519,NA,NA
"4586",2011,"I-05",6405.248311928,843.123586690946,NA,NA
"4587",2011,"I-18",6395.07703977665,654.707034546002,101.622735899228,101.622735899228
"4588",2011,"I-19",6392.05326285153,617.66105896328,102.698484683037,102.698484683037
"4589",2011,"I-20",6392.60333323655,580.792061191398,100.292464016779,100.292464016779
"4590",2011,"I-21",6391.43693672156,543.139940249137,96.2840778007564,96.2840778007564
"4591",2011,"I-22",6391.53838141603,505.789553411446,84.7465485936985,84.7465485936985
"4592",2011,"I-23",6391.93750821335,468.99488089066,NA,NA
"4593",2011,"I-24",6392.07619414239,430.693232920985,NA,NA
"4594",2011,"I-25",6393.32046026724,392.475548954358,NA,NA
"4595",2011,"IH1918",6375.34106075944,634.650199753639,99.8339621635964,99.8339621635964
"4596",2011,"IH2019",6374.3206181008,596.904363630187,100.692008263061,100.692008263061
"4597",2011,"IH2120",6373.66360693638,559.906289025085,98.2352404813555,98.2352404813555
"4598",2011,"IH2221",6373.16085581295,525.339640957845,96.3113734826408,96.3113734826408
"4599",2011,"J-01",6432.83944946517,688.228703477701,NA,NA
"4600",2011,"J-02",6436.74941334417,726.000554089888,NA,NA
"4601",2011,"J-03",6437.44586878369,763.196955830805,102.03911908425,102.03911908425
"4602",2011,"J-18",6430.37696720529,651.896420702802,99.6697083161121,99.6697083161121
"4603",2011,"J-19",6430.37379403266,614.075376684687,104.315357930259,104.315357930259
"4604",2011,"J-20",6429.47827021927,576.599669293496,101.427691111043,101.427691111043
"4605",2011,"J-21",6428.37450461382,538.999104330878,97.376212539545,97.376212539545
"4606",2011,"J-22",6429.51759706805,501.475658595954,88.5328161752547,88.5328161752547
"4607",2011,"J-23",6429.49814065882,464.813118873551,59.9985482869122,59.9985482869122
"4608",2011,"J-24",6429.53126007357,426.808839285261,NA,NA
"4609",2011,"J-25",6430.57229355555,390.004560542419,NA,NA
"4610",2011,"J-26",6432.42753294074,353.512470094519,NA,NA
"4611",2011,"JI1918",6411.49491223078,634.803618337015,103.586132443858,103.586132443858
"4612",2011,"JI2019",6411.72997107728,597.343773582082,104.471668878926,104.471668878926
"4613",2011,"JI2221",6410.16750723906,523.108766521754,93.7762054493926,93.7762054493926
"4614",2011,"K-01",6470.48121172369,684.730635690588,NA,NA
"4615",2011,"K-18",6467.13029791129,648.658823322703,NA,NA
"4616",2011,"K-19",6467.53063133958,609.959935953045,99.8423010536124,99.8423010536124
"4617",2011,"K-20",6466.82013564406,573.596585480061,101.22089181864,101.22089181864
"4618",2011,"K-21",6465.83602685642,536.017724218857,99.2766356788882,99.2766356788882
"4619",2011,"K-22",6466.14421849734,499.136326624737,97.8486388816304,97.8486388816304
"4620",2011,"K-23",6467.09140222754,461.799726240565,90.9953758687675,90.9953758687675
"4621",2011,"K-24",6467.20499970511,424.398365535262,NA,NA
"4622",2011,"K-25",6467.70608941361,387.04707986981,NA,NA
"4623",2011,"K-26",6469.90161344008,349.285187092298,NA,NA
"4624",2011,"L-19",6505.27740675265,607.097120824336,98.4209055233063,98.4209055233063
"4625",2011,"L-20",6503.84456592349,570.673761854684,98.1416101070112,98.1416101070112
"4626",2011,"L-21",6503.87575785046,533.306112545509,103.132637508647,103.132637508647
"4627",2011,"L-22",6502.94553524278,495.71622060068,95.1633522475134,95.1633522475134
"4628",2011,"L-23",6503.56956238531,458.997107292174,94.2497199022154,94.2497199022154
"4629",2011,"L-24",6503.71904667952,420.155816735838,65.229911668515,65.229911668515
"4630",2011,"L-25",6504.40905049999,383.950184186932,60.9521244954089,60.9521244954089
"4631",2011,"L-26",6506.77857673137,346.758094885936,NA,NA
"4632",2011,"L-27",6507.42956846328,309.875589616729,NA,NA
"4633",2011,"L-28",6515.7054382606,273.573662963478,NA,NA
"4634",2011,"M-19",6541.83714059098,604.494240308568,NA,NA
"4635",2011,"M-20",6540.75946215263,568.06882189654,NA,NA
"4636",2011,"M-21",6540.5799097418,529.326907218778,98.2992059818852,98.2992059818852
"4637",2011,"M-22",6540.44739322626,493.413763267587,NA,NA
"4638",2011,"M-23",6540.80348728616,454.94854053934,93.4571333081249,93.4571333081249
"4639",2011,"M-24",6540.52142241882,417.721186052571,92.2536597064141,92.2536597064141
"4640",2011,"M-25",6542.71827501023,380.274817049912,67.2029308660224,67.2029308660224
"4641",2011,"M-26",6544.73771937753,343.393129621048,58.8623228432837,58.8623228432837
"4642",2011,"M-27",6544.72603704419,306.40549288701,NA,NA
"4643",2011,"M-28",6547.15733329093,270.895891233279,NA,NA
"4644",2011,"M-29",6549.4746552502,228.741499908235,NA,NA
"4645",2011,"M-30",6551.89294103823,195.405112395811,NA,NA
"4646",2011,"M-32",6558.57434432198,121.887072030294,NA,NA
"4647",2011,"N-20",6578.33086663542,564.200429707504,NA,NA
"4648",2011,"N-21",6576.53112969586,526.593369027104,NA,NA
"4649",2011,"N-22",6576.34159089121,489.910952403487,NA,NA
"4650",2011,"N-23",6577.96885812943,452.766865668321,NA,NA
"4651",2011,"N-24",6577.508490151,414.725146195154,93.750464270506,93.750464270506
"4652",2011,"N-25",6579.88300201304,377.311797386387,94.8610738646436,94.8610738646436
"4653",2011,"N-26",6580.77440567636,341.002810900051,66.9495297722912,66.9495297722912
"4654",2011,"N-27",6582.79980877947,304.376584466038,57.2093837471313,57.2093837471313
"4655",2011,"N-28",6584.63433237183,265.15458408948,NA,NA
"4656",2011,"N-29",6585.43318707271,230.05283632527,61.8646947858444,61.8646947858444
"4657",2011,"N-30",6589.38122461014,194.27225348047,NA,NA
"4658",2011,"N-31",6592.05285995391,154.765527207838,NA,NA
"4659",2011,"O-20",6616.28631891643,560.224425190261,NA,NA
"4660",2011,"O-21",6614.19294562779,523.608217800433,NA,NA
"4661",2011,"O-22",6614.98739791894,486.371535002321,NA,NA
"4662",2011,"O-23",6615.53582177812,449.130923740051,NA,NA
"4663",2011,"O-24",6615.44197172995,411.923021161872,NA,NA
"4664",2011,"O-25",6617.20969627848,373.266508453858,99.4978890272525,99.4978890272525
"4665",2011,"O-26",6617.5517728949,338.360243428066,90.2048388882638,90.2048388882638
"4666",2011,"O-27",6618.87690827305,305.806740627712,NA,NA
"4667",2011,"O-28",6622.21483310575,269.034780345415,NA,NA
"4668",2011,"O-29",6623.21719411851,226.526002535257,59.7526598380067,59.7526598380067
"4669",2011,"O-30",6628.11491848177,186.302094968399,78.1604326035997,78.1604326035997
"4670",2011,"O-31",6630.49322256758,153.547508351024,NA,NA
"4671",2011,"ON2524",6597.04210396399,395.512553580534,98.5524378902448,98.5524378902448
"4672",2011,"ON2625",6598.76440641064,359.02667195917,95.6043900016102,95.6043900016102
"4673",2011,"P-19",6653.02247920071,593.229616609576,NA,NA
"4674",2011,"P-20",6652.45232296469,557.606993939192,NA,NA
"4675",2011,"P-21",6651.05077532525,520.848366556617,NA,NA
"4676",2011,"P-22",6651.88986010555,483.086358495243,73.9097199786191,73.9097199786191
"4677",2011,"P-23",6651.78645155529,445.721458597217,NA,NA
"4678",2011,"P-24",6651.51512377765,411.147310743009,NA,NA
"4679",2011,"P-25",6653.99601853988,373.803293943658,NA,NA
"4680",2011,"P-26",6654.36966307074,335.355458473913,94.9683265577993,94.9683265577993
"4681",2011,"P-27",6656.60789293062,299.801543104052,60.0828502751855,60.0828502751855
"4682",2011,"P-28",6659.52306278807,262.28804106688,50.1635646817444,50.1635646817444
"4683",2011,"P-29",6663.0694332444,225.043526640038,55.6488204324235,55.6488204324235
"4684",2011,"P-30",6665.6761484873,181.283672137459,77.0021114912828,77.0021114912828
"4685",2011,"P-31",6668.43870652346,154.390770638424,68.9383420828953,68.9383420828953
"4686",2011,"P-32",6671.83035081923,115.778507663744,NA,NA
"4687",2011,"PO2423",6634.22935644478,429.946609634802,NA,NA
"4688",2011,"PO2524",6633.4868108502,393.756687736007,93.3437221439317,93.3437221439317
"4689",2011,"PO2625",6635.70354903322,356.419542029619,NA,NA
"4690",2011,"PO2726",6637.84640988709,317.872331057177,67.2201801538516,67.2201801538516
"4691",2011,"Q-19",6689.33842575919,593.75841605884,NA,NA
"4692",2011,"Q-20",6688.7339373678,556.039030708071,NA,NA
"4693",2011,"Q-21",6688.26804488088,518.545158577802,NA,NA
"4694",2011,"Q-22",6689.55049965953,480.295231499956,NA,NA
"4695",2011,"Q-23",6688.90406301624,441.294241092064,74.4570492377753,74.4570492377753
"4696",2011,"Q-25",6691.05479874294,366.20835372764,NA,NA
"4697",2011,"Q-26",6692.77415318252,330.625997778274,94.6329163401801,94.6329163401801
"4698",2011,"Q-27",6693.4921456826,295.632844864662,64.9220997431384,64.9220997431384
"4699",2011,"Q-28",6697.54967650796,258.100255348778,60.9261329044734,60.9261329044734
"4700",2011,"Q-29",6698.18596419913,221.841101033626,55.5904842290044,55.5904842290044
"4701",2011,"Q-30",6702.43853707996,183.564483442548,55.4825328437855,55.4825328437855
"4702",2011,"Q-31",6705.54628704016,146.93391776536,68.0579395876283,68.0579395876283
"4703",2011,"QP2423",6670.17984356584,426.359350999029,NA,NA
"4704",2011,"QP2524",6673.03541581452,387.722223267221,NA,NA
"4705",2011,"QP2625",6668.62921043572,346.186740143495,90.3294744447974,90.3294744447974
"4706",2011,"QP2726",6674.57612902361,314.012869915606,89.8318709622033,89.8318709622033
"4707",2011,"R-22",6726.02282945159,477.224225580509,65.1900242716221,65.1900242716221
"4708",2011,"R-23",6725.78197340298,439.390796867386,NA,NA
"4709",2011,"R-24",6727.22576331562,404.430592798415,72.4869311493154,72.4869311493154
"4710",2011,"R-25",6728.9003750194,365.248631958846,NA,NA
"4711",2011,"R-26",6730.70622047012,329.256598427378,82.5725760227137,82.5725760227137
"4712",2011,"R-27",6731.44070024072,291.66519487426,72.3934350631506,72.3934350631506
"4713",2011,"R-28",6735.08998096212,256.951658229583,65.9819184117297,65.9819184117298
"4714",2011,"R-29",6736.86915049708,216.421734972289,58.893371206515,58.893371206515
"4715",2011,"R-30",6739.60872939776,183.37896210735,56.364338338264,56.364338338264
"4716",2011,"R-31",6743.07221692067,144.749640449516,86.6847028705729,86.6847028705729
"4717",2011,"S-22",6762.61606292858,474.139782333907,65.1520126619689,65.1520126619689
"4718",2011,"S-23",6763.11671989353,437.924399257529,66.5190564890738,66.5190564890738
"4719",2011,"S-24",6764.15334627317,401.264062006414,70.4306042779697,70.4306042779697
"4720",2011,"S-25",6765.81525391833,364.690452151871,NA,NA
"4721",2011,"S-26",6766.88806346736,327.653428678238,NA,NA
"4722",2011,"S-27",6768.27259163537,290.923891088419,NA,NA
"4723",2011,"S-28",6771.14441098342,254.567774434045,70.8683303497267,70.8683303497267
"4724",2011,"S-29",6774.31750407403,213.406988511443,59.2144482020324,59.2144482020324
"4725",2011,"S-30",6778.35455351814,176.758383777703,68.4116442151721,68.4116442151721
"4726",2011,"S-31",6781.24439802583,142.579975061389,75.2320907503051,75.2320907503051
"4727",2011,"T-25",6802.91391117928,362.171411917155,NA,NA
"4728",2011,"T-26",6804.59324010236,322.729968197247,NA,NA
"4729",2011,"T-27",6807.22425511005,287.286477299113,NA,NA
"4730",2011,"T-28",6808.64317735789,250.789836995568,70.6648780200277,70.6648780200277
"4731",2011,"T-29",6811.62677977394,216.60988092137,61.4939539496254,61.4939539496254
"4732",2011,"T-30",6815.24843573284,181.141757639308,66.2157772612278,66.2157772612278
"4733",2011,"U-25",6840.06064999913,359.101206187014,NA,NA
"4734",2011,"U-26",6841.42790664727,318.237468242412,NA,NA
"4735",2011,"U-27",6845.53947872737,284.638818306243,NA,NA
"4736",2011,"U-28",6845.78824722207,246.318680517319,NA,NA
"4737",2011,"U-29",6849.75670098278,211.124756676506,71.7341361773717,71.7341361773717
"4738",2011,"V-25",6877.3046988877,356.063308519477,NA,NA
"4739",2011,"V-26",6880.25764587593,316.932985096519,NA,NA
"4740",2011,"V-27",6880.95346084823,281.308524527864,NA,NA
"4741",2011,"V-28",6883.71931341689,246.998738831546,NA,NA
"4742",2013,"D-02",6213.3572133982,749.132653573291,78.3167786651168,78.3167786651168
"4743",2013,"D-04",6218.68066260607,825.388125196983,NA,NA
"4744",2013,"E-01",6249.30387834193,707.014742834658,72.0606345082106,72.0606345082106
"4745",2013,"E-02",6250.460068124,745.249948563475,NA,NA
"4746",2013,"E-06",6261.2967537712,896.86298695713,NA,NA
"4747",2013,"E-18",6246.6967736721,669.474400214277,54.9797784661826,54.9797784661826
"4748",2013,"E-19",6245.15916616733,633.354497447081,59.2807945076794,59.2807945076794
"4749",2013,"E-21",6244.03571274108,558.836616511776,NA,NA
"4750",2013,"E-22",6242.4207793682,520.067885654704,NA,NA
"4751",2013,"F-01",6285.80832707564,703.671543118553,NA,NA
"4752",2013,"F-02",6287.84779521028,741.493221907809,NA,NA
"4753",2013,"F-03",6289.71177142626,778.848501671037,NA,NA
"4754",2013,"F-04",6291.08102314966,815.368591722758,NA,NA
"4755",2013,"F-05",6295.02575076009,853.818691755826,91.3176953953658,91.3176953953658
"4756",2013,"F-06",6298.72770994389,893.123405889143,NA,NA
"4757",2013,"F-18",6282.47498812971,666.908547093545,NA,NA
"4758",2013,"F-19",6283.02345977028,627.388957242617,NA,NA
"4759",2013,"F-21",6279.9953044984,554.832923389321,NA,NA
"4760",2013,"F-22",6279.57460147202,516.564051133284,95.3304786010262,95.3304786010262
"4761",2013,"F-24",6281.83845113714,440.372282279893,99.7080490639308,99.7080490639308
"4762",2013,"G-01",6322.04291775158,699.866600878717,NA,NA
"4763",2013,"G-02",6323.98486508983,737.187268589885,NA,NA
"4764",2013,"G-03",6326.25745987531,775.531841968322,64.2520567721634,64.2520567721634
"4765",2013,"G-04",6329.1638356007,811.144502780746,96.7980365247686,96.7980365247686
"4766",2013,"G-05",6331.59077842609,850.827786513122,98.5496063345153,98.5496063345153
"4767",2013,"G-06",6335.16700196359,888.475812554247,97.9824780461345,97.9824780461345
"4768",2013,"G-08",6343.67634678486,961.609456771742,91.2654406593559,91.2654406593559
"4769",2013,"G-18",6319.66113555261,661.074160505766,NA,NA
"4770",2013,"G-19",6320.07869544814,624.668080855566,NA,NA
"4771",2013,"G-20",6317.34906310733,587.653572684514,94.9458905747192,94.9458905747192
"4772",2013,"G-22",6317.15795477678,513.147527078637,94.159838956213,94.159838956213
"4773",2013,"G-23",6317.21879183267,476.383610802219,93.0930783121427,93.0930783121427
"4774",2013,"G-24",6317.35424301792,437.108703037137,99.0662667343955,99.0662667343955
"4775",2013,"GF1918",6300.91334203677,644.905261498018,56.5229553206842,56.5229553206842
"4776",2013,"GF2019",6299.13691227982,603.383084862219,NA,NA
"4777",2013,"GF2120",6300.49633259895,566.307294110146,98.8496350882067,98.8496350882067
"4778",2013,"GF2221",6298.42263955353,531.856201039884,NA,NA
"4779",2013,"H-01",6358.74691557269,695.088550517142,93.0341099011374,93.0341099011374
"4780",2013,"H-02",6360.24217298209,733.726862803402,93.9458928307476,93.9458928307476
"4781",2013,"H-03",6362.79573325723,771.835606317828,94.152590931791,94.152590931791
"4782",2013,"H-04",6367.48255300375,809.042538479193,100.550815957025,100.550815957025
"4783",2013,"H-05",6369.28845998596,847.178102177504,101.474797496495,101.474797496495
"4784",2013,"H-06",6372.04727800037,883.583697166915,NA,NA
"4785",2013,"H-18",6356.44883409453,658.550528047825,88.4864952493764,88.4864952493764
"4786",2013,"H-19",6356.09430209211,620.943418892365,67.388691723976,67.388691723976
"4787",2013,"H-20",6354.45516013685,584.402389725282,92.571713129224,92.571713129224
"4788",2013,"H-22",6355.53819087177,508.85853635469,98.5768773492244,98.5768773492244
"4789",2013,"H-23",6353.9885031315,471.821568937642,99.0359572710535,99.0359572710535
"4790",2013,"H-24",6355.85021815169,433.948348014811,96.1362138839101,96.1362138839101
"4791",2013,"HG1918",6338.68372133493,643.089843978325,NA,NA
"4792",2013,"HG2019",6336.02244281974,601.160494852652,NA,NA
"4793",2013,"I-01",6396.26364456617,693.581630135472,98.0881120121358,98.0881120121358
"4794",2013,"I-02",6399.10751679133,730.640475495587,101.499453350611,101.499453350611
"4795",2013,"I-03",6400.14280398917,768.110334724506,100.980693484278,100.980693484278
"4796",2013,"I-04",6405.1125537442,805.884688851213,101.899629729277,101.899629729277
"4797",2013,"I-18",6394.85483672146,655.175343742528,97.7560500678175,97.7560500678175
"4798",2013,"I-19",6392.42258091844,617.279245174142,91.4121715419714,91.4121715419714
"4799",2013,"I-20",6392.3720231707,580.947062453663,NA,NA
"4800",2013,"I-21",6391.90960589636,543.663199506673,86.1575154925808,86.1575154925808
"4801",2013,"I-22",6391.11160076332,506.270167855805,93.2859934654723,93.2859934654723
"4802",2013,"I-23",6392.55641535291,467.796529944866,97.1365937204136,97.1365937204136
"4803",2013,"I-24",6392.25592283471,430.278033083093,NA,NA
"4804",2013,"I-26",6393.42278082173,357.906132638119,NA,NA
"4805",2013,"IH1918",6375.42333885629,634.729342514011,87.7381096801856,87.7381096801856
"4806",2013,"IH2019",6374.81289686019,597.278993360278,75.2797388473651,75.2797388473651
"4807",2013,"IH2120",6372.62557623057,561.600551095354,87.484236439109,87.484236439109
"4808",2013,"IH2221",6373.487677755,525.082317270122,NA,NA
"4809",2013,"J-01",6433.3024531809,688.104145844955,96.5089376814815,96.5089376814815
"4810",2013,"J-03",6437.69333394951,764.421153145108,100.360847039486,100.360847039486
"4811",2013,"J-18",6431.71398289664,652.355565775347,89.2740160446808,89.2740160446808
"4812",2013,"J-19",6430.47673987021,614.848957872989,92.2887764434151,92.2887764434151
"4813",2013,"J-20",6428.82812150567,576.319431896071,85.519722768448,85.519722768448
"4814",2013,"J-21",6428.93381502281,539.491076469835,86.8782581045108,86.8782581045108
"4815",2013,"J-22",6427.92751101193,502.152588307477,91.3796931500779,91.3796931500779
"4816",2013,"J-23",6428.26739705258,464.423600627477,97.5493941261963,97.5493941261963
"4817",2013,"J-24",6429.56911263113,426.870131418998,94.0519363616248,94.0519363616248
"4818",2013,"J-26",6431.13223315006,352.539796611989,NA,NA
"4819",2013,"JI1918",6411.50485707759,634.418685333431,94.180857333557,94.180857333557
"4820",2013,"JI2019",6411.41577810466,596.252667635037,93.1534088747494,93.1534088747494
"4821",2013,"JI2120",6411.15364980548,560.341692095385,71.6003725015558,71.6003725015558
"4822",2013,"JI2221",6410.34234331946,522.725927713512,90.0691305823629,90.0691305823629
"4823",2013,"K-01",6470.60281801862,684.577447020401,NA,NA
"4824",2013,"K-18",6468.76197968012,648.542758181847,86.7761856689236,86.7761856689236
"4825",2013,"K-19",6467.29713684865,609.575942623657,85.1914552396787,85.1914552396787
"4826",2013,"K-20",6466.48002050708,574.225867877101,91.6381034072587,91.6381034072587
"4827",2013,"K-21",6466.29414366854,535.765546702041,93.8742119589483,93.8742119589483
"4828",2013,"K-22",6467.50023656626,499.865371844301,93.4587663234816,93.4587663234816
"4829",2013,"K-23",6465.87556884416,462.371535890581,95.2331977868568,95.2331977868568
"4830",2013,"K-24",6465.70139548646,424.029424270019,81.1611111272433,81.1611111272433
"4831",2013,"K-26",6468.22692630541,349.507175838977,NA,NA
"4832",2013,"L-18",6505.04175388657,645.264457275597,NA,NA
"4833",2013,"L-19",6504.53371638794,606.891849115699,87.2957941601935,87.2957941601935
"4834",2013,"L-20",6503.33011637792,569.907628547046,84.901798201618,84.901798201618
"4835",2013,"L-21",6502.94492855234,532.788788882056,92.5822371530917,92.5822371530917
"4836",2013,"L-22",6503.42626174995,495.474892430534,67.9424848853572,67.9424848853572
"4837",2013,"L-23",6503.19199385763,458.479734624761,83.7739459877615,83.7739459877615
"4838",2013,"L-24",6504.45514091865,420.296813356664,78.84298505759,78.84298505759
"4839",2013,"L-25",6505.40018401002,384.75156606252,86.461239208245,86.461239208245
"4840",2013,"L-26",6505.35696533401,347.606299864032,62.7694359003828,62.7694359003828
"4841",2013,"L-27",6508.34028999576,310.272756125773,58.0626185981366,58.0626185981366
"4842",2013,"L-29",6512.04055781744,237.265175377119,72.386356064228,72.386356064228
"4843",2013,"M-18",6542.60088796054,641.834368722087,NA,NA
"4844",2013,"M-19",6543.23097829519,604.437905320892,NA,NA
"4845",2013,"M-20",6540.33676736735,566.926647984298,57.7181898848767,57.7181898848767
"4846",2013,"M-21",6540.16850090605,529.910628264236,75.6790749361988,75.6790749361988
"4847",2013,"M-22",6540.69981701991,492.978779591313,76.2352000715357,76.2352000715357
"4848",2013,"M-23",6539.81539555529,454.928326850145,88.683916913268,88.683916913268
"4849",2013,"M-24",6541.1481887227,417.425443123619,87.0567381536999,87.0567381536999
"4850",2013,"M-25",6541.80519415966,381.367986987136,61.0408938955969,61.0408938955969
"4851",2013,"M-26",6542.37238424899,344.319710276235,57.3071665208462,57.3071665208462
"4852",2013,"M-27",6545.48740821441,306.271296691973,NA,NA
"4853",2013,"M-28",6546.54259853078,268.771738820589,NA,NA
"4854",2013,"M-29",6549.20552199332,228.794794408547,72.1618967180662,72.1618967180662
"4855",2013,"M-30",6551.87526344391,194.00751633768,75.9582832932459,75.9582832932459
"4856",2013,"M-31",6555.3392939852,157.760990531141,NA,NA
"4857",2013,"M-32",6558.77369487041,121.583225110972,66.2975116048323,66.2975116048323
"4858",2013,"N-19",6578.78019163935,599.994396219273,NA,NA
"4859",2013,"N-20",6577.64083736044,564.78689712364,71.1009476279843,71.1009476279843
"4860",2013,"N-21",6577.16620722317,526.240689668859,83.3252584181954,83.3252584181954
"4861",2013,"N-22",6577.0542261765,490.357224194531,92.693935616738,92.693935616738
"4862",2013,"N-23",6577.88953671821,452.475139810643,93.3070949511332,93.3070949511332
"4863",2013,"N-24",6578.0952879168,414.365834173838,89.6781551751575,89.6781551751575
"4864",2013,"N-25",6578.91167647887,377.972430318719,65.4648060716021,65.4648060716021
"4865",2013,"N-26",6580.41640033664,341.085470892241,66.0073887092856,66.0073887092856
"4866",2013,"N-27",6582.82022451515,303.982128313421,NA,NA
"4867",2013,"N-28",6584.24815313501,266.270096898289,NA,NA
"4868",2013,"N-31",6592.60894274855,154.887073187725,75.3937169483136,75.3937169483136
"4869",2013,"O-19",6615.45560828733,597.854744326952,NA,NA
"4870",2013,"O-20",6614.75951745414,560.618387805515,91.9807980727205,91.9807980727205
"4871",2013,"O-21",6615.07267057942,522.882221950937,95.8092811258618,95.8092811258618
"4872",2013,"O-22",6614.21302982696,485.441920868589,NA,NA
"4873",2013,"O-23",6614.8317734477,449.429533380467,NA,NA
"4874",2013,"O-24",6615.30866020379,412.619293304048,NA,NA
"4875",2013,"O-25",6618.155683749,373.799311093739,NA,NA
"4876",2013,"O-26",6617.03494395925,338.309110881725,76.846140937473,76.846140937473
"4877",2013,"O-27",6619.78672656204,305.506417657186,57.3648580215348,57.3648580215348
"4878",2013,"O-28",6621.55387631279,267.479570703924,54.9004739153708,54.9004739153708
"4879",2013,"O-29",6625.43435064625,226.712024007122,63.8598915220987,63.8598915220987
"4880",2013,"O-30",6627.27926247889,188.560444246609,NA,NA
"4881",2013,"O-31",6629.57976203888,155.333846452302,75.1646856776219,75.1646856776219
"4882",2013,"ON2524",6597.39534161843,393.267912079086,76.3741724662611,76.3741724662611
"4883",2013,"ON2625",6598.14630021129,358.315477377973,74.9251806151231,74.9251806151231
"4884",2013,"P-20",6652.19776576932,558.559540703891,NA,NA
"4885",2013,"P-21",6652.28204369243,521.539330711377,94.4144897284714,94.4144897284714
"4886",2013,"P-22",6651.25756585756,482.547121739862,NA,NA
"4887",2013,"P-23",6652.11479526126,446.041451650916,NA,NA
"4888",2013,"P-24",6651.22729720768,411.674000586676,NA,NA
"4889",2013,"P-25",6654.20209652102,373.367758358058,NA,NA
"4890",2013,"P-26",6654.77261750635,335.897103729918,NA,NA
"4891",2013,"P-27",6658.21831519744,298.906621757311,70.8396667406754,70.8396667406754
"4892",2013,"P-28",6658.53775305251,263.26377412036,62.4910833761331,62.4910833761331
"4893",2013,"P-29",6662.86120123688,224.965551918648,64.6498201170027,64.6498201170027
"4894",2013,"P-30",6667.93235415749,183.667231814214,58.2307941196731,58.2307941196731
"4895",2013,"P-31",6668.06803494582,153.925583607877,68.9781583815642,68.9781583815642
"4896",2013,"P-32",6671.91456877477,115.023574362191,NA,NA
"4897",2013,"PO2423",6633.67166083575,430.192883999627,NA,NA
"4898",2013,"PO2524",6634.19313008072,392.367858352835,NA,NA
"4899",2013,"PO2625",6635.19757892873,354.996371033965,NA,NA
"4900",2013,"PO2726",6637.13180309393,318.707015326292,75.7795533725647,75.7795533725647
"4901",2013,"Q-20",6688.66221626421,553.94560013184,NA,NA
"4902",2013,"Q-21",6688.72390680608,519.253723222579,NA,NA
"4903",2013,"Q-22",6687.77735068186,479.105386354861,NA,NA
"4904",2013,"Q-23",6689.21561361712,441.246804273902,NA,NA
"4905",2013,"Q-25",6686.77468716391,368.461879656646,NA,NA
"4906",2013,"Q-26",6693.0778816613,330.295437246513,NA,NA
"4907",2013,"Q-27",6694.36941079871,294.879316465668,66.610877465094,66.610877465094
"4908",2013,"Q-28",6697.04951625021,257.962281194551,92.6021108126717,92.6021108126717
"4909",2013,"Q-29",6698.66853509318,222.760070648907,76.8222464038347,76.8222464038347
"4910",2013,"Q-30",6702.54766158991,184.598602713912,63.3177273254881,63.3177273254881
"4911",2013,"Q-31",6704.89353352443,149.686558065371,88.6350255522932,88.6350255522932
"4912",2013,"QP2423",6670.28022706828,426.297799287937,NA,NA
"4913",2013,"QP2524",6672.7637960896,387.967321906564,NA,NA
"4914",2013,"QP2625",6668.66843653963,346.31494397093,NA,NA
"4915",2013,"QP2726",6673.44708612231,313.87097695723,91.9898683059433,91.9898683059433
"4916",2013,"R-22",6725.41653842776,476.674894086968,NA,NA
"4917",2013,"R-23",6725.98123037466,439.730620473556,NA,NA
"4918",2013,"R-24",6726.26857640854,404.577104065506,NA,NA
"4919",2013,"R-25",6728.57148759553,365.412403277411,NA,NA
"4920",2013,"R-26",6729.87259129803,328.936958618238,NA,NA
"4921",2013,"R-27",6731.57536854688,291.345737294905,75.8645452551579,75.8645452551579
"4922",2013,"R-28",6733.16679271118,255.981709265258,87.4547869361925,87.4547869361925
"4923",2013,"R-29",6738.27687764947,215.826716683035,NA,NA
"4924",2013,"R-30",6740.62337793751,182.655166442966,70.2226868667759,70.2226868667759
"4925",2013,"R-31",6743.49013461201,144.999932051146,93.6050343569849,93.6050343569849
"4926",2013,"R-32",6747.74422713363,109.154204891095,58.0473689639163,58.0473689639163
"4927",2013,"S-22",6761.49568470983,473.886222095323,NA,NA
"4928",2013,"S-23",6763.118119163,437.433194901829,NA,NA
"4929",2013,"S-24",6764.05176972829,401.530181187376,NA,NA
"4930",2013,"S-25",6765.28274903169,364.737770448332,74.3423923212145,74.3423923212145
"4931",2013,"S-26",6766.31517577374,327.998282442592,NA,NA
"4932",2013,"S-27",6770.21848576113,290.461517134644,NA,NA
"4933",2013,"S-28",6770.77588992039,253.986237728053,NA,NA
"4934",2013,"S-29",6774.44395196163,215.335114495888,68.6164668474777,68.6164668474777
"4935",2013,"S-30",6777.646304788,177.295170266064,74.6283219559504,74.6283219559504
"4936",2013,"S-31",6780.87442338086,141.679674856037,73.0687098674424,73.0687098674424
"4937",2013,"T-25",6802.04548990769,361.743573522635,NA,NA
"4938",2013,"T-26",6804.10846891034,321.590717042415,77.4386564047648,77.4386564047648
"4939",2013,"T-27",6805.49269373908,285.258887239101,74.779914677901,74.779914677901
"4940",2013,"T-28",6809.12139643219,250.900811127882,NA,NA
"4941",2013,"T-29",6811.93627163273,216.422259091905,NA,NA
"4942",2013,"T-30",6813.69289802942,181.685094402364,88.0416579327299,88.0416579327299
"4943",2013,"U-25",6839.85086002857,358.696392030689,NA,NA
"4944",2013,"U-26",6841.24264998355,318.14253478028,NA,NA
"4945",2013,"U-27",6843.82752357406,283.694701783821,NA,NA
"4946",2013,"U-28",6845.85394513171,247.597589858953,NA,NA
"4947",2013,"U-29",6848.9257477854,210.673688857875,85.9267180013569,85.9267180013569
"4948",2013,"V-25",6875.85564574834,356.346799749921,NA,NA
"4949",2013,"V-26",6879.17798063488,318.029911171978,NA,NA
"4950",2013,"V-27",6881.28204370221,281.565507973808,85.7342412378283,85.7342412378283
"4951",2013,"V-28",6883.65439061686,247.246983505043,NA,NA
"4952",2015,"B-03",6140.24040645586,795.28789089712,NA,NA
"4953",2015,"B-06",6152.26036657177,907.967079430941,NA,NA
"4954",2015,"C-04",6181.1639719151,827.016511381134,NA,NA
"4955",2015,"C-05",6182.39708228923,866.625350294058,NA,NA
"4956",2015,"D-01",6211.90447219747,710.775594551897,NA,NA
"4957",2015,"D-02",6213.67265679925,749.079377255232,NA,NA
"4958",2015,"D-04",6220.29460080997,825.470565625601,NA,NA
"4959",2015,"D-18",6208.7059150047,672.730669067263,NA,NA
"4960",2015,"E-01",6248.53391889709,706.863982506602,NA,NA
"4961",2015,"E-02",6249.97805711341,744.843280326503,59.6826920482085,59.6826920482085
"4962",2015,"E-04",6254.75965257371,821.129309776013,60.7635831547973,60.7635831547973
"4963",2015,"E-06",6261.3493651968,896.515816409322,57.1961405374913,57.1961405374913
"4964",2015,"E-09",6272.78974312171,1006.82200770102,NA,NA
"4965",2015,"E-18",6246.01939054795,670.300333610245,NA,NA
"4966",2015,"E-19",6245.4588266677,630.573349508183,NA,NA
"4967",2015,"E-21",6244.2126438213,557.611499995199,NA,NA
"4968",2015,"F-01",6285.22993106651,704.124763613175,NA,NA
"4969",2015,"F-02",6285.86649303878,741.138387024208,53.4667832681831,53.4667832681831
"4970",2015,"F-04",6293.2887993963,815.501436731858,NA,NA
"4971",2015,"F-06",6298.99619245862,892.601091416822,NA,NA
"4972",2015,"F-11",6320.04848153363,1074.95552016519,NA,NA
"4973",2015,"F-18",6283.34009138823,666.468566228517,NA,NA
"4974",2015,"F-19",6282.45683743377,627.875909108882,NA,NA
"4975",2015,"F-21",6281.27211231961,553.138206789764,NA,NA
"4976",2015,"F-23",6280.86433208939,478.049042200759,NA,NA
"4977",2015,"G-02",6323.4504355061,737.4017848102,NA,NA
"4978",2015,"G-04",6329.43979114542,812.322159823879,NA,NA
"4979",2015,"G-06",6335.13028360988,887.977957266423,NA,NA
"4980",2015,"G-19",6319.17299766585,624.682542489301,NA,NA
"4981",2015,"G-21",6317.87354887564,551.092465980621,NA,NA
"4982",2015,"G-23",6317.65738249518,475.3315491213,NA,NA
"4983",2015,"G-24",6318.31566177426,436.338668507274,NA,NA
"4984",2015,"GF1918",6301.1529830606,645.132996165062,NA,NA
"4985",2015,"GF2120",6298.86983741562,566.346861332893,NA,NA
"4986",2015,"H-01",6359.27713416389,697.044126099781,75.1328077868463,75.1328077868463
"4987",2015,"H-02",6361.2906566259,733.447323275344,NA,NA
"4988",2015,"H-03",6364.04945685478,771.81413259483,NA,NA
"4989",2015,"H-04",6366.91993320223,808.275606962752,NA,NA
"4990",2015,"H-05",6368.28832925403,847.843625641563,NA,NA
"4991",2015,"H-06",6372.60000616104,883.41630235043,NA,NA
"4992",2015,"H-20",6354.31628365521,584.363686531263,64.9093409759234,64.9093409759234
"4993",2015,"H-24",6355.3203301644,433.735388301307,55.1384977978768,55.1384977978768
"4994",2015,"H-26",6356.96021461136,359.664836605289,62.5806231192587,62.5806231192587
"4995",2015,"I-01",6396.20716142471,693.077030521331,61.8866933412254,61.8866933412254
"4996",2015,"I-02",6398.25467001257,731.277868290201,94.4461468554747,94.4461468554747
"4997",2015,"I-03",6401.31800212628,767.713068833243,98.5199012822838,98.5199012822838
"4998",2015,"I-04",6402.49873344055,804.918497916338,NA,NA
"4999",2015,"I-05",6406.8384506485,842.967808569448,NA,NA
"5000",2015,"I-07",6413.76291375593,916.926598653259,NA,NA
"5001",2015,"I-19",6393.64100047578,616.655695360484,70.8937060522531,70.8937060522531
"5002",2015,"I-20",6391.77162134027,580.882385203002,64.5090155768395,64.5090155768395
"5003",2015,"I-24",6392.39640161767,429.497023590254,NA,NA
"5004",2015,"I-25",6393.06621390379,392.738271792943,NA,NA
"5005",2015,"IH2120",6372.8958507366,560.128906665788,NA,NA
"5006",2015,"IH2221",6374.48079979535,524.548069946982,68.3344934058587,68.3344934058587
"5007",2015,"J-01",6432.59005270662,689.097236017921,86.0284988827494,86.0284988827494
"5008",2015,"J-02",6434.80010391518,726.580946374063,98.5959186284805,98.5959186284805
"5009",2015,"J-03",6438.18475230063,764.808530170174,101.631926580204,101.631926580204
"5010",2015,"J-04",6440.35369203757,800.927552366493,100.932189387369,100.932189387369
"5011",2015,"J-06",6446.10093471809,877.831977549719,NA,NA
"5012",2015,"J-10",6463.30720834625,1024.01917684805,NA,NA
"5013",2015,"J-18",6428.91558217782,652.486975113982,71.8551414264408,71.8551414264408
"5014",2015,"J-19",6430.44016132873,613.64884704436,91.6292761872299,91.6292761872299
"5015",2015,"J-20",6429.06295042737,576.544663678929,NA,NA
"5016",2015,"J-21",6428.25635256864,539.999138355874,60.0784635299021,60.0784635299021
"5017",2015,"J-22",6428.03290804822,501.297371616136,71.6288460023002,71.6288460023002
"5018",2015,"J-24",6429.9170656758,426.538957352273,NA,NA
"5019",2015,"JI1918",6412.57851745979,634.706051951353,75.3702518636628,75.3702518636628
"5020",2015,"JI2019",6411.6948065076,596.48626334951,NA,NA
"5021",2015,"JI2221",6409.56695373147,522.831579661519,60.5828928170715,60.5828928170715
"5022",2015,"K-01",6470.2301339397,684.786109133846,92.5070889453181,92.5070889453181
"5023",2015,"K-02",6472.17296883499,723.188555901959,NA,NA
"5024",2015,"K-03",6474.65242530483,760.054727548247,103.024176405397,103.024176405397
"5025",2015,"K-18",6468.8713006962,648.501123199756,90.0334634587902,90.0334634587902
"5026",2015,"K-19",6468.55481998561,610.194636032096,82.6423033772766,82.6423033772766
"5027",2015,"K-20",6466.56857401297,573.841429434798,85.6867551391561,85.6867551391561
"5028",2015,"K-21",6465.76761197883,535.963590527713,82.7833569005358,82.7833569005358
"5029",2015,"K-22",6464.99112041718,501.920551620044,75.1696109574776,75.1696109574776
"5030",2015,"K-23",6465.967722848,462.340791462236,NA,NA
"5031",2015,"K-24",6467.29753788438,423.814805388712,53.7251461663081,53.7251461663081
"5032",2015,"K-25",6467.52475808425,387.174296590381,NA,NA
"5033",2015,"K-26",6468.83697836838,349.408853209224,41.3886266162707,41.3886266162707
"5034",2015,"K-27",6470.8678956508,306.807236625841,NA,NA
"5035",2015,"L-18",6505.72551333201,645.324264502617,NA,NA
"5036",2015,"L-19",6505.36683236425,607.249577931605,87.5684336122861,87.5684336122861
"5037",2015,"L-20",6503.06031107357,571.059676582446,88.2914986398605,88.2914986398605
"5038",2015,"L-21",6503.07015018401,532.384278079099,95.5746676231484,95.5746676231484
"5039",2015,"L-22",6503.23887733611,495.279787122949,72.071455637469,72.071455637469
"5040",2015,"L-23",6503.30779385005,458.168592188479,NA,NA
"5041",2015,"L-26",6505.72605934411,347.332444091714,NA,NA
"5042",2015,"L-27",6507.65876006502,309.704657138696,NA,NA
"5043",2015,"L-28",6515.72935137107,273.823511558968,NA,NA
"5044",2015,"L-29",6511.93944659437,235.579873339143,NA,NA
"5045",2015,"L-31",6518.08198313525,160.087551996642,NA,NA
"5046",2015,"M-01",6544.43183135707,679.283037312758,NA,NA
"5047",2015,"M-18",6542.65590798188,640.816503991127,NA,NA
"5048",2015,"M-19",6541.44117201086,603.922732587738,NA,NA
"5049",2015,"M-20",6539.42998496506,567.106563154979,84.842758988836,84.842758988836
"5050",2015,"M-21",6540.96913337377,528.368666865436,94.6439655359132,94.6439655359132
"5051",2015,"M-22",6540.43236122838,492.222864137644,92.6056684147172,92.6056684147172
"5052",2015,"M-23",6539.93598238672,454.617715429601,92.7783509369685,92.7783509369685
"5053",2015,"M-24",6542.223587123,416.859411118303,82.1879158084862,82.1879158084862
"5054",2015,"M-25",6541.27203176298,379.970081136826,67.2006858463679,67.2006858463679
"5055",2015,"M-26",6542.2437613383,344.151679536193,61.9231072686593,61.9231072686593
"5056",2015,"M-27",6545.19799378263,307.333095546712,59.8722205713271,59.8722205713271
"5057",2015,"M-28",6547.82817278478,269.945927250999,NA,NA
"5058",2015,"M-29",6550.35488501384,227.823412849663,NA,NA
"5059",2015,"M-30",6551.78176315619,194.968664397135,NA,NA
"5060",2015,"N-01",6580.65968310694,675.903787493301,NA,NA
"5061",2015,"N-20",6576.77818388731,564.360220047026,87.7951115356157,87.7951115356157
"5062",2015,"N-21",6577.22214172534,525.626937714321,87.389857941898,87.389857941898
"5063",2015,"N-22",6576.45058740578,490.173585146579,90.8545676955938,90.8545676955938
"5064",2015,"N-23",6577.38539463567,452.71378524304,92.5029705393294,92.5029705393294
"5065",2015,"N-24",6578.27541733242,414.726183735078,96.2978137083809,96.2978137083809
"5066",2015,"N-25",6579.64415735432,376.73988857035,95.9728488486655,95.9728488486655
"5067",2015,"N-26",6581.71983700565,339.326424253755,73.1679079213141,73.1679079213141
"5068",2015,"N-27",6583.10726254681,304.14801272692,NA,NA
"5069",2015,"N-28",6584.97052138093,266.98402541386,NA,NA
"5070",2015,"N-30",6589.43010277362,194.850264415442,NA,NA
"5071",2015,"N-31",6593.32580376346,155.39974781331,NA,NA
"5072",2015,"O-18",6616.35402544296,634.025444364059,NA,NA
"5073",2015,"O-20",6614.86343022784,560.946894484752,87.2299744163702,87.2299744163702
"5074",2015,"O-21",6614.43235415986,524.470374327074,86.3186386178567,86.3186386178567
"5075",2015,"O-22",6614.08581249979,486.247114048917,90.6525046531963,90.6525046531963
"5076",2015,"O-23",6614.49008078377,449.289116274353,94.558244050413,94.558244050413
"5077",2015,"O-24",6615.57827211514,412.095860698398,99.9991527672808,99.9991527672808
"5078",2015,"O-25",6616.41887577111,373.713853483201,99.051074920923,99.051074920923
"5079",2015,"O-26",6617.27277873953,338.739982971676,92.7523670515212,92.7523670515212
"5080",2015,"O-27",6619.34106596208,305.677075571728,NA,NA
"5081",2015,"O-31",6630.81803879521,154.017121895711,NA,NA
"5082",2015,"ON2524",6596.9194640555,393.705085369182,99.5914346718963,99.5914346718963
"5083",2015,"ON2625",6597.67492361409,358.046056507212,95.979821984187,95.979821984187
"5084",2015,"P-18",6653.03888430959,630.606687517895,NA,NA
"5085",2015,"P-19",6652.66644404615,594.366349726857,NA,NA
"5086",2015,"P-20",6651.13292198545,557.995862577905,NA,NA
"5087",2015,"P-21",6651.80581270748,521.802854485703,77.4844133521637,77.4844133521637
"5088",2015,"P-22",6651.62904694951,482.299839346365,NA,NA
"5089",2015,"P-23",6649.21296894769,447.295540849615,NA,NA
"5090",2015,"P-24",6651.4661456551,411.122410284381,NA,NA
"5091",2015,"P-25",6653.89017919942,374.062845147267,85.9562804447266,85.9562804447266
"5092",2015,"P-26",6655.47934214805,335.428188954024,84.7436249964808,84.7436249964808
"5093",2015,"P-28",6659.00497327426,262.139641538387,57.2694591889966,57.2694591889966
"5094",2015,"P-29",6663.21751096917,224.797453408491,NA,NA
"5095",2015,"P-31",6667.91221337043,152.864530397852,58.5924106279184,58.5924106279184
"5096",2015,"P-32",6672.26148267309,115.33637204837,NA,NA
"5097",2015,"PO2423",6633.82685074353,429.760444107267,96.8640156915736,96.8640156915736
"5098",2015,"PO2524",6634.17025420337,393.179417631896,NA,NA
"5099",2015,"PO2625",6635.45822809898,354.830619537315,95.8260652602398,95.8260652602398
"5100",2015,"Q-19",6690.28944867066,594.706278884152,NA,NA
"5101",2015,"Q-20",6688.8345411171,553.998548076554,NA,NA
"5102",2015,"Q-21",6687.66469755571,520.670746338176,69.2527402357276,69.2527402357276
"5103",2015,"Q-22",6687.81102763153,480.358716151493,NA,NA
"5104",2015,"Q-23",6688.27476111989,441.290169353635,NA,NA
"5105",2015,"Q-25",6686.25709959363,368.379561150764,NA,NA
"5106",2015,"Q-26",6692.42109842909,330.567251022496,84.8263401016853,84.8263401016853
"5107",2015,"Q-27",6694.63401613467,294.877652501202,NA,NA
"5108",2015,"Q-28",6696.62287660222,257.877636920511,81.6285638620957,81.6285638620957
"5109",2015,"Q-29",6699.28279121027,221.789898360019,75.7606604380533,75.7606604380533
"5110",2015,"Q-31",6704.60197358104,148.768400065429,NA,NA
"5111",2015,"QP2423",6669.84333588235,426.975855369763,NA,NA
"5112",2015,"QP2524",6672.90033928591,387.857142149617,NA,NA
"5113",2015,"QP2625",6668.70228843867,345.919998728762,85.9806589707565,85.9806589707565
"5114",2015,"QP2726",6674.10429858606,313.967490158904,87.3494721520212,87.3494721520212
"5115",2015,"R-22",6725.70473961059,475.956975757616,NA,NA
"5116",2015,"R-23",6724.95207270072,438.928685816032,NA,NA
"5117",2015,"R-24",6727.80625972917,403.516480437006,NA,NA
"5118",2015,"R-25",6728.2953526518,364.662215805197,80.2083025258864,80.2083025258864
"5119",2015,"R-26",6729.66740969744,328.130504360428,90.4532274774366,90.4532274774366
"5120",2015,"R-27",6732.01645533408,291.563645786995,67.7244808534791,67.7244808534791
"5121",2015,"R-28",6733.24865715402,256.94704522719,91.3407173839703,91.3407173839703
"5122",2015,"R-29",6736.70575774778,216.0421917457,99.6657424119735,99.6657424119735
"5123",2015,"R-30",6739.96079740576,183.164326688769,91.3960685828187,91.3960685828187
"5124",2015,"R-32",6747.12546661422,107.969349787349,NA,NA
"5125",2015,"S-22",6761.63910848916,475.807518615684,73.52342495841,73.52342495841
"5126",2015,"S-23",6763.18671647804,437.649720903648,NA,NA
"5127",2015,"S-24",6764.04752274387,402.226516476372,NA,NA
"5128",2015,"S-25",6765.39526897552,364.565040803971,87.0623142106639,87.0623142106639
"5129",2015,"S-26",6767.14562506011,327.736390421747,72.9714730744262,72.9714730744262
"5130",2015,"S-27",6770.46979847761,290.261832578338,87.9558351664469,87.9558351664469
"5131",2015,"S-28",6771.23165446117,254.51821984648,94.7037077620067,94.7037077620067
"5132",2015,"S-29",6773.58327044151,214.558384386001,99.861056723795,99.861056723795
"5133",2015,"S-30",6777.38709770118,177.062075892178,100.157630225542,100.157630225542
"5134",2015,"T-25",6801.83793747978,361.902542429724,89.7110102218533,89.7110102218533
"5135",2015,"T-26",6803.97028419091,321.576415196056,86.5242240373692,86.5242240373692
"5136",2015,"T-27",6806.37758841809,285.822507157237,NA,NA
"5137",2015,"T-28",6809.64729947974,251.024836049801,99.2373691784173,99.2373691784173
"5138",2015,"T-29",6810.76978191284,216.082105958623,100.768360594964,100.768360594964
"5139",2015,"T-30",6814.89648634135,180.888355266613,100.032619036849,100.032619036849
"5140",2015,"U-25",6839.24928241722,358.735857882141,NA,NA
"5141",2015,"U-26",6841.04290517962,319.936106256047,75.9967217538434,75.9967217538434
"5142",2015,"U-27",6843.94438470678,283.789902406462,NA,NA
"5143",2015,"U-28",6846.9598826887,246.642894476026,NA,NA
"5144",2015,"U-29",6849.01133560896,210.866546426485,98.9197709459627,98.9197709459627
"5145",2015,"V-25",6877.34597296248,356.221054475892,73.061517785308,73.061517785308
"5146",2015,"V-26",6879.44843557847,317.171862133627,NA,NA
"5147",2015,"V-27",6881.20979823086,281.014413723825,NA,NA
"5148",2015,"V-28",6883.59652277248,247.783541858781,NA,NA
"5149",2017,"C-06",6187.72393888361,902.683150524418,NA,NA
"5150",2017,"D-01",6211.30133047166,710.525557145409,NA,NA
"5151",2017,"E-07",6265.26900881131,931.84261552684,NA,NA
"5152",2017,"E-18",6246.72465143267,670.22814635408,NA,NA
"5153",2017,"E-21",6243.8155584115,556.973798320516,NA,NA
"5154",2017,"F-01",6284.93364441477,703.131026735363,NA,NA
"5155",2017,"F-02",6288.53347737385,740.756981272889,NA,NA
"5156",2017,"F-19",6282.30176217475,627.995623032379,NA,NA
"5157",2017,"F-21",6280.92825354174,555.304970607456,85.8490183001991,85.8490183001991
"5158",2017,"F-23",6280.87163162213,478.358561328024,NA,NA
"5159",2017,"G-09",6347.18907578063,997.604191438918,NA,NA
"5160",2017,"G-18",6320.86348863739,662.68603124443,NA,NA
"5161",2017,"G-20",6318.55342883914,588.000617790176,91.6560159323709,91.6560159323709
"5162",2017,"G-23",6317.51682563454,475.759598100832,NA,NA
"5163",2017,"G-24",6317.70443465131,436.885551471267,NA,NA
"5164",2017,"GF1918",6301.94538120138,645.141164668074,NA,NA
"5165",2017,"GF2120",6299.60237754363,567.525860746692,97.8018416684426,97.8018416684426
"5166",2017,"GF2221",6299.3888774211,532.075199100449,NA,NA
"5167",2017,"H-18",6357.81729874817,658.305609061315,NA,NA
"5168",2017,"H-19",6356.27207925794,621.192084971391,NA,NA
"5169",2017,"H-20",6356.15930084143,583.853396048242,NA,NA
"5170",2017,"H-24",6355.22309469646,433.654937747569,NA,NA
"5171",2017,"HG1918",6338.24137051813,643.329167362769,NA,NA
"5172",2017,"HG2221",6329.92542434087,532.135548488191,NA,NA
"5173",2017,"I-04",6402.74365600428,804.757715490967,78.9386810339745,78.9386810339745
"5174",2017,"I-19",6393.46685039454,617.565620982356,65.2528883691882,65.2528883691882
"5175",2017,"I-21",6391.85713031166,543.546231779298,NA,NA
"5176",2017,"I-22",6390.48284372533,505.680070116992,NA,NA
"5177",2017,"I-23",6391.57737458282,467.08919172097,NA,NA
"5178",2017,"I-24",6391.85716133746,430.609217389101,NA,NA
"5179",2017,"I-25",6392.77003364986,393.281954360841,NA,NA
"5180",2017,"J-02",6434.24060585331,726.277953491616,NA,NA
"5181",2017,"J-18",6431.23450164699,651.514367916639,77.3496808752114,77.3496808752114
"5182",2017,"J-19",6430.29683379764,614.868328938619,NA,NA
"5183",2017,"J-20",6429.51835020424,577.119777768595,NA,NA
"5184",2017,"J-21",6428.24365958479,538.132165030956,NA,NA
"5185",2017,"J-23",6429.0623563158,464.611852479607,50.1624695197521,50.1624695197521
"5186",2017,"J-24",6429.19440516427,426.960529922658,NA,NA
"5187",2017,"J-26",6430.06128368209,352.706489304336,NA,NA
"5188",2017,"JI1918",6412.21135483701,634.455374176633,NA,NA
"5189",2017,"JI2019",6412.6561036714,597.322520221839,75.1180886672465,75.1180886672465
"5190",2017,"JI2120",6411.09442452184,560.438786473822,NA,NA
"5191",2017,"JI2221",6410.27197190047,522.286883274092,NA,NA
"5192",2017,"K-01",6470.20662732826,684.677249134511,101.193557824374,101.193557824374
"5193",2017,"K-18",6468.86966347859,648.575916140704,100.17934043507,100.17934043507
"5194",2017,"K-19",6467.83106198222,609.727763552839,96.6971384578861,96.6971384578861
"5195",2017,"K-20",6466.80339247831,574.277175552113,93.1737567822478,93.1737567822478
"5196",2017,"K-21",6467.59670481707,535.868168716091,64.853835717953,64.853835717953
"5197",2017,"K-22",6465.02035886155,498.73984874951,NA,NA
"5198",2017,"K-23",6466.08347748625,462.055239081,49.8286898078387,49.8286898078387
"5199",2017,"K-24",6466.76737524822,423.875132798949,44.5709852112537,44.5709852112537
"5200",2017,"L-18",6506.48123329723,646.173446229237,NA,NA
"5201",2017,"L-19",6504.30705484283,606.873122325605,95.2534234553371,95.2534234553371
"5202",2017,"L-20",6503.79980314802,569.112206224276,95.4957380836133,95.4957380836133
"5203",2017,"L-21",6504.26383764496,532.784633064614,95.9973488675184,95.9973488675184
"5204",2017,"L-22",6502.8786834191,495.274129449775,59.679844889294,59.679844889294
"5205",2017,"L-23",6503.43154972123,458.518255470817,51.2467309779443,51.2467309779443
"5206",2017,"L-24",6504.40048708682,420.43666632514,NA,NA
"5207",2017,"L-29",6513.21789890502,237.222736533633,NA,NA
"5208",2017,"M-20",6541.16758248437,566.924807841577,72.2935696635187,72.2935696635187
"5209",2017,"M-21",6539.91215671784,529.448935153323,94.908123733279,94.908123733279
"5210",2017,"M-22",6538.88357152815,492.740693421915,92.5035400574858,92.5035400574858
"5211",2017,"M-23",6539.742018974,455.060500154775,75.781598193688,75.781598193688
"5212",2017,"M-24",6541.30681327652,417.897479964102,NA,NA
"5213",2017,"M-25",6542.22439753912,380.874214592952,60.9257030488884,60.9257030488884
"5214",2017,"M-26",6543.19477438647,343.682706639962,NA,NA
"5215",2017,"M-27",6544.9758391552,306.815779868031,NA,NA
"5216",2017,"M-32",6559.00440029196,124.805861062713,NA,NA
"5217",2017,"N-20",6578.63250637635,564.156061624089,82.8129540400283,82.8129540400283
"5218",2017,"N-21",6578.36778820151,525.918100971752,70.6773896445192,70.6773896445192
"5219",2017,"N-22",6577.30859407086,489.348279497502,92.923511075784,92.923511075784
"5220",2017,"N-23",6577.3433200589,451.854009123864,80.1113964687957,80.1113964687957
"5221",2017,"N-24",6577.87869384025,415.055638986819,NA,NA
"5222",2017,"N-25",6579.17445662335,377.185787054602,NA,NA
"5223",2017,"N-26",6579.99853066242,341.000706678175,NA,NA
"5224",2017,"N-27",6581.84982282229,304.604793421107,NA,NA
"5225",2017,"N-29",6587.17529497893,230.262854156187,NA,NA
"5226",2017,"N-30",6590.60726136498,193.711356012211,NA,NA
"5227",2017,"N-31",6595.69017000763,154.551468992027,NA,NA
"5228",2017,"O-20",6615.26326145253,560.705437024611,92.4826033641933,92.4826033641933
"5229",2017,"O-21",6613.86898109363,523.448265738024,69.2267681539623,69.2267681539623
"5230",2017,"O-22",6614.87544585587,486.228330672937,75.0276234187188,75.0276234187188
"5231",2017,"O-23",6614.38853845935,449.632873253986,69.576029370323,69.576029370323
"5232",2017,"O-24",6615.27939166183,411.991049363952,62.0970405111116,62.0970405111116
"5233",2017,"O-25",6616.63096558794,373.91834186719,56.3938598760991,56.3938598760991
"5234",2017,"O-26",6617.42000615574,337.862890996087,55.8312283712434,55.8312283712434
"5235",2017,"O-27",6619.09315009942,305.103681385147,47.1662463706424,47.1662463706424
"5236",2017,"O-28",6621.09450102435,267.209730810628,NA,NA
"5237",2017,"O-29",6625.0187116292,226.184928654216,NA,NA
"5238",2017,"O-30",6626.14706564221,187.230336982173,NA,NA
"5239",2017,"O-31",6631.4106101679,155.827916555963,NA,NA
"5240",2017,"ON2524",6597.41488192663,393.070207519164,53.3772147007904,53.3772147007904
"5241",2017,"ON2625",6598.11961357412,358.121492110155,NA,NA
"5242",2017,"P-19",6652.04340980135,593.943058840548,NA,NA
"5243",2017,"P-20",6652.13518078826,557.5196262417,87.1349020974642,87.1349020974642
"5244",2017,"P-21",6650.73346144959,520.566745925121,67.0894260417913,67.0894260417913
"5245",2017,"P-22",6651.76133546133,483.934644871674,64.0977471807559,64.0977471807559
"5246",2017,"P-23",6650.62000603866,447.471590296284,62.1471054042308,62.1471054042308
"5247",2017,"P-24",6653.01369583296,410.314720174405,70.4485147073792,70.4485147073792
"5248",2017,"P-25",6653.57527019208,369.685296516235,66.1872032213704,66.1872032213704
"5249",2017,"P-26",6654.00390399012,335.893054790523,61.5660183747706,61.5660183747706
"5250",2017,"P-27",6657.40263420969,299.05933785085,NA,NA
"5251",2017,"P-28",6659.81841524001,262.807884663632,58.2899569298147,58.2899569298147
"5252",2017,"P-29",6660.07701157444,225.635552580392,51.3155110887434,51.3155110887434
"5253",2017,"P-30",6664.81991756561,181.858598168676,NA,NA
"5254",2017,"P-31",6668.12606701367,151.163672920427,72.2638854996254,72.2638854996254
"5255",2017,"PO2423",6633.6329145444,429.619405577827,65.4561557026137,65.4561557026137
"5256",2017,"PO2524",6634.08041449779,392.258572832299,56.2928409749305,56.2928409749305
"5257",2017,"PO2625",6635.89559470322,354.778425072064,60.5523763497146,60.5523763497146
"5258",2017,"PO2726",6637.50696058307,318.927745185146,NA,NA
"5259",2017,"Q-20",6688.71844356254,555.755397456641,67.8748868918009,67.8748868918009
"5260",2017,"Q-21",6687.76380733215,519.139781857819,61.4572909615069,61.4572909615069
"5261",2017,"Q-22",6689.32600763823,480.935779331884,62.2670382808196,62.2670382808196
"5262",2017,"Q-23",6688.84000452783,441.641141866428,61.574917847001,61.574917847001
"5263",2017,"Q-25",6687.01009111729,368.44078030382,78.8073333847151,78.8073333847151
"5264",2017,"Q-26",6692.52663233614,329.538149575316,69.851794694442,69.851794694442
"5265",2017,"Q-27",6694.10515104695,294.242980235646,55.2994801964957,55.2994801964957
"5266",2017,"Q-28",6698.03530045253,258.565765582863,75.3105414512026,75.3105414512026
"5267",2017,"Q-29",6698.9207215429,222.627450273965,68.8929833570769,68.8929833570769
"5268",2017,"Q-30",6703.23501627032,184.822614515189,61.1200440116362,61.1200440116362
"5269",2017,"Q-31",6703.81762117933,149.010307906851,NA,NA
"5270",2017,"QP2524",6672.85807803251,387.836140576699,NA,NA
"5271",2017,"QP2625",6668.3813230815,346.195261194739,83.5127016267803,83.5127016267803
"5272",2017,"QP2726",6674.45291342401,313.507355824168,60.5117401014379,60.5117401014379
"5273",2017,"R-22",6725.8887597758,476.509908991293,NA,NA
"5274",2017,"R-23",6725.70987254342,439.141929621084,63.1930583394614,63.1930583394614
"5275",2017,"R-24",6727.05362239997,404.681343399014,66.2084897086115,66.2084897086115
"5276",2017,"R-25",6729.42528841159,365.95243094814,NA,NA
"5277",2017,"R-26",6730.26739768394,329.090410321922,73.215058134777,73.215058134777
"5278",2017,"R-27",6732.10728627959,292.518572464708,67.1896923279813,67.1896923279813
"5279",2017,"R-28",6733.67812623229,255.888242436461,81.1785074027518,81.1785074027518
"5280",2017,"R-29",6738.74283299976,215.515426268324,NA,NA
"5281",2017,"R-30",6739.55512767239,183.649435078738,69.4479037851348,69.4479037851348
"5282",2017,"R-31",6742.79249108133,145.048877999279,NA,NA
"5283",2017,"R-32",6745.41940090249,108.800871845405,58.0544419907461,58.0544419907461
"5284",2017,"S-22",6761.4177727362,473.354285993347,NA,NA
"5285",2017,"S-23",6763.77560018254,437.802612493261,60.6778267281109,60.6778267281109
"5286",2017,"S-24",6763.8680921811,403.44567363637,54.7329892265775,54.7329892265775
"5287",2017,"S-25",6765.28888817277,364.155197937948,71.2168199457137,71.2168199457137
"5288",2017,"S-26",6765.37889806521,327.832745345822,69.8668733124562,69.8668733124562
"5289",2017,"S-27",6768.20436795073,291.162224560886,84.8111593105097,84.8111593105097
"5290",2017,"S-28",6771.01119826474,253.712042050374,96.2047765149815,96.2047765149815
"5291",2017,"S-29",6774.74266229824,214.655633332866,93.8442805077592,93.8442805077592
"5292",2017,"S-30",6778.71523056239,176.336684479851,NA,NA
"5293",2017,"S-31",6779.41535852491,139.87682160225,NA,NA
"5294",2017,"T-25",6802.45817036527,361.557662075074,88.2869809313107,88.2869809313107
"5295",2017,"T-26",6804.58959740402,321.31376990134,90.8237528048819,90.8237528048819
"5296",2017,"T-27",6807.81098147304,285.864685217851,92.5245139920957,92.5245139920957
"5297",2017,"T-28",6808.07316065007,252.358617737724,91.5465573836893,91.5465573836893
"5298",2017,"T-29",6811.31378720554,215.057850903073,74.9535665963464,74.9535665963464
"5299",2017,"T-30",6813.40634188105,181.322475981597,90.5086619526082,90.5086619526082
"5300",2017,"U-25",6840.23806240909,358.690550062828,NA,NA
"5301",2017,"U-26",6843.31186311782,318.995216505665,NA,NA
"5302",2017,"U-27",6845.85143134735,284.010075650596,90.426658852543,90.426658852543
"5303",2017,"U-28",6847.46041071416,248.296371280801,91.9812566498679,91.9812566498679
"5304",2017,"U-29",6847.24419867163,210.131514045098,89.5561605615695,89.5561605615695
"5305",2017,"V-25",6877.73005225026,356.606684039676,64.7918428642692,64.7918428642692
"5306",2017,"V-26",6878.18515200364,316.848697797274,NA,NA
"5307",2017,"V-27",6881.10145639299,280.737728764669,75.9483235649382,75.9483235649382
"5308",2017,"V-28",6883.29594840865,244.164467609156,88.6808288329102,88.6808288329102
"5309",2018,"D-02",6213.37213536481,750.110847298056,NA,NA
"5310",2018,"D-04",6218.99627872548,824.744299466248,NA,NA
"5311",2018,"D-06",6223.12568876164,899.059716681719,NA,NA
"5312",2018,"E-02",6249.67879729016,745.737641195672,NA,NA
"5313",2018,"E-03",6251.76974474378,783.112700171991,NA,NA
"5314",2018,"E-04",6254.29430723883,820.872656908702,NA,NA
"5315",2018,"F-01",6285.03162987757,704.174007999165,NA,NA
"5316",2018,"F-02",6287.28101017069,742.60528035408,NA,NA
"5317",2018,"F-03",6288.767888864,779.924436736081,NA,NA
"5318",2018,"F-04",6292.15234723276,815.028283815348,58.5484538953429,58.5484538953429
"5319",2018,"F-18",6283.56480479937,665.514431216306,NA,NA
"5320",2018,"F-19",6282.88755757152,627.681899852558,NA,NA
"5321",2018,"F-22",6280.05783604518,516.459785562464,74.02565360715,74.02565360715
"5322",2018,"F-23",6280.48124068906,479.40397881107,NA,NA
"5323",2018,"F-24",6280.82687214611,439.45103205326,NA,NA
"5324",2018,"G-04",6330.4093755808,812.499859820885,NA,NA
"5325",2018,"G-05",6331.22643443828,849.842166287424,NA,NA
"5326",2018,"G-06",6335.41229501334,887.24725723562,NA,NA
"5327",2018,"G-20",6318.30344943379,586.731634766222,NA,NA
"5328",2018,"G-23",6318.28958560799,476.892910000528,48.6743736337475,48.6743736337475
"5329",2018,"G-24",6317.83258876514,436.294801235277,NA,NA
"5330",2018,"G-25",6319.75562788284,400.027778057064,NA,NA
"5331",2018,"GF2019",6300.35414045296,603.677087974816,NA,NA
"5332",2018,"GF2221",6299.84749893964,531.783410173579,NA,NA
"5333",2018,"H-01",6357.96416988464,696.242957020781,92.6151428251085,92.6151428251085
"5334",2018,"H-02",6362.18799024817,734.631013681905,NA,NA
"5335",2018,"H-04",6366.01372951313,807.574545368078,NA,NA
"5336",2018,"H-05",6369.75622064942,845.973660279959,NA,NA
"5337",2018,"H-06",6372.86995591352,883.719826538608,NA,NA
"5338",2018,"H-07",6375.56512699304,920.550299089953,NA,NA
"5339",2018,"H-18",6356.89729283203,658.577169165845,NA,NA
"5340",2018,"H-19",6360.87045088312,622.914469231761,NA,NA
"5341",2018,"H-20",6355.13351224875,585.299326820366,NA,NA
"5342",2018,"H-23",6354.86933119421,471.947727643569,NA,NA
"5343",2018,"H-24",6355.18569006085,433.284325171228,NA,NA
"5344",2018,"H-25",6357.70275957479,390.80544183522,NA,NA
"5345",2018,"HG2019",6336.79314006543,601.592674103861,NA,NA
"5346",2018,"I-01",6396.27291258943,692.328191684077,NA,NA
"5347",2018,"I-02",6396.52635866108,731.396595052271,97.6156636766525,97.6156636766525
"5348",2018,"I-03",6401.04983624852,767.053567301478,NA,NA
"5349",2018,"I-04",6403.94072197979,804.424722344323,NA,NA
"5350",2018,"I-05",6405.68152339542,842.501131916259,NA,NA
"5351",2018,"I-18",6395.13239871724,655.278734620322,NA,NA
"5352",2018,"I-19",6392.74456664375,617.031404396836,NA,NA
"5353",2018,"I-20",6392.7740023353,580.58339137989,NA,NA
"5354",2018,"I-21",6391.4777177177,543.826577373572,NA,NA
"5355",2018,"I-22",6393.23936471486,505.310647686345,NA,NA
"5356",2018,"I-23",6391.67402122592,467.528785145526,NA,NA
"5357",2018,"I-24",6391.8529592842,429.723865182837,NA,NA
"5358",2018,"I-25",6393.01490122922,393.499705967356,NA,NA
"5359",2018,"IH2120",6372.82384307531,560.828088153841,NA,NA
"5360",2018,"IH2221",6373.36252962278,524.825394096691,NA,NA
"5361",2018,"J-01",6432.53883564378,688.816339449682,92.8042061946781,92.8042061946781
"5362",2018,"J-02",6434.35933136357,726.374316281174,94.9441700843463,94.9441700843463
"5363",2018,"J-05",6444.2726955189,838.928099637942,NA,NA
"5364",2018,"J-18",6432.18296766147,650.942965569913,95.1321216416868,95.1321216416868
"5365",2018,"J-19",6431.32720510879,613.562688171476,90.521904787554,90.521904787554
"5366",2018,"J-20",6430.28698182762,576.900993637427,50.0238210253008,50.0238210253008
"5367",2018,"J-21",6429.15967561083,538.040962573274,NA,NA
"5368",2018,"J-22",6426.9811504698,502.972706959897,NA,NA
"5369",2018,"J-23",6428.887039507,465.626729321261,NA,NA
"5370",2018,"J-24",6428.5561818725,427.212007047245,NA,NA
"5371",2018,"J-25",6430.87549244999,391.892359835709,NA,NA
"5372",2018,"J-26",6429.66974163196,354.755402091011,NA,NA
"5373",2018,"JI1918",6412.11686579837,634.428522467461,95.1974904657068,95.1974904657068
"5374",2018,"JI2019",6411.08335314693,595.857827588538,68.9280713657763,68.9280713657763
"5375",2018,"JI2120",6410.64932006942,560.679487509665,NA,NA
"5376",2018,"JI2221",6411.55550038962,523.051809632522,NA,NA
"5377",2018,"K-01",6468.82550930247,685.446632572727,98.1487537707575,98.1487537707575
"5378",2018,"K-18",6467.92789137815,647.149606738413,97.5627209568678,97.5627209568678
"5379",2018,"K-19",6467.86956426124,609.59019402117,91.5157002604441,91.5157002604441
"5380",2018,"K-20",6466.35290002027,574.305874768778,66.4985370892889,66.4985370892889
"5381",2018,"K-21",6464.90254079201,537.349836419849,66.5577270973822,66.5577270973822
"5382",2018,"K-22",6465.64813668496,499.5309224203,56.3005475824709,56.3005475824709
"5383",2018,"K-23",6466.5442770893,461.556104314793,NA,NA
"5384",2018,"K-24",6466.89933120919,425.596076557737,NA,NA
"5385",2018,"K-25",6466.38806618027,387.499840993556,NA,NA
"5386",2018,"L-01",6506.41176926776,681.286313269885,NA,NA
"5387",2018,"L-18",6506.54518688075,643.945171746459,NA,NA
"5388",2018,"L-19",6506.11486226715,606.8840658615,90.0843737683798,90.0843737683798
"5389",2018,"L-20",6503.8671902838,570.570373494705,77.4836993864661,77.4836993864661
"5390",2018,"L-21",6503.43448622363,533.006819072468,69.9593129714838,69.9593129714838
"5391",2018,"L-22",6502.88679888034,495.01658624404,70.2438079860254,70.2438079860254
"5392",2018,"L-23",6502.8544833773,458.229856250966,57.5459774575639,57.5459774575639
"5393",2018,"L-24",6504.53247617245,421.092284117851,62.4721503961623,62.4721503961623
"5394",2018,"L-25",6508.70246381735,383.40717115173,NA,NA
"5395",2018,"M-18",6543.18448464653,640.4443658099,NA,NA
"5396",2018,"M-19",6543.0059390252,604.540274421424,73.1257446749092,73.1257446749092
"5397",2018,"M-20",6541.19663011841,567.248639977136,71.6699605370989,71.6699605370989
"5398",2018,"M-21",6540.31559684349,530.208810186096,83.3293286336748,83.3293286336748
"5399",2018,"M-22",6537.48428313519,492.830610061735,73.1493948862134,73.1493948862134
"5400",2018,"M-23",6539.28832129477,455.19513846799,67.7621015049655,67.7621015049655
"5401",2018,"M-24",6541.29909898309,417.038787901303,52.5807966370877,52.5807966370877
"5402",2018,"M-25",6542.53659107226,379.8845980193,46.3401842970367,46.3401842970367
"5403",2018,"M-26",6543.07924947957,343.590570188196,NA,NA
"5404",2018,"N-19",6580.08762187414,599.425034868362,NA,NA
"5405",2018,"N-20",6577.71141324983,564.810729789774,71.226279863039,71.226279863039
"5406",2018,"N-21",6577.39493109893,526.701669937946,68.1877757978867,68.1877757978867
"5407",2018,"N-22",6576.23830283392,490.673846901443,70.8184869490226,70.8184869490226
"5408",2018,"N-23",6577.4370274991,452.815431307126,75.0086820189137,75.0086820189137
"5409",2018,"N-24",6577.83191719503,414.609192116504,60.5311966988874,60.5311966988874
"5410",2018,"N-25",6578.65515410033,376.295704328208,68.2948847079317,68.2948847079317
"5411",2018,"N-26",6581.47543063022,340.571246184519,57.1032826718852,57.1032826718852
"5412",2018,"N-30",6589.00625834101,193.626894993911,NA,NA
"5413",2018,"N-31",6592.9465215401,155.537026664993,70.6211627271171,70.6211627271171
"5414",2018,"O-19",6616.14219176142,596.666570412908,NA,NA
"5415",2018,"O-20",6614.51782194817,561.029447951191,70.8425233590408,70.8425233590408
"5416",2018,"O-21",6615.18644062464,523.27187060922,61.7170668819619,61.7170668819619
"5417",2018,"O-22",6613.56818910988,485.890489957953,66.5751582760661,66.5751582760661
"5418",2018,"O-23",6613.73883610859,449.744166214719,67.625714954857,67.625714954857
"5419",2018,"O-24",6615.28547620402,412.087567071742,87.5296179839401,87.5296179839401
"5420",2018,"O-25",6617.45730576001,373.507415964413,91.8191464553772,91.8191464553772
"5421",2018,"O-26",6618.76371572937,336.925824463856,NA,NA
"5422",2018,"O-27",6619.03885523418,305.653164953754,48.6752697515308,48.6752697515308
"5423",2018,"O-28",6621.16004154401,269.210682521518,NA,NA
"5424",2018,"O-29",6625.72032263421,225.580817617848,NA,NA
"5425",2018,"ON2524",6597.04884764015,394.392788161934,76.0281566446975,76.0281566446975
"5426",2018,"ON2625",6598.65783355385,358.599377579369,NA,NA
"5427",2018,"P-19",6652.35776962763,593.840185339662,NA,NA
"5428",2018,"P-20",6652.60051146367,557.252178790054,59.5927170163598,59.5927170163598
"5429",2018,"P-21",6652.27739557262,519.919336844144,62.2261343265938,62.2261343265938
"5430",2018,"P-22",6649.06891232227,483.079289015854,65.7130919635667,65.7130919635667
"5431",2018,"P-23",6651.59521141206,445.925901281411,82.9188093702486,82.9188093702486
"5432",2018,"P-24",6652.18686593799,410.023684674655,85.133670132936,85.133670132936
"5433",2018,"P-25",6654.33351818182,373.484171520227,NA,NA
"5434",2018,"P-26",6656.43959451368,335.201402487395,93.3025674304868,93.3025674304868
"5435",2018,"P-27",6661.54359059149,299.276069259338,54.1888461040091,54.1888461040091
"5436",2018,"P-28",6658.90991319323,263.137799857933,48.5928532779167,48.5928532779167
"5437",2018,"P-29",6661.94645733182,226.221614901109,NA,NA
"5438",2018,"PO2423",6632.63509872899,428.991415505632,72.3590246912547,72.3590246912547
"5439",2018,"PO2524",6634.51683398245,393.139189115397,79.6137400693791,79.6137400693791
"5440",2018,"PO2625",6636.44407683696,356.411160842581,93.487570035649,93.487570035649
"5441",2018,"PO2726",6638.96928864851,318.790633131706,74.8592512881134,74.8592512881134
"5442",2018,"Q-19",6689.77004888354,592.204755952822,NA,NA
"5443",2018,"Q-20",6689.2358969779,553.834392242047,66.8767803783893,66.8767803783893
"5444",2018,"Q-21",6688.20080050638,518.35249900758,63.3741279103207,63.3741279103207
"5445",2018,"Q-22",6689.27748263848,481.821582044345,65.3085787325426,65.3085787325426
"5446",2018,"Q-23",6688.65275172233,441.060429295299,NA,NA
"5447",2018,"Q-25",6686.59947989123,368.467450389798,NA,NA
"5448",2018,"Q-26",6693.09779513004,330.16754996552,74.2701329707987,74.2701329707987
"5449",2018,"Q-27",6693.29753626356,295.382256257589,NA,NA
"5450",2018,"Q-28",6698.75207412796,257.481910902911,65.3668223186134,65.3668223186134
"5451",2018,"Q-29",6698.84687663318,222.496527866719,67.5547610871468,67.5547610871468
"5452",2018,"Q-30",6701.78532002922,183.629574083643,NA,NA
"5453",2018,"QP2423",6669.47542682585,427.130396666413,NA,NA
"5454",2018,"QP2524",6672.7484431367,388.305772006705,NA,NA
"5455",2018,"QP2625",6668.55059683397,346.147004490973,NA,NA
"5456",2018,"QP2726",6674.54384978426,313.605666509613,69.1016879114763,69.1016879114763
"5457",2018,"R-22",6724.94337394633,476.302557767667,64.3531933867538,64.3531933867538
"5458",2018,"R-23",6726.51569183046,439.052828413965,64.2290626553235,64.2290626553235
"5459",2018,"R-24",6727.4184132923,402.40579822347,63.9783719005861,63.9783719005861
"5460",2018,"R-25",6727.8506053252,365.134260282759,60.0119611245419,60.0119611245419
"5461",2018,"R-26",6730.72126754967,328.392213220729,66.0220802207291,66.0220802207291
"5462",2018,"R-27",6731.3460138984,291.690642990739,57.9832089488999,57.9832089488999
"5463",2018,"R-28",6733.42124976979,256.996579825498,67.1325872408046,67.1325872408046
"5464",2018,"R-29",6737.6855771134,215.632433077977,NA,NA
"5465",2018,"R-30",6738.44555326609,182.065923238955,68.6017660145678,68.6017660145678
"5466",2018,"R-31",6744.0930275462,146.15417013442,NA,NA
"5467",2018,"S-22",6762.50140487763,474.053748222937,60.0731665107879,60.0731665107879
"5468",2018,"S-23",6763.37121901476,437.327037576041,60.9256875551234,60.9256875551234
"5469",2018,"S-24",6764.17965612481,402.689033073088,57.0002353988203,57.0002353988203
"5470",2018,"S-25",6765.22583204785,364.360406470604,61.5825372409054,61.5825372409054
"5471",2018,"S-26",6767.14567390501,328.090914022065,60.8661874902899,60.8661874902899
"5472",2018,"S-27",6768.97380693413,291.063457627418,64.9145604934486,64.9145604934486
"5473",2018,"S-28",6771.01913972535,254.280174015687,64.6952455238164,64.6952455238164
"5474",2018,"S-29",6774.40462003872,213.815468422301,65.0933179088842,65.0933179088842
"5475",2018,"S-30",6776.20868409275,177.083117708416,NA,NA
"5476",2018,"S-31",6780.38280781797,143.054264564069,71.4499261035486,71.4499261035486
"5477",2018,"T-25",6802.45388879135,360.865820855468,64.1807081938961,64.1807081938961
"5478",2018,"T-26",6804.93789133162,321.386815205987,65.7537298929707,65.7537298929707
"5479",2018,"T-27",6807.46357850494,286.148788995684,74.5015392839544,74.5015392839544
"5480",2018,"T-28",6809.59989556814,250.196054211564,69.4291390683363,69.4291390683363
"5481",2018,"T-29",6811.18484190345,216.699958927471,62.4014533708702,62.4014533708702
"5482",2018,"T-30",6814.13837995325,178.757256073727,72.9664664121607,72.9664664121607
"5483",2018,"U-25",6840.54678371378,356.953220278403,56.5580274748342,56.5580274748342
"5484",2018,"U-26",6841.93630663187,317.329693770329,67.9228581704249,67.9228581704249
"5485",2018,"U-27",6843.69732512722,283.95379914696,73.5857200644994,73.5857200644994
"5486",2018,"U-29",6849.27364235122,209.87295688969,66.5872563269201,66.5872563269201
"5487",2018,"V-25",6876.50382662996,357.175085698114,63.9991620884061,63.9991620884061
"5488",2018,"V-26",6879.30533643875,318.50686768439,71.8206413958846,71.8206413958846
"5489",2018,"V-27",6881.8498028722,278.820901853889,78.6849133543343,78.6849133543343
"5490",2018,"V-28",6883.61629201191,247.458074173392,71.2485711687393,71.2485711687393
"5491",2019,"A-04",6108.02638277435,835.951299938163,NA,NA
"5492",2019,"B-01",6139.02264953274,718.130434789424,NA,NA
"5493",2019,"B-02",6141.21244567714,755.582044659685,NA,NA
"5494",2019,"B-06",6151.27261326884,908.49793622863,NA,NA
"5495",2019,"B-08",6159.39757612411,980.641337832725,NA,NA
"5496",2019,"C-04",6180.69282690151,826.754703608354,NA,NA
"5497",2019,"C-05",6183.81295742094,866.388374279763,NA,NA
"5498",2019,"C-06",6188.01641215294,904.438448370327,NA,NA
"5499",2019,"C-07",6193.44674395205,939.279653367249,NA,NA
"5500",2019,"D-04",6219.50290826144,824.490304481808,NA,NA
"5501",2019,"D-05",6219.42417649665,862.340392653946,NA,NA
"5502",2019,"D-06",6223.43507071758,900.385074386107,NA,NA
"5503",2019,"D-07",6228.11789981581,933.697115826339,NA,NA
"5504",2019,"D-08",6232.9399892683,973.913993636737,NA,NA
"5505",2019,"E-04",6254.25829905505,821.533957063473,NA,NA
"5506",2019,"E-05",6258.56329145505,857.649329855367,NA,NA
"5507",2019,"E-06",6262.24366623402,896.706451991114,NA,NA
"5508",2019,"E-18",6247.30656995085,670.067143591141,NA,NA
"5509",2019,"E-21",6243.82827167871,557.050302386208,49.6053777175862,49.6053777175862
"5510",2019,"E-22",6244.35995081938,520.583240870586,NA,NA
"5511",2019,"F-05",6295.35636408923,853.534182911793,NA,NA
"5512",2019,"F-06",6299.38969155499,893.022016359741,NA,NA
"5513",2019,"F-18",6282.04864662766,665.794232573669,63.64961782244,63.64961782244
"5514",2019,"F-19",6282.71167531598,628.943163890535,NA,NA
"5515",2019,"F-21",6281.52322181138,553.056281447308,NA,NA
"5516",2019,"F-22",6279.56725975671,516.394887846164,NA,NA
"5517",2019,"F-23",6280.80448823277,478.755644105895,NA,NA
"5518",2019,"F-24",6281.74174538066,440.676408474188,NA,NA
"5519",2019,"G-03",6326.92739403019,775.186855371061,NA,NA
"5520",2019,"G-04",6328.37177372091,813.067766494203,NA,NA
"5521",2019,"G-22",6317.50328746608,512.873072174063,43.0152789757393,43.0152789757393
"5522",2019,"G-23",6318.27851221153,476.193459907344,NA,NA
"5523",2019,"G-24",6317.81743808078,435.977102935423,NA,NA
"5524",2019,"G-25",6320.8530301511,399.386092693054,NA,NA
"5525",2019,"GF2019",6300.68678555576,603.820811072578,NA,NA
"5526",2019,"GF2221",6300.57251136642,532.833769792432,NA,NA
"5527",2019,"H-20",6354.26811413379,584.160171173941,NA,NA
"5528",2019,"H-23",6355.33446848169,471.493131106799,46.2760350501995,46.2760350501995
"5529",2019,"H-24",6354.62866799332,433.064480678024,NA,NA
"5530",2019,"H-25",6356.92917180206,390.537002875878,NA,NA
"5531",2019,"H-26",6356.19984742475,361.579236357615,NA,NA
"5532",2019,"HG2221",6330.41092551704,532.081506801229,NA,NA
"5533",2019,"I-01",6397.8505322105,693.223963936132,NA,NA
"5534",2019,"I-02",6397.47387355038,730.502069569867,82.8250240613151,82.8250240613151
"5535",2019,"I-03",6399.73630146085,768.52159844357,NA,NA
"5536",2019,"I-18",6393.98579556523,654.686392222831,78.3353591390202,78.3353591390202
"5537",2019,"I-19",6392.97862080022,617.285806723815,100.181276431648,100.181276431648
"5538",2019,"I-20",6392.58501735512,579.417606025616,94.1509262608834,94.1509262608834
"5539",2019,"I-21",6392.30395068427,542.69252742864,NA,NA
"5540",2019,"I-22",6391.8063639554,505.955009651299,45.5200089268818,45.5200089268818
"5541",2019,"I-23",6390.9839702609,467.99166461219,NA,NA
"5542",2019,"I-24",6392.98903388806,428.97400403371,NA,NA
"5543",2019,"I-25",6393.5768485401,393.710249939919,NA,NA
"5544",2019,"I-26",6398.86239394876,356.476334007024,NA,NA
"5545",2019,"IH2019",6375.32528803263,597.886510477931,NA,NA
"5546",2019,"IH2120",6373.68809932909,560.695301779371,66.4665815610573,66.4665815610573
"5547",2019,"J-01",6431.82576722852,688.698777703671,89.8494553228592,89.8494553228592
"5548",2019,"J-02",6434.52191499619,726.918195622211,98.4714786713182,98.4714786713182
"5549",2019,"J-18",6432.90010066419,651.001596492551,97.3677713267223,97.3677713267223
"5550",2019,"J-19",6430.25051225734,615.135814590732,104.890736753713,104.890736753713
"5551",2019,"J-20",6428.05694160867,577.56231726332,98.1339767765286,98.1339767765286
"5552",2019,"J-23",6428.99651042034,464.566640483184,NA,NA
"5553",2019,"J-24",6428.3734866231,426.334914281421,NA,NA
"5554",2019,"J-25",6431.13080015773,391.576155774663,NA,NA
"5555",2019,"J-26",6433.25118008952,352.948976500061,NA,NA
"5556",2019,"JI1918",6411.59272025983,634.34738780091,102.462645399395,102.462645399395
"5557",2019,"JI2019",6411.25057920031,597.232115014573,103.932109831176,103.932109831176
"5558",2019,"JI2120",6408.5641230872,559.019198984397,67.974163249828,67.974163249828
"5559",2019,"JI2221",6410.41402601209,523.094285123565,NA,NA
"5560",2019,"K-01",6471.0864891779,684.880480237202,94.7204612770333,94.7204612770333
"5561",2019,"K-02",6473.08413410659,723.022456545941,95.2975893476166,95.2975893476166
"5562",2019,"K-03",6474.68946928931,760.378238812472,NA,NA
"5563",2019,"K-04",6475.02218533853,797.903494582806,NA,NA
"5564",2019,"K-18",6468.91855830583,648.557367243404,96.7434559402954,96.7434559402954
"5565",2019,"K-19",6466.51485724105,610.821621718838,100.758806459572,100.758806459572
"5566",2019,"K-20",6466.30184769126,574.609971425819,100.561512759481,100.561512759481
"5567",2019,"K-21",6464.50528934848,536.36410562348,NA,NA
"5568",2019,"K-22",6466.77884666895,499.156956331029,NA,NA
"5569",2019,"K-23",6465.96925287673,462.007288970573,NA,NA
"5570",2019,"K-24",6467.05051221381,424.034632222059,NA,NA
"5571",2019,"K-25",6466.65982662247,387.482397983944,NA,NA
"5572",2019,"K-26",6468.39284352058,348.334015359147,NA,NA
"5573",2019,"L-02",6509.44176754574,718.896231570821,82.6813698748298,82.6813698748298
"5574",2019,"L-18",6506.36093034101,645.625892666032,98.5304588319697,98.5304588319697
"5575",2019,"L-19",6504.87658229276,608.151836554324,93.8092345409069,93.8092345409069
"5576",2019,"L-20",6502.94585598887,570.706917743449,99.4304932614885,99.4304932614885
"5577",2019,"L-21",6503.77307836457,532.885628247057,NA,NA
"5578",2019,"L-22",6502.02942734399,495.486322338331,45.3682831490222,45.3682831490222
"5579",2019,"L-23",6503.48141054772,458.803597753715,NA,NA
"5580",2019,"L-24",6504.88323349291,420.249900585855,NA,NA
"5581",2019,"M-01",6543.43100064525,678.326451920698,NA,NA
"5582",2019,"M-18",6543.64255889218,641.898200528978,NA,NA
"5583",2019,"M-19",6543.13552690989,605.347460019285,93.8099172920109,93.8099172920109
"5584",2019,"M-20",6540.11432683818,566.366726301357,99.685405651152,99.685405651152
"5585",2019,"M-21",6540.58106954505,529.838763790724,95.3025895492462,95.3025895492462
"5586",2019,"M-22",6540.02517386288,493.208793940774,54.627295615973,54.627295615973
"5587",2019,"M-23",6540.04869863765,454.833379841141,NA,NA
"5588",2019,"M-24",6541.27977207501,417.289207212573,NA,NA
"5589",2019,"M-25",6542.28040282492,381.314268922101,NA,NA
"5590",2019,"M-26",6542.18274185498,343.952441059092,NA,NA
"5591",2019,"M-27",6544.2828248431,306.435213451635,NA,NA
"5592",2019,"M-30",6553.97916267959,195.889517086466,66.8592410108045,66.8592410108045
"5593",2019,"M-31",6555.05491076213,159.108365782425,71.976190667975,71.976190667975
"5594",2019,"N-01",6580.5968784289,675.896162421805,NA,NA
"5595",2019,"N-02",6584.78688734582,711.950438409314,NA,NA
"5596",2019,"N-18",6580.28916892824,639.081467354828,NA,NA
"5597",2019,"N-19",6580.14588577551,600.744109182565,92.6499681737076,92.6499681737076
"5598",2019,"N-20",6576.99851140733,564.57760541681,98.3988084302441,98.3988084302441
"5599",2019,"N-21",6578.02078914435,526.225386254882,94.4218846840588,94.4218846840588
"5600",2019,"N-22",6576.33736259833,489.620989644832,51.1704808496402,51.1704808496402
"5601",2019,"N-23",6577.28581796597,452.840009289764,NA,NA
"5602",2019,"N-24",6578.02182645455,414.58529771964,NA,NA
"5603",2019,"N-25",6579.23668401708,377.535393719014,48.9142030080377,48.9142030080377
"5604",2019,"N-27",6581.9618313348,304.024302756274,NA,NA
"5605",2019,"N-28",6585.02007721847,267.040404026732,NA,NA
"5606",2019,"N-29",6586.79281521181,229.626376031229,NA,NA
"5607",2019,"N-30",6590.64050433292,194.101408925707,71.9985715390551,71.9985715390551
"5608",2019,"N-31",6592.18409950106,155.694595227382,73.3599577934864,73.3599577934864
"5609",2019,"O-18",6616.86359298755,634.279506768052,NA,NA
"5610",2019,"O-19",6615.99459358276,597.375690333367,98.7013381408688,98.7013381408688
"5611",2019,"O-20",6614.86363129798,561.469508359792,98.4404372092592,98.4404372092592
"5612",2019,"O-21",6615.17588283439,523.453591074528,NA,NA
"5613",2019,"O-22",6614.19197309737,485.998480690155,78.1061322438865,78.1061322438865
"5614",2019,"O-23",6614.2409573074,450.341463787021,59.4867696434017,59.4867696434017
"5615",2019,"O-24",6615.83005905154,411.88229335067,88.8582629343688,88.8582629343688
"5616",2019,"O-25",6615.79730398314,374.266903104252,63.9978342240671,63.9978342240671
"5617",2019,"O-26",6617.98883842703,339.226352906852,NA,NA
"5618",2019,"O-27",6618.42720954872,305.46552331525,NA,NA
"5619",2019,"O-28",6621.78770170024,268.369573505719,NA,NA
"5620",2019,"O-29",6624.37673696823,225.765167986325,51.8659526734932,51.8659526734932
"5621",2019,"O-30",6626.37412245592,190.43366434735,61.223666190365,61.223666190365
"5622",2019,"O-31",6629.05707643743,154.743602895605,NA,NA
"5623",2019,"ON2524",6597.72225652191,393.507428495539,NA,NA
"5624",2019,"ON2625",6596.62228851837,357.849860262528,56.9045817571523,56.9045817571523
"5625",2019,"P-01",6654.93492143093,667.402618774083,NA,NA
"5626",2019,"P-18",6653.43131051459,631.252692307489,86.720730126015,86.720730126015
"5627",2019,"P-19",6653.00030441404,592.880620994487,NA,NA
"5628",2019,"P-20",6651.61050442168,557.766031783113,97.1650332430152,97.1650332430152
"5629",2019,"P-21",6653.60884399607,520.229622876473,98.5877675018308,98.5877675018308
"5630",2019,"P-22",6649.54976085346,483.137299197188,89.111101374705,89.111101374705
"5631",2019,"P-23",6652.0337988785,446.94142460306,67.7827987759457,67.7827987759457
"5632",2019,"P-24",6651.93976665435,406.893149252423,98.6743951736488,98.6743951736488
"5633",2019,"P-25",6654.05785518131,373.462432892013,96.0916917214692,96.0916917214692
"5634",2019,"P-26",6656.78266410376,336.310930432116,62.0668428998468,62.0668428998468
"5635",2019,"P-27",6657.41617822576,299.312375001505,NA,NA
"5636",2019,"P-29",6661.63348033017,225.591460689868,NA,NA
"5637",2019,"P-30",6665.07331887802,183.590469620201,47.5436985006924,47.5436985006924
"5638",2019,"P-31",6668.39354805476,154.299291488225,NA,NA
"5639",2019,"P-32",6672.1930401326,115.951883317664,58.1584502546538,58.1584502546538
"5640",2019,"PO2423",6633.66596320154,430.170069030256,91.5033399818703,91.5033399818703
"5641",2019,"PO2524",6634.79511325454,393.517624171052,94.7266939901443,94.7266939901443
"5642",2019,"PO2625",6635.42261829399,356.939540268441,73.9707651455364,73.9707651455364
"5643",2019,"PO2726",6635.4653362326,318.947474662723,57.0287975445614,57.0287975445614
"5644",2019,"Q-02",6694.76141492231,706.52432778681,NA,NA
"5645",2019,"Q-19",6690.15308601261,593.113847136878,NA,NA
"5646",2019,"Q-20",6688.3080566221,553.723563468059,NA,NA
"5647",2019,"Q-21",6688.12984901629,518.527362571791,NA,NA
"5648",2019,"Q-22",6689.07824711229,481.247793352889,60.3984558790391,60.3984558790391
"5649",2019,"Q-23",6688.26650168254,441.422603398547,53.8347270132348,53.8347270132348
"5650",2019,"Q-25",6687.11898900716,368.450244589258,95.0489105382334,95.0489105382334
"5651",2019,"Q-26",6691.00400703969,330.628460763432,68.2526437007523,68.2526437007523
"5652",2019,"Q-27",6693.78939759611,294.626051006886,NA,NA
"5653",2019,"Q-28",6697.11287414238,257.849673316391,NA,NA
"5654",2019,"Q-29",6699.58461179565,222.659622618223,NA,NA
"5655",2019,"Q-30",6701.59236981341,185.571379990327,NA,NA
"5656",2019,"QP2423",6670.27509429837,425.449924802145,67.5571564770324,67.5571564770324
"5657",2019,"QP2524",6671.46193615558,389.276698099936,NA,NA
"5658",2019,"QP2625",6669.48915764357,346.432759601946,92.1098688356247,92.1098688356247
"5659",2019,"QP2726",6672.53838370525,313.663200265144,NA,NA
"5660",2019,"R-22",6724.67172585852,476.368282819296,67.8361911547171,67.8361911547171
"5661",2019,"R-23",6726.77495404887,439.234850781386,54.7802310373709,54.7802310373709
"5662",2019,"R-24",6726.96049826147,404.432826389804,68.9901342459771,68.9901342459771
"5663",2019,"R-25",6727.75493512237,365.113979462098,NA,NA
"5664",2019,"R-26",6729.92600480327,329.361201629565,58.9077316401191,58.9077316401191
"5665",2019,"R-27",6731.85824020015,290.954697885611,NA,NA
"5666",2019,"R-28",6734.68582237628,256.832704449403,NA,NA
"5667",2019,"R-29",6737.67479384518,215.958306884198,NA,NA
"5668",2019,"R-30",6740.16161096456,182.106366583025,NA,NA
"5669",2019,"R-31",6743.62179503152,143.13300088368,66.2317061491593,66.2317061491593
"5670",2019,"R-32",6745.26307327274,108.726705374552,NA,NA
"5671",2019,"S-22",6762.47638587491,474.276972835389,73.0880738810949,73.088073881095
"5672",2019,"S-23",6763.43136308598,437.139308017833,61.1427964502694,61.1427964502694
"5673",2019,"S-24",6764.14391365356,402.125822155032,57.4309114972502,57.4309114972502
"5674",2019,"S-25",6765.33103574815,365.079329972599,52.0701993771199,52.0701993771199
"5675",2019,"S-26",6765.85175735181,327.698056228012,NA,NA
"5676",2019,"S-27",6770.62250231875,290.360029395389,NA,NA
"5677",2019,"S-28",6772.51956967494,253.8415728327,45.5591861537344,45.5591861537344
"5678",2019,"S-29",6774.77089415226,214.631575546944,NA,NA
"5679",2019,"S-30",6778.37278098425,177.017766258966,60.9145209727366,60.9145209727366
"5680",2019,"S-31",6781.12024030932,140.856898260145,NA,NA
"5681",2019,"T-25",6802.46252781316,361.026895019955,53.8049120002812,53.8049120002812
"5682",2019,"T-26",6804.93505125298,321.605902321444,52.4110349999075,52.4110349999075
"5683",2019,"T-27",6807.43501015888,286.195843426472,NA,NA
"5684",2019,"T-28",6809.10651315582,249.720392975527,NA,NA
"5685",2019,"T-29",6810.80399646841,215.984903157779,NA,NA
"5686",2019,"T-30",6815.37496029041,182.194280934304,NA,NA
"5687",2019,"U-25",6840.26556812624,358.523134572916,84.9609280255629,84.9609280255629
"5688",2019,"U-26",6842.20338823972,318.609644106921,72.2532697637274,72.2532697637274
"5689",2019,"U-27",6842.9377625797,284.036175511408,63.1610285348974,63.1610285348974
"5690",2019,"U-28",6845.47156607464,247.751001013369,61.6293397011095,61.6293397011095
"5691",2019,"U-29",6850.7398806704,211.77557159232,NA,NA
"5692",2019,"V-25",6875.61402720124,356.113356228465,93.2268996668642,93.2268996668642
"5693",2019,"V-26",6879.70932664032,316.804494187751,93.4498657920366,93.4498657920366
"5694",2019,"V-27",6881.1027869619,281.582583610482,92.5978051593318,92.5978051593317
"5695",2019,"V-28",6883.54465528368,248.413584005338,86.7823428949868,86.7823428949868
"5696",2021,"D-01",6212.20201282878,712.077445416205,NA,NA
"5697",2021,"E-19",6245.61454080775,630.964821158752,NA,NA
"5698",2021,"E-20",6248.10453100115,594.408328960375,NA,NA
"5699",2021,"F-04",6293.46016027009,815.662012475983,NA,NA
"5700",2021,"F-06",6297.21070723696,890.482039970565,NA,NA
"5701",2021,"F-18",6282.99216651537,666.096357128589,NA,NA
"5702",2021,"F-19",6282.11654207421,627.76544392738,NA,NA
"5703",2021,"F-21",6280.85881712561,556.362911694402,NA,NA
"5704",2021,"F-22",6279.27989267049,516.058214166021,64.3118708485689,64.3118708485689
"5705",2021,"F-23",6279.93343026903,478.328598126814,NA,NA
"5706",2021,"F-24",6280.9858831992,441.188576977518,NA,NA
"5707",2021,"G-18",6320.08852474117,661.304489695272,NA,NA
"5708",2021,"G-19",6318.29470410831,624.050469318816,NA,NA
"5709",2021,"G-22",6317.59923537825,512.762825270427,NA,NA
"5710",2021,"G-23",6317.02326620807,476.510388683844,NA,NA
"5711",2021,"G-24",6318.54870013414,435.666418794692,NA,NA
"5712",2021,"G-25",6318.4404211882,399.636892908597,NA,NA
"5713",2021,"GF1918",6301.54101288163,645.286528102573,NA,NA
"5714",2021,"GF2019",6300.31662331706,603.713424733865,NA,NA
"5715",2021,"GF2120",6299.48612868061,570.857536660887,NA,NA
"5716",2021,"GF2221",6298.73109739985,532.016175161168,NA,NA
"5717",2021,"H-02",6361.07704979982,733.956143674277,NA,NA
"5718",2021,"H-03",6363.11662690589,771.345892935851,NA,NA
"5719",2021,"H-07",6376.20319540271,920.88050109432,NA,NA
"5720",2021,"H-18",6356.29587932941,658.485613254088,NA,NA
"5721",2021,"H-19",6356.53558855399,622.057131316569,NA,NA
"5722",2021,"H-20",6355.2145459533,582.596913348572,NA,NA
"5723",2021,"H-22",6354.20073946074,508.63474432339,NA,NA
"5724",2021,"H-23",6353.85465295017,471.537028719789,NA,NA
"5725",2021,"H-24",6356.26118763336,433.528181093155,NA,NA
"5726",2021,"HG1918",6337.13448895017,641.572175414705,NA,NA
"5727",2021,"HG2019",6338.36447463055,601.951640861728,NA,NA
"5728",2021,"I-04",6404.58595252517,804.665481658164,NA,NA
"5729",2021,"I-05",6407.51475945685,842.717214681047,NA,NA
"5730",2021,"I-06",6407.97728381291,880.562213536109,NA,NA
"5731",2021,"I-18",6393.7475007767,654.909644622444,NA,NA
"5732",2021,"I-19",6393.90415723694,617.281044820615,52.8322739918215,52.8322739918215
"5733",2021,"I-20",6392.23016484418,580.170525173339,46.4053878251772,46.4053878251772
"5734",2021,"I-22",6391.32011567435,506.481345756929,NA,NA
"5735",2021,"I-23",6392.91721147618,468.493045363103,85.3570473848655,85.3570473848655
"5736",2021,"I-24",6392.75539014719,430.01667359827,NA,NA
"5737",2021,"I-25",6391.73117259906,392.806152290516,NA,NA
"5738",2021,"IH2019",6374.94821102902,597.465181935536,NA,NA
"5739",2021,"IH2120",6372.30144501561,563.011485708297,NA,NA
"5740",2021,"IH2221",6372.1297439853,525.033733923015,NA,NA
"5741",2021,"J-02",6433.74364984177,726.889297062565,99.8757722765426,99.8757722765426
"5742",2021,"J-03",6438.42336564247,764.105060478437,NA,NA
"5743",2021,"J-04",6439.35490887655,800.63061563423,NA,NA
"5744",2021,"J-05",6444.66709903332,839.373712658804,NA,NA
"5745",2021,"J-18",6432.6631702538,651.204585057458,NA,NA
"5746",2021,"J-20",6430.10259511218,576.78099612623,48.3277680498541,48.3277680498541
"5747",2021,"J-21",6427.77392089662,539.687327759893,NA,NA
"5748",2021,"J-23",6429.51306719528,464.951550955753,96.4338551376667,96.4338551376667
"5749",2021,"J-24",6429.00423374645,425.559834180685,NA,NA
"5750",2021,"J-25",6431.72639607568,391.240888981737,NA,NA
"5751",2021,"J-26",6431.55559599357,353.313613926524,NA,NA
"5752",2021,"JI2019",6412.00993423947,598.639005175274,58.8074750349434,58.8074750349434
"5753",2021,"JI2120",6409.97564446751,561.155672216252,46.0872862875102,46.0872862875102
"5754",2021,"JI2221",6410.43119414249,521.986716727613,NA,NA
"5755",2021,"K-01",6469.69798346493,685.124889013993,93.5145629482478,93.5145629482478
"5756",2021,"K-02",6470.16124131616,722.698736983769,NA,NA
"5757",2021,"K-18",6465.91319996901,648.878062042682,61.901722510633,61.901722510633
"5758",2021,"K-19",6467.63881180406,609.804592947632,NA,NA
"5759",2021,"K-20",6467.17332766939,574.405777823733,66.1356635284646,66.1356635284646
"5760",2021,"K-22",6465.52075171718,499.003251119516,NA,NA
"5761",2021,"K-23",6467.47207717892,461.755705903748,78.6231897491478,78.6231897491478
"5762",2021,"K-24",6468.50239451515,424.139609784462,NA,NA
"5763",2021,"K-25",6466.06771760617,386.627336081009,NA,NA
"5764",2021,"L-01",6506.74178626803,681.081809732268,NA,NA
"5765",2021,"L-18",6505.50957168574,645.271949315853,NA,NA
"5766",2021,"L-19",6504.94836249479,606.636443127233,92.8915703175958,92.8915703175958
"5767",2021,"L-20",6503.8020062803,570.384163520548,96.2846011064733,96.2846011064733
"5768",2021,"L-21",6502.59480083324,532.994507313266,94.3994565599095,94.3994565599095
"5769",2021,"L-22",6503.10003221552,495.010478870486,NA,NA
"5770",2021,"L-23",6503.4593632877,458.520582268556,60.8701380816354,60.8701380816354
"5771",2021,"L-24",6504.98491875041,420.723855080455,NA,NA
"5772",2021,"L-25",6502.84997113915,384.770343610351,61.7299591385505,61.7299591385505
"5773",2021,"L-26",6503.97262964409,349.193250448249,NA,NA
"5774",2021,"L-28",6518.99905499078,271.681228414872,NA,NA
"5775",2021,"M-01",6542.66331886323,678.064261742588,NA,NA
"5776",2021,"M-18",6541.49887778156,641.600137009134,NA,NA
"5777",2021,"M-19",6542.80452791947,604.548922809191,81.3367565585425,81.3367565585425
"5778",2021,"M-20",6540.23710941161,566.895914247502,97.9787578263621,97.9787578263621
"5779",2021,"M-21",6538.98182524303,530.029355656854,95.7409886619324,95.7409886619324
"5780",2021,"M-22",6538.47320758335,492.191595211063,NA,NA
"5781",2021,"M-23",6540.49741870574,455.076233705352,56.2786320129966,56.2786320129966
"5782",2021,"M-24",6542.160980007,417.153360400823,55.3744311237614,55.3744311237614
"5783",2021,"M-25",6540.66109056782,380.4809278412,54.18483292301,54.18483292301
"5784",2021,"M-27",6545.0527523803,305.723894967968,66.0223876197256,66.0223876197256
"5785",2021,"M-28",6547.99935610022,270.20896975677,NA,NA
"5786",2021,"M-29",6548.52588479752,228.208075968082,NA,NA
"5787",2021,"M-30",6553.50582022052,192.981604503236,80.2145982367022,80.2145982367022
"5788",2021,"M-31",6555.30265056263,159.148648444491,NA,NA
"5789",2021,"M-32",6558.22550917969,123.330331577131,NA,NA
"5790",2021,"N-19",6579.13658799223,599.969052503404,NA,NA
"5791",2021,"N-20",6576.86275986928,563.397695526188,93.5835645042028,93.5835645042028
"5792",2021,"N-21",6575.78077166368,526.781062051209,NA,NA
"5793",2021,"N-22",6577.18070773501,489.091317185228,NA,NA
"5794",2021,"N-23",6580.12289259672,453.336752736898,NA,NA
"5795",2021,"N-24",6578.28403073295,413.706201090397,NA,NA
"5796",2021,"N-25",6578.33578220386,377.568339810823,NA,NA
"5797",2021,"N-30",6589.55920525897,193.752901961274,NA,NA
"5798",2021,"O-20",6615.56865023539,560.923287307073,93.3887232782522,93.3887232782522
"5799",2021,"O-21",6613.54551945933,523.456773853058,95.0054783847547,95.0054783847547
"5800",2021,"O-22",6613.72590596799,485.853895631543,89.1041569208505,89.1041569208505
"5801",2021,"O-23",6615.73362623645,449.616066198856,69.1679179060794,69.1679179060794
"5802",2021,"O-24",6615.51104901362,412.064693177925,66.5662694560906,66.5662694560906
"5803",2021,"O-25",6618.54499378222,376.01791185864,NA,NA
"5804",2021,"O-26",6618.10357332757,339.982000136911,NA,NA
"5805",2021,"O-27",6618.94357635216,305.28694896384,57.8545516898489,57.8545516898489
"5806",2021,"O-28",6622.97388173084,268.065766984008,NA,NA
"5807",2021,"O-30",6628.91882100436,187.233539366038,61.9764622079071,61.9764622079071
"5808",2021,"O-31",6629.97581337783,154.323885268348,68.3317614348115,68.3317614348115
"5809",2021,"ON2524",6597.5184978791,393.207681057561,NA,NA
"5810",2021,"ON2625",6599.76169934858,358.072102025498,57.0994659250537,57.0994659250537
"5811",2021,"P-20",6652.77796135868,557.346190270901,NA,NA
"5812",2021,"P-21",6650.53698363808,520.582904762705,98.4255923618997,98.4255923618997
"5813",2021,"P-22",6649.87490878106,483.518239155341,NA,NA
"5814",2021,"P-23",6648.85211648836,447.254660412565,86.2012177875405,86.2012177875405
"5815",2021,"P-24",6651.32030730868,411.303093226006,86.357062419846,86.357062419846
"5816",2021,"P-25",6654.42829717137,371.165725273579,66.1546551935375,66.1546551935375
"5817",2021,"P-26",6655.22208278257,333.978263427238,64.1483899583946,64.1483899583946
"5818",2021,"P-27",6654.80407693889,300.017799526163,67.603806377264,67.603806377264
"5819",2021,"P-28",6660.36215487294,262.204122847569,NA,NA
"5820",2021,"P-29",6660.21039663028,225.660616192473,58.965817883272,58.965817883272
"5821",2021,"P-30",6663.56291635993,182.144596685694,67.7676587847745,67.7676587847745
"5822",2021,"P-31",6668.77182436789,153.566470291813,62.9370892673107,62.9370892673107
"5823",2021,"P-32",6671.95017972888,116.080371832118,69.1656642849529,69.1656642849529
"5824",2021,"PO2423",6633.13710718599,429.156625143652,83.4812156924798,83.4812156924798
"5825",2021,"PO2524",6634.57635882982,393.200353537989,66.5211142570868,66.5211142570868
"5826",2021,"PO2625",6635.13595853807,355.232768761786,56.7799173709699,56.7799173709699
"5827",2021,"PO2726",6639.29449214959,319.24648084894,NA,NA
"5828",2021,"Q-21",6686.92707361353,519.08147968931,NA,NA
"5829",2021,"Q-22",6688.67375179192,481.615099206894,83.620876261566,83.6208762615661
"5830",2021,"Q-23",6690.49273588243,441.108711360177,64.8324019009765,64.8324019009765
"5831",2021,"Q-26",6693.28770548956,330.543501002726,75.571901106882,75.571901106882
"5832",2021,"Q-27",6692.52310793967,295.419773670925,53.5925477195584,53.5925477195584
"5833",2021,"Q-28",6697.17732809772,257.871412756873,NA,NA
"5834",2021,"Q-29",6698.1356940913,222.585753926253,NA,NA
"5835",2021,"Q-30",6702.63088111402,184.388337973734,52.2948110614095,52.2948110614095
"5836",2021,"Q-31",6704.52038983756,148.009675751407,57.2111088442846,57.2111088442846
"5837",2021,"QP2423",6671.15138659648,425.553505315173,69.3391030261004,69.3391030261004
"5838",2021,"QP2524",6672.90313860103,387.783950561471,NA,NA
"5839",2021,"QP2625",6667.85921853913,346.029256347616,59.63588520986,59.63588520986
"5840",2021,"QP2726",6675.79583227337,314.335771922783,NA,NA
"5841",2021,"R-22",6724.39133267041,477.010494145599,73.1770873325258,73.1770873325258
"5842",2021,"R-23",6727.71068653924,439.105075801407,68.9712806211105,68.9712806211105
"5843",2021,"R-24",6728.21785574825,402.327232774079,69.2425110966389,69.2425110966389
"5844",2021,"R-25",6727.31081095234,365.036282800284,63.3068145865223,63.3068145865223
"5845",2021,"R-26",6730.09712893779,329.152348107116,77.3788011137888,77.3788011137888
"5846",2021,"R-27",6730.59156194532,290.94960305231,55.6805802103044,55.6805802103044
"5847",2021,"R-28",6735.54516181476,256.566129156401,57.7947175878156,57.7947175878156
"5848",2021,"R-29",6736.79562444575,215.966727139911,NA,NA
"5849",2021,"R-30",6738.51153071242,183.506301877088,54.4662899526281,54.4662899526281
"5850",2021,"R-31",6743.05134866238,144.621317859094,100.724046677437,100.724046677437
"5851",2021,"R-32",6747.06405258461,111.450439127882,91.8143656610072,91.8143656610072
"5852",2021,"S-22",6760.14484622437,473.100864078042,84.4862979003364,84.4862979003364
"5853",2021,"S-23",6763.4539743211,438.388760940864,68.2247082946792,68.2247082946792
"5854",2021,"S-26",6768.37605593016,327.565625712364,90.861190393874,90.861190393874
"5855",2021,"S-27",6766.89778374135,290.282049319421,76.672975684716,76.672975684716
"5856",2021,"S-28",6772.44399233645,254.140593424205,66.6745231814986,66.6745231814986
"5857",2021,"S-29",6771.66786204139,215.034375370513,61.0752662847578,61.0752662847578
"5858",2021,"S-30",6778.57111681426,176.735560245708,70.505946711038,70.505946711038
"5859",2021,"S-31",6780.62791994583,141.330591352092,95.7492645631622,95.7492645631622
"5860",2021,"T-25",6801.40612233274,361.797311535247,73.7040554838703,73.7040554838703
"5861",2021,"T-26",6803.86742897494,322.378905202037,NA,NA
"5862",2021,"T-27",6804.80946501663,285.428853875547,92.827075364942,92.827075364942
"5863",2021,"T-28",6809.91650903085,247.193653278967,88.5109372286573,88.5109372286573
"5864",2021,"T-29",6811.64917895606,216.005455281114,79.4591163193487,79.4591163193487
"5865",2021,"T-30",6813.99336871275,180.831871076834,96.0099353969036,96.0099353969036
"5866",2021,"U-25",6840.37223143593,358.94038400381,53.0766907328818,53.0766907328818
"5867",2021,"U-26",6842.02752425274,315.80686290022,60.8796703979409,60.8796703979409
"5868",2021,"U-27",6842.62877861406,283.674803485307,93.6120543363768,93.6120543363768
"5869",2021,"U-28",6847.44660226665,244.568845942191,97.2715644693352,97.2715644693352
"5870",2021,"U-29",6848.24651316129,211.731348347535,97.4430574261869,97.4430574261869
"5871",2021,"V-25",6875.37131105239,355.879833204558,50.6386977463662,50.6386977463662
"5872",2021,"V-26",6880.89291447974,317.042796351801,69.0532337098024,69.0532337098024
"5873",2021,"V-27",6880.63421044325,278.619204081311,96.4803114165569,96.4803114165569
"5874",2021,"V-28",6883.29111709265,247.223566268744,99.4908791144105,99.4908791144105
"5875",2022,"E-21",6242.81305824654,558.201935190098,NA,NA
"5876",2022,"F-02",6286.27856795693,740.707618946321,NA,NA
"5877",2022,"F-21",6279.24529667337,555.111891510793,NA,NA
"5878",2022,"F-22",6280.30263275044,516.437681654709,NA,NA
"5879",2022,"G-02",6325.67145588429,737.850936903995,NA,NA
"5880",2022,"G-19",6321.81480076714,625.521360979378,NA,NA
"5881",2022,"G-20",6317.85014681343,588.048352933265,NA,NA
"5882",2022,"G-22",6317.38541963653,513.439918706447,NA,NA
"5883",2022,"GF2019",6301.2426753538,602.748736671434,NA,NA
"5884",2022,"GF2120",6299.40155272447,570.432052386585,NA,NA
"5885",2022,"GF2221",6298.57005278377,531.991167835257,NA,NA
"5886",2022,"H-02",6362.6727048381,734.064826821092,NA,NA
"5887",2022,"HG1918",6339.10415794212,643.533970023689,NA,NA
"5888",2022,"HG2019",6336.80916355336,600.382741697138,NA,NA
"5889",2022,"I-01",6395.07295177453,692.745718794278,NA,NA
"5890",2022,"I-03",6402.37599926286,767.880013711895,NA,NA
"5891",2022,"I-05",6404.2739837416,842.863408425875,NA,NA
"5892",2022,"I-18",6393.30380871125,654.832856260818,NA,NA
"5893",2022,"I-19",6393.59431108723,616.928920536309,66.090652837832,66.090652837832
"5894",2022,"I-20",6392.19482769969,580.381885140338,NA,NA
"5895",2022,"I-21",6392.7567972289,541.919775776862,NA,NA
"5896",2022,"I-26",6393.18741889371,357.850083705128,NA,NA
"5897",2022,"IH2019",6374.86476744292,598.0018958924,63.9644728304648,63.9644728304648
"5898",2022,"IH2120",6372.03194604168,564.078805380914,NA,NA
"5899",2022,"J-02",6434.88054418585,725.61868231455,NA,NA
"5900",2022,"J-18",6431.77997411935,651.571756446459,57.6674935394808,57.6674935394808
"5901",2022,"J-19",6430.26023334503,613.471808185256,75.0453266600915,75.0453266600915
"5902",2022,"J-20",6429.50368729489,577.138980618211,NA,NA
"5903",2022,"J-21",6429.92774088719,539.173345858735,NA,NA
"5904",2022,"J-22",6428.11551087232,501.847142384639,NA,NA
"5905",2022,"J-25",6430.9407800118,390.437788143596,NA,NA
"5906",2022,"JI1918",6411.6798183325,634.669319409184,57.0780856641345,57.0780856641345
"5907",2022,"JI2019",6413.25670953553,596.758410485825,71.7601058765741,71.7601058765741
"5908",2022,"JI2120",6410.08918784706,560.749721447589,71.544633272331,71.544633272331
"5909",2022,"K-02",6471.90326644657,723.174800450973,NA,NA
"5910",2022,"K-18",6467.5637359721,648.316186133965,NA,NA
"5911",2022,"K-19",6467.99303385984,610.361785472633,60.2928144292057,60.2928144292057
"5912",2022,"K-20",6466.73590899496,574.3305748582,62.5625939476478,62.5625939476478
"5913",2022,"K-21",6466.42253814582,535.987186318106,76.6797269189985,76.6797269189985
"5914",2022,"K-22",6466.35913064442,499.017515313089,NA,NA
"5915",2022,"K-23",6464.88064149521,461.913028863012,71.24258375022,71.24258375022
"5916",2022,"K-24",6466.57430637003,423.064253454821,NA,NA
"5917",2022,"K-25",6467.8596864185,388.047142389982,NA,NA
"5918",2022,"L-01",6505.60076769935,681.54236098078,NA,NA
"5919",2022,"L-02",6509.27869926171,719.684086306973,NA,NA
"5920",2022,"L-20",6504.67685425937,570.968378288395,76.3693880555278,76.3693880555278
"5921",2022,"L-21",6502.83478899631,532.866294169337,95.3758607996247,95.3758607996247
"5922",2022,"L-22",6502.71523841382,495.086848683588,69.007500331703,69.007500331703
"5923",2022,"L-23",6502.44217676955,458.413711333241,NA,NA
"5924",2022,"L-24",6505.34432970668,420.522095195953,NA,NA
"5925",2022,"M-18",6541.17878345591,641.624312008705,NA,NA
"5926",2022,"M-19",6540.22178543693,605.026679481505,NA,NA
"5927",2022,"M-21",6541.31858737044,529.667899486654,94.3646088960199,94.3646088960199
"5928",2022,"M-22",6539.24661164493,492.155527597745,65.3391365850996,65.3391365850996
"5929",2022,"M-23",6539.28616874979,455.23649391419,87.9809605569068,87.9809605569068
"5930",2022,"M-24",6540.94412011479,418.08627007046,NA,NA
"5931",2022,"M-25",6541.40783680712,380.009976090254,NA,NA
"5932",2022,"M-27",6544.64996034065,307.618079375918,68.640151754888,68.640151754888
"5933",2022,"M-29",6549.83640971913,229.716810332653,NA,NA
"5934",2022,"M-30",6551.51421313002,195.042274219033,NA,NA
"5935",2022,"N-19",6579.91018084323,600.929623075618,63.9230999143351,63.9230999143351
"5936",2022,"N-20",6577.02114737091,563.378255873414,79.5267277010126,79.5267277010126
"5937",2022,"N-21",6576.60478838092,526.297216351817,94.909004890314,94.909004890314
"5938",2022,"N-22",6575.88124866742,490.077344522619,92.972295879688,92.972295879688
"5939",2022,"N-23",6577.51613578372,452.102304007486,96.4549144239858,96.4549144239858
"5940",2022,"N-24",6578.24118416423,414.539873837896,78.375619123072,78.375619123072
"5941",2022,"N-25",6578.16953728301,378.093177841382,67.9351081807205,67.9351081807205
"5942",2022,"N-26",6581.98193239909,341.465498141301,NA,NA
"5943",2022,"N-27",6584.70139257408,305.607856713629,NA,NA
"5944",2022,"N-29",6587.2568916748,229.676133147551,NA,NA
"5945",2022,"N-30",6589.72296692827,194.631071440847,NA,NA
"5946",2022,"O-19",6615.40989846068,597.789710537857,NA,NA
"5947",2022,"O-20",6615.82721211659,560.452644076219,75.3671206941883,75.3671206941883
"5948",2022,"O-21",6614.34798096507,523.380190766857,NA,NA
"5949",2022,"O-22",6614.34115123617,485.716785809369,89.1416816484777,89.1416816484777
"5950",2022,"O-23",6613.9254459454,451.297559189259,NA,NA
"5951",2022,"O-24",6615.81358745594,411.283449194774,99.2043258097386,99.2043258097386
"5952",2022,"O-25",6616.40324480172,373.319500373968,73.1185532325926,73.1185532325926
"5953",2022,"O-26",6618.03594989661,339.479093135285,74.7843661073785,74.7843661073785
"5954",2022,"O-27",6619.93578569379,306.136898416119,NA,NA
"5955",2022,"O-28",6622.54560086336,268.211080304766,NA,NA
"5956",2022,"O-29",6624.11596888037,228.059154391309,72.4123548137921,72.4123548137921
"5957",2022,"O-30",6627.38614870439,187.61790992078,NA,NA
"5958",2022,"O-31",6631.03675771779,154.894315189519,77.9458558863076,77.9458558863076
"5959",2022,"ON2524",6597.77542833916,393.616831804659,72.3417899056977,72.3417899056977
"5960",2022,"ON2625",6599.58997105309,358.295633331505,NA,NA
"5961",2022,"P-19",6652.69113101456,594.111545543302,NA,NA
"5962",2022,"P-20",6651.84850799583,557.098721466185,73.2252547108717,73.2252547108717
"5963",2022,"P-21",6651.37169016968,520.779617305629,NA,NA
"5964",2022,"P-22",6649.25292397125,483.268217322295,89.2445933493563,89.2445933493563
"5965",2022,"P-23",6650.56600833132,447.46998485097,92.1201229954594,92.1201229954594
"5966",2022,"P-24",6651.55513114134,410.368279320684,94.1267153386826,94.1267153386826
"5967",2022,"P-25",6654.97436692301,370.183129595931,78.9060086805997,78.9060086805997
"5968",2022,"P-26",6656.66401564113,335.582138746749,74.730053944656,74.730053944656
"5969",2022,"P-27",6654.92035463477,299.849089053384,72.7921586796522,72.7921586796522
"5970",2022,"P-28",6658.95132912886,263.631546562283,NA,NA
"5971",2022,"P-29",6661.55696917403,226.040630024441,NA,NA
"5972",2022,"P-30",6666.00036710546,181.384654355034,NA,NA
"5973",2022,"P-31",6668.71692199586,152.641902245035,78.7235576355289,78.7235576355289
"5974",2022,"P-32",6672.17502615919,115.198098100944,NA,NA
"5975",2022,"PO2423",6632.56147180189,429.758947947446,98.0501078742416,98.0501078742416
"5976",2022,"PO2524",6634.01232205641,391.630847274879,88.5357532251219,88.5357532251219
"5977",2022,"PO2625",6636.69963839385,354.401474652481,77.5611946179718,77.5611946179718
"5978",2022,"PO2726",6637.00532784856,320.125370280774,71.2733959208321,71.2733959208321
"5979",2022,"Q-19",6687.87567528614,592.700684186956,NA,NA
"5980",2022,"Q-20",6688.55645692145,553.912096510428,NA,NA
"5981",2022,"Q-21",6687.85499931177,518.466353807193,73.1771046346512,73.1771046346512
"5982",2022,"Q-22",6687.6833848389,479.471302327045,91.7082978387894,91.7082978387894
"5983",2022,"Q-23",6690.81289490726,441.080222866023,87.8447686354689,87.8447686354689
"5984",2022,"Q-25",6687.61431478895,369.026791018542,NA,NA
"5985",2022,"Q-26",6693.42868119976,330.187429282595,84.2731560257628,84.2731560257628
"5986",2022,"Q-27",6692.41376706676,295.488635312688,NA,NA
"5987",2022,"Q-28",6697.40717449272,257.607417688453,74.3452325129334,74.3452325129334
"5988",2022,"Q-29",6698.74187557743,222.407564606596,NA,NA
"5989",2022,"Q-30",6703.46049205406,184.919883605951,68.4274381231915,68.4274381231915
"5990",2022,"Q-31",6705.83471832322,148.427362626178,NA,NA
"5991",2022,"QP2423",6671.102333947,426.41007874032,NA,NA
"5992",2022,"QP2524",6672.55135303116,388.081575060456,NA,NA
"5993",2022,"QP2625",6669.72048971047,346.686593090788,78.999474800884,78.999474800884
"5994",2022,"QP2726",6676.5217501541,314.243701208133,NA,NA
"5995",2022,"R-22",6724.55377035463,476.267185304576,67.4979549203123,67.4979549203123
"5996",2022,"R-23",6727.80485757838,439.102848900074,92.6185388622557,92.6185388622557
"5997",2022,"R-25",6728.14674777277,366.322034601083,NA,NA
"5998",2022,"R-26",6731.2127504531,328.249955958149,94.1372682483503,94.1372682483503
"5999",2022,"R-27",6730.51118161445,291.275589252244,79.2790705170452,79.2790705170452
"6000",2022,"R-28",6735.94408522779,256.70446836791,79.7256862521797,79.7256862521797
"6001",2022,"R-29",6737.84610439512,215.357698121056,75.7897364679827,75.7897364679827
"6002",2022,"R-30",6740.51555556705,182.9177322074,72.1427427139312,72.1427427139312
"6003",2022,"R-31",6742.76759918903,145.581945702719,72.650130573188,72.650130573188
"6004",2022,"R-32",6746.05848153853,109.069244252548,NA,NA
"6005",2022,"S-22",6760.05127721308,473.10123703313,NA,NA
"6006",2022,"S-23",6763.88311265584,437.296879847972,87.6454814439101,87.6454814439101
"6007",2022,"S-24",6764.18698517591,401.717382259725,75.2990159419724,75.2990159419724
"6008",2022,"S-25",6765.14781842829,365.704972999406,97.0837155124325,97.0837155124325
"6009",2022,"S-26",6766.9022424331,328.268140167054,91.7805539538445,91.7805539538445
"6010",2022,"S-27",6767.82853405678,290.118125564645,98.9572720748514,98.9572720748514
"6011",2022,"S-28",6773.04401004384,254.486047765511,99.2078525009007,99.2078525009007
"6012",2022,"S-29",6773.29604237457,214.811443506621,94.8216160459954,94.8216160459954
"6013",2022,"S-30",6778.47520635844,177.685254864724,90.6364454048267,90.6364454048267
"6014",2022,"S-31",6781.83035322729,141.795680865751,87.5025412743793,87.5025412743793
"6015",2022,"T-25",6802.69722529835,361.616961826756,NA,NA
"6016",2022,"T-26",6805.90804002036,321.725582973464,NA,NA
"6017",2022,"T-27",6805.15270098985,285.494505111124,95.6908309079375,95.6908309079375
"6018",2022,"T-28",6811.03150036912,250.953658122843,95.5484069525084,95.5484069525084
"6019",2022,"T-29",6811.22896753769,216.062023039884,92.6493327895675,92.6493327895675
"6020",2022,"T-30",6815.64338563899,181.414921745146,97.9092888801948,97.9092888801948
"6021",2022,"U-25",6839.18953140541,359.255627809507,61.5244330263785,61.5244330263785
"6022",2022,"U-26",6842.04534073319,316.11017348337,72.7472669395094,72.7472669395094
"6023",2022,"U-27",6843.445769691,284.314131643233,75.8964293887215,75.8964293887215
"6024",2022,"U-28",6846.73963676765,248.156167139882,89.9284689468393,89.9284689468393
"6025",2022,"U-29",6849.03805240844,210.456546233445,92.5421545671437,92.5421545671437
"6026",2022,"V-25",6876.37100029176,356.265526844099,56.4195140009979,56.4195140009979
"6027",2022,"V-26",6879.02769899104,315.367576984455,59.1537404452697,59.1537404452697
"6028",2022,"V-27",6881.25094601143,281.458735445739,63.6978935507874,63.6978935507874
"6029",2022,"V-28",6883.67217115718,247.285892087568,74.9281861008807,74.9281861008807
"6030",2023,"E-21",6244.24343474342,556.921698924324,NA,NA
"6031",2023,"E-22",6243.24248470602,519.52855886397,NA,NA
"6032",2023,"F-21",6280.7045957038,553.156110452989,70.5247714906416,70.5247714906416
"6033",2023,"F-22",6281.06757279194,516.63905763042,NA,NA
"6034",2023,"F-23",6280.91276157764,477.730011660571,NA,NA
"6035",2023,"F-24",6280.48551712923,439.037225736167,NA,NA
"6036",2023,"G-20",6317.32431422678,586.873663338383,NA,NA
"6037",2023,"G-24",6317.50987139232,437.938042216041,NA,NA
"6038",2023,"G-25",6318.80299853644,399.334215922288,NA,NA
"6039",2023,"GF2019",6299.43601623063,603.791166630092,NA,NA
"6040",2023,"GF2120",6299.94395218219,567.340016095519,NA,NA
"6041",2023,"H-02",6361.64141650429,733.659591005414,NA,NA
"6042",2023,"H-05",6368.52109493203,846.778892028972,NA,NA
"6043",2023,"H-07",6375.08153250961,920.602648592733,NA,NA
"6044",2023,"H-20",6355.74194314863,584.676062401829,70.6518476546935,70.6518476546935
"6045",2023,"H-24",6355.53045031599,433.789361441435,NA,NA
"6046",2023,"H-26",6355.99896835846,360.701919781114,NA,NA
"6047",2023,"HG2019",6338.20950447713,600.858543652949,NA,NA
"6048",2023,"I-01",6396.2837372445,692.16903904041,NA,NA
"6049",2023,"I-02",6396.79239748746,729.537001490513,NA,NA
"6050",2023,"I-03",6400.23689004679,767.651955312066,NA,NA
"6051",2023,"I-04",6402.58751701711,804.873147729468,NA,NA
"6052",2023,"I-05",6407.237189356,842.611060350787,NA,NA
"6053",2023,"I-18",6395.04497511639,655.309262884919,NA,NA
"6054",2023,"I-20",6391.60149401958,580.364131814421,77.2837900014724,77.2837900014724
"6055",2023,"I-21",6391.77011510907,543.53016448794,85.2187389711496,85.2187389711496
"6056",2023,"I-23",6390.83294087602,468.013742462166,98.3503807154091,98.3503807154091
"6057",2023,"I-24",6392.31424429806,430.350640302674,NA,NA
"6058",2023,"I-25",6393.48997429706,391.48786509059,NA,NA
"6059",2023,"IH2019",6373.98922968287,597.298383345099,59.7839993231011,59.7839993231011
"6060",2023,"IH2120",6374.37956989315,562.172994586135,90.2056252772169,90.2056252772169
"6061",2023,"J-01",6433.23022006987,688.616966342725,NA,NA
"6062",2023,"J-02",6435.75747474732,725.034793795806,101.605112128209,101.605112128209
"6063",2023,"J-04",6440.8153646588,798.985481613218,NA,NA
"6064",2023,"J-18",6432.08240069963,651.904882990355,NA,NA
"6065",2023,"J-19",6429.81089085781,613.789795839722,NA,NA
"6066",2023,"J-20",6429.31523506752,576.256317925727,82.7899868306276,82.7899868306276
"6067",2023,"J-21",6429.30623875595,538.865881267892,93.2671044065676,93.2671044065676
"6068",2023,"J-22",6427.48479927017,501.824670006931,NA,NA
"6069",2023,"J-23",6426.8648945181,466.440264979588,NA,NA
"6070",2023,"J-24",6428.54335404344,427.121592110671,97.4857918020895,97.4857918020895
"6071",2023,"J-25",6430.11492669672,390.190377758669,NA,NA
"6072",2023,"J-26",6431.51437877131,354.944084470639,NA,NA
"6073",2023,"JI1918",6412.2938107582,634.438945033262,NA,NA
"6074",2023,"JI2019",6411.4606211913,596.867330214462,NA,NA
"6075",2023,"JI2120",6410.60948634384,561.100295941345,84.1652861747861,84.1652861747861
"6076",2023,"JI2221",6409.2170034463,521.658642273053,NA,NA
"6077",2023,"K-18",6468.5024060394,647.953180644586,NA,NA
"6078",2023,"K-19",6466.39640215727,609.993053144237,NA,NA
"6079",2023,"K-20",6466.55438679778,573.797473013653,NA,NA
"6080",2023,"K-21",6465.5585765472,535.934748949815,92.856842898053,92.856842898053
"6081",2023,"K-22",6465.93818343739,500.537847763747,98.179772410936,98.179772410936
"6082",2023,"K-24",6466.37587589807,424.108320503332,NA,NA
"6083",2023,"K-25",6467.44399308473,387.83758472068,NA,NA
"6084",2023,"L-18",6506.20423221891,645.101440302542,NA,NA
"6085",2023,"L-19",6502.83872433347,607.256020221707,NA,NA
"6086",2023,"L-20",6502.91626026187,570.947118143633,NA,NA
"6087",2023,"L-21",6503.35550946875,533.016479950434,94.2745380922148,94.2745380922148
"6088",2023,"L-22",6502.92870042068,494.902946521563,93.7458592988307,93.7458592988307
"6089",2023,"L-24",6505.07726081573,420.592330160472,NA,NA
"6090",2023,"L-25",6503.98668134956,383.562563895228,NA,NA
"6091",2023,"L-26",6505.45833859832,346.446151820233,NA,NA
"6092",2023,"L-27",6509.69679443947,309.969396119968,NA,NA
"6093",2023,"M-19",6540.25845343287,604.102521909628,NA,NA
"6094",2023,"M-20",6541.15112165638,566.746979899329,76.4917737615986,76.4917737615986
"6095",2023,"M-21",6542.86215709614,529.183736425825,87.7847452607052,87.7847452607052
"6096",2023,"M-22",6538.73344119897,492.935815469765,64.6716355392822,64.6716355392822
"6097",2023,"M-23",6539.85040225541,455.220083235834,NA,NA
"6098",2023,"M-24",6542.11715645832,418.000990486399,NA,NA
"6099",2023,"M-25",6541.21329387459,380.836218614418,NA,NA
"6100",2023,"M-27",6545.47941008803,305.536909983629,NA,NA
"6101",2023,"N-19",6576.96340009714,599.730288492378,NA,NA
"6102",2023,"N-20",6577.13476090991,563.876358150824,NA,NA
"6103",2023,"N-21",6577.00213940341,525.534537684408,90.7137769984678,90.7137769984678
"6104",2023,"N-22",6577.15179382399,489.471304925815,87.2246475765887,87.2246475765887
"6105",2023,"N-23",6577.17280567536,451.601168185952,75.7728538321446,75.7728538321446
"6106",2023,"N-24",6578.57742880214,414.349984159421,90.0363198472253,90.0363198472253
"6107",2023,"N-25",6578.01276504772,377.357141383109,85.1748422526491,85.1748422526491
"6108",2023,"N-26",6582.0278260704,340.532448543888,83.2471360943163,83.2471360943163
"6109",2023,"N-27",6580.72855665509,304.531513682357,76.404234124354,76.404234124354
"6110",2023,"N-29",6587.30898542701,229.299668758594,NA,NA
"6111",2023,"O-19",6616.40993916732,597.64465162161,NA,NA
"6112",2023,"O-20",6614.50811261621,560.258994274513,NA,NA
"6113",2023,"O-21",6614.46852751006,523.334648670398,68.5486870197843,68.5486870197843
"6114",2023,"O-22",6614.66266644637,485.656047265785,74.3290248245385,74.3290248245385
"6115",2023,"O-23",6615.43113205101,449.376800121251,79.8060499635616,79.8060499635616
"6116",2023,"O-24",6615.80886952993,411.694424525631,91.9570866214644,91.9570866214644
"6117",2023,"O-25",6616.51620587692,374.314480112026,88.2699635489404,88.2699635489404
"6118",2023,"O-26",6618.89878605054,338.268518765599,80.34749033715,80.34749033715
"6119",2023,"O-27",6619.34075912081,305.169093669636,NA,NA
"6120",2023,"O-28",6620.42904230269,267.87335805966,NA,NA
"6121",2023,"O-29",6626.61320110677,225.484102476955,71.5644473384205,71.5644473384205
"6122",2023,"O-30",6627.49947973737,188.776947272284,NA,NA
"6123",2023,"O-31",6630.30715168101,155.697515818678,NA,NA
"6124",2023,"ON2524",6597.37498573493,393.121471403721,83.1207271612696,83.1207271612696
"6125",2023,"ON2625",6598.64574445351,358.135950008396,NA,NA
"6126",2023,"P-19",6652.24806162701,593.336528190644,NA,NA
"6127",2023,"P-20",6652.09609220612,557.369900189576,NA,NA
"6128",2023,"P-21",6651.63302685585,520.711492948242,61.4934272949773,61.4934272949773
"6129",2023,"P-22",6650.47924140645,482.992855118427,67.6317660962943,67.6317660962943
"6130",2023,"P-23",6650.67485451495,447.179409934055,NA,NA
"6131",2023,"P-24",6651.62914349964,410.394355545322,81.3300207959109,81.3300207959109
"6132",2023,"P-25",6654.57981922831,372.449590989409,91.6826419857093,91.6826419857093
"6133",2023,"P-26",6656.22477119847,335.891956882374,91.9791866784696,91.9791866784696
"6134",2023,"P-27",6656.53256491276,299.514355026948,79.9410886300683,79.9410886300683
"6135",2023,"P-28",6660.45320860374,262.108526104644,61.7583733333504,61.7583733333504
"6136",2023,"P-29",6662.11850221701,225.93019233179,80.3378371712065,80.3378371712065
"6137",2023,"P-30",6665.71107972272,183.060012853597,71.7385410567535,71.7385410567535
"6138",2023,"P-31",6667.73581033403,154.449713580918,NA,NA
"6139",2023,"P-32",6671.91203596783,114.775268792703,70.9266469351927,70.9266469351927
"6140",2023,"PO2423",6633.34908825072,429.754772913516,78.9117185784042,78.9117185784042
"6141",2023,"PO2524",6633.74668511507,392.124349634513,89.2963611729388,89.2963611729388
"6142",2023,"PO2625",6635.56166802976,355.12198396248,91.9717818206801,91.9717818206801
"6143",2023,"PO2726",6640.20531993763,317.231865399426,NA,NA
"6144",2023,"Q-19",6690.1920256795,592.849944662561,NA,NA
"6145",2023,"Q-20",6688.44109046975,555.901315321572,NA,NA
"6146",2023,"Q-21",6688.00379204991,517.702938540359,71.0793664138235,71.0793664138235
"6147",2023,"Q-22",6687.71147779016,481.070092741035,60.7023844148392,60.7023844148392
"6148",2023,"Q-23",6690.20122238534,441.294733462657,66.7273694773551,66.7273694773551
"6149",2023,"Q-25",6687.94166683249,368.990443786086,NA,NA
"6150",2023,"Q-26",6693.53941061535,330.097244420317,93.5145484111381,93.5145484111381
"6151",2023,"Q-27",6696.30637388783,295.52257935418,69.6057785356229,69.6057785356229
"6152",2023,"Q-28",6696.37813872344,257.067971503286,88.2754934951655,88.2754934951655
"6153",2023,"Q-29",6699.29138341781,222.641644507855,NA,NA
"6154",2023,"Q-30",6702.52148042465,184.005930459596,NA,NA
"6155",2023,"Q-31",6706.69708399558,147.850675594445,NA,NA
"6156",2023,"QP2423",6670.57681823994,425.677841860698,NA,NA
"6157",2023,"QP2524",6672.691687607,387.974831305404,NA,NA
"6158",2023,"QP2625",6669.88517589946,346.401519056142,89.1894715067637,89.1894715067637
"6159",2023,"QP2726",6675.15254066523,313.877348125363,93.5444886384549,93.5444886384549
"6160",2023,"R-22",6724.2052372713,476.422351825733,64.7245744653639,64.7245744653639
"6161",2023,"R-23",6725.49710178042,439.372321849915,63.4656066010358,63.4656066010358
"6162",2023,"R-24",6727.63743844231,403.724051056631,NA,NA
"6163",2023,"R-25",6728.62745957204,364.561791440038,NA,NA
"6164",2023,"R-26",6730.18508156156,328.734869245794,83.8167712390372,83.8167712390372
"6165",2023,"R-27",6730.78714594188,290.878546335874,71.7329596109479,71.7329596109479
"6166",2023,"R-28",6734.04856968386,257.028981742897,90.9343623044486,90.9343623044486
"6167",2023,"R-29",6737.62056487325,215.704630287681,98.3863597260785,98.3863597260785
"6168",2023,"R-30",6739.7297954529,182.285246686312,91.8770845298756,91.8770845298756
"6169",2023,"R-31",6744.11736327507,145.247867655572,93.6027467854909,93.6027467854909
"6170",2023,"S-22",6761.34038694425,472.764159221329,67.5921821529134,67.5921821529134
"6171",2023,"S-23",6763.47286457981,438.263590754789,NA,NA
"6172",2023,"S-24",6764.38986729992,401.554731983471,NA,NA
"6173",2023,"S-25",6766.88532194202,364.784390831766,NA,NA
"6174",2023,"S-26",6767.10794325515,328.535142966853,70.7690812238018,70.7690812238018
"6175",2023,"S-27",6769.39320881162,291.390956501756,NA,NA
"6176",2023,"S-28",6772.16405328993,255.122432873619,95.5938960439909,95.5938960439909
"6177",2023,"S-29",6774.93899416853,215.050017853915,96.7835772058361,96.7835772058361
"6178",2023,"S-30",6777.71953679325,178.903771923338,95.3917475549907,95.3917475549907
"6179",2023,"S-31",6782.2159749434,142.458939417193,85.5455944794551,85.5455944794551
"6180",2023,"T-25",6801.55650361454,361.758781783317,89.5792397753248,89.5792397753248
"6181",2023,"T-26",6804.52015456642,321.155552395791,NA,NA
"6182",2023,"T-27",6806.99585020932,285.800933991089,NA,NA
"6183",2023,"T-28",6808.95103913987,251.533748556601,NA,NA
"6184",2023,"T-29",6811.9174750929,214.85814138944,94.5031233770812,94.5031233770812
"6185",2023,"T-30",6815.33585884709,178.773939546255,76.6123859350896,76.6123859350896
"6186",2023,"U-25",6838.29528433449,358.667300415507,NA,NA
"6187",2023,"U-26",6840.85511216698,317.294589548595,NA,NA
"6188",2023,"U-27",6845.00437492412,282.715875006066,NA,NA
"6189",2023,"U-28",6846.80406036036,246.360982526855,89.9914149534511,89.9914149534511
"6190",2023,"U-29",6849.11720316125,210.971472202392,83.454423286434,83.454423286434
"6191",2023,"V-25",6875.08230421952,356.819909835303,NA,NA
"6192",2023,"V-26",6878.90691158754,316.246086057967,NA,NA
"6193",2023,"V-27",6882.31150564648,280.068599759745,NA,NA
"6194",2023,"V-28",6884.31153144199,246.718701928512,NA,NA
"6195",2024,"B-03",6142.44729961036,794.988645483798,NA,NA
"6196",2024,"E-03",6252.14929613727,783.52133408452,NA,NA
"6197",2024,"F-03",6289.0739088802,779.531977994516,80.4759925552612,80.4759925552612
"6198",2024,"F-19",6283.19915241581,627.746006536942,NA,NA
"6199",2024,"G-02",6324.26592257183,741.175740988162,NA,NA
"6200",2024,"G-19",6319.87311582155,625.625443656388,85.7780999064801,85.7780999064801
"6201",2024,"G-20",6318.03718658561,588.622323042364,NA,NA
"6202",2024,"H-01",6358.20262442269,695.890441905567,NA,NA
"6203",2024,"H-06",6373.24579336704,883.630845941863,NA,NA
"6204",2024,"H-18",6357.07341248035,658.189415162777,94.004061268545,94.004061268545
"6205",2024,"H-19",6357.81887170879,621.497383821042,94.6762130028186,94.6762130028186
"6206",2024,"H-20",6356.28249621544,582.821025194842,92.7897758477781,92.7897758477781
"6207",2024,"H-22",6356.55143054904,509.450561313791,79.3618634289669,79.3618634289669
"6208",2024,"I-01",6394.43682865113,694.839367373295,101.731885117359,101.731885117359
"6209",2024,"I-02",6399.31278171135,729.847470999345,NA,NA
"6210",2024,"I-03",6399.83394461637,768.335845295981,111.774397939109,111.774397939109
"6211",2024,"I-04",6404.2030638665,806.367819868825,109.318543995931,109.318543995931
"6212",2024,"I-06",6408.60496365749,879.889862990579,NA,NA
"6213",2024,"I-18",6394.13635911261,654.83502037659,95.8552884912464,95.8552884912464
"6214",2024,"I-19",6393.61048350341,618.365153887511,96.7877477483284,96.7877477483284
"6215",2024,"I-20",6392.08882133725,580.762354748676,84.7066511733462,84.7066511733462
"6216",2024,"I-21",6391.71039364429,544.183235997723,86.0295239591675,86.0295239591675
"6217",2024,"I-22",6392.23971681595,507.766187457001,85.4238434831189,85.4238434831189
"6218",2024,"I-23",6389.89496834313,468.2259767953,NA,NA
"6219",2024,"J-01",6432.7522581568,688.566448400303,108.519838056421,108.519838056421
"6220",2024,"J-02",6434.27509022038,728.185225237161,NA,NA
"6221",2024,"J-03",6437.32491154362,762.870260664059,114.760728867137,114.760728867137
"6222",2024,"J-04",6440.99023030556,801.879159170934,108.516222901168,108.516222901168
"6223",2024,"J-18",6431.03056713805,652.246734735126,NA,NA
"6224",2024,"J-19",6430.8687067853,614.611190036204,99.7334516977057,99.7334516977057
"6225",2024,"J-20",6429.48065574987,577.186133709534,69.7639757120141,69.7639757120141
"6226",2024,"J-21",6428.96968218923,539.795445836987,69.9496601932262,69.9496601932262
"6227",2024,"J-22",6429.104605887,501.617659355608,88.219400780913,88.219400780913
"6228",2024,"K-01",6469.09653577192,684.926133550746,NA,NA
"6229",2024,"K-02",6471.11058185415,722.98024044744,NA,NA
"6230",2024,"K-18",6468.69277672944,651.205413444244,NA,NA
"6231",2024,"K-19",6466.79155905814,611.212613495393,99.4285048632555,99.4285048632555
"6232",2024,"K-20",6466.46011622287,575.43580741281,76.8689061960341,76.8689061960341
"6233",2024,"K-21",6465.6704078832,535.926994432838,88.0134225224121,88.0134225224121
"6234",2024,"K-22",6465.44658553445,500.038359740417,88.2431504993916,88.2431504993916
"6235",2024,"K-23",6465.76253863309,461.736770090988,92.2601006787931,92.2601006787931
"6236",2024,"K-24",6464.80162407479,423.535667453638,51.4990490444749,51.4990490444749
"6237",2024,"L-18",6506.01646369271,645.057359645099,NA,NA
"6238",2024,"L-19",6504.22096073138,606.292485448476,102.366698948221,102.366698948221
"6239",2024,"L-20",6503.94649167309,568.115548410689,88.6890130785294,88.6890130785294
"6240",2024,"L-21",6503.32467497329,531.787603343762,92.9549516514244,92.9549516514244
"6241",2024,"L-22",6502.46751256326,495.535271800918,65.181301228178,65.181301228178
"6242",2024,"L-23",6502.14074286966,458.278480400152,88.0106975393296,88.0106975393296
"6243",2024,"L-25",6504.88262189857,383.556590626026,NA,NA
"6244",2024,"L-29",6510.60933103191,235.683385154748,NA,NA
"6245",2024,"M-18",6541.33372448954,643.187343000349,NA,NA
"6246",2024,"M-19",6542.82170722663,604.872249414226,NA,NA
"6247",2024,"M-20",6540.67717050088,567.571492251978,88.6280074920629,88.6280074920629
"6248",2024,"M-21",6540.13015507511,529.919832500178,93.7354472306044,93.7354472306044
"6249",2024,"M-22",6539.07205071667,493.508236505782,89.2650844967331,89.2650844967331
"6250",2024,"M-23",6539.78549271609,455.152091749083,95.6417675419104,95.6417675419104
"6251",2024,"M-24",6541.81188064948,417.900525687725,77.9465069312635,77.9465069312635
"6252",2024,"M-25",6541.94424889338,380.90748600709,NA,NA
"6253",2024,"N-19",6580.10038298633,599.804211554085,NA,NA
"6254",2024,"N-20",6578.19438815395,563.703162909181,NA,NA
"6255",2024,"N-21",6576.79512594289,526.123474160373,67.0737876105907,67.0737876105907
"6256",2024,"N-22",6576.57617159564,490.270080805553,88.1354010683807,88.1354010683807
"6257",2024,"N-23",6576.78338533817,452.674402983564,75.0536469390636,75.0536469390636
"6258",2024,"N-24",6578.29794836286,414.863566483132,93.3293252302847,93.3293252302847
"6259",2024,"N-25",6578.58097160965,378.432419376146,76.767408116981,76.767408116981
"6260",2024,"N-26",6580.27184406459,340.559289324906,NA,NA
"6261",2024,"N-27",6582.49913124108,303.72012706931,NA,NA
"6262",2024,"N-30",6591.28267812697,193.809862291843,NA,NA
"6263",2024,"N-31",6593.07778010877,157.452660395976,NA,NA
"6264",2024,"O-19",6616.97653864008,597.069807316421,NA,NA
"6265",2024,"O-20",6615.83189879998,561.049406011983,NA,NA
"6266",2024,"O-21",6614.15980443588,523.738578005661,NA,NA
"6267",2024,"O-22",6614.97345279413,485.20604790904,70.3397481059477,70.3397481059477
"6268",2024,"O-23",6614.58659115064,449.730200697937,60.9964851151631,60.9964851151631
"6269",2024,"O-24",6614.98934469772,413.03173604746,96.0626157788744,96.0626157788744
"6270",2024,"O-25",6616.35232924255,372.718706461593,92.6189082372076,92.6189082372076
"6271",2024,"O-26",6619.08092655259,336.632905581053,69.5875531368035,69.5875531368035
"6272",2024,"O-27",6619.23692331885,306.587128003846,NA,NA
"6273",2024,"O-28",6621.84370602833,267.22737285471,58.1014946113767,58.1014946113767
"6274",2024,"O-30",6628.717635807,188.258324992544,NA,NA
"6275",2024,"O-31",6629.50957078433,154.278889929652,NA,NA
"6276",2024,"P-19",6653.01934196827,593.43585855004,NA,NA
"6277",2024,"P-20",6652.20308753811,557.302414329482,NA,NA
"6278",2024,"P-21",6651.24847384003,521.338412639421,NA,NA
"6279",2024,"P-22",6650.62899265138,484.653877933787,71.0494308099663,71.0494308099663
"6280",2024,"P-23",6649.2652623575,448.085906029281,69.7649974560978,69.7649974560978
"6281",2024,"P-24",6651.46496257332,411.032799257257,90.1148016662361,90.1148016662361
"6282",2024,"P-25",6654.50272140621,372.55184386404,NA,NA
"6283",2024,"P-26",6655.00686578538,334.027497039359,85.1085062028478,85.1085062028478
"6284",2024,"P-27",6657.6139141981,299.687462866338,87.5718105055408,87.5718105055408
"6285",2024,"P-28",6659.90479081692,262.222101445202,59.5189427364875,59.5189427364875
"6286",2024,"P-29",6659.91686199208,225.392293556893,NA,NA
"6287",2024,"P-30",6665.78250296323,181.50279663811,69.8682752632813,69.8682752632813
"6288",2024,"P-31",6667.6603868484,154.554827008002,76.4362438705445,76.4362438705445
"6289",2024,"Q-19",6689.95245770117,593.718848016189,NA,NA
"6290",2024,"Q-20",6688.77076671214,555.315265564497,NA,NA
"6291",2024,"Q-21",6689.07364142006,517.835759838052,72.4922269580626,72.4922269580626
"6292",2024,"Q-22",6687.35366075309,480.082557986563,71.1257361688379,71.1257361688379
"6293",2024,"Q-23",6688.60211172607,441.26451786103,73.0736028850962,73.0736028850962
"6294",2024,"Q-25",6686.59201093966,368.78283040871,NA,NA
"6295",2024,"Q-26",6691.93058476196,330.13183259648,90.2014439398506,90.2014439398506
"6296",2024,"Q-27",6694.73445891472,294.443202443602,92.9048807626886,92.9048807626886
"6297",2024,"Q-28",6697.00406499215,256.961988134054,90.07301033319,90.07301033319
"6298",2024,"Q-29",6698.82520212249,221.210987356054,NA,NA
"6299",2024,"Q-30",6702.73678774715,184.824230521759,47.4192259084512,47.4192259084512
"6300",2024,"Q-31",6704.83800499676,148.34533612206,NA,NA
"6301",2024,"R-22",6726.92725792002,477.488111409944,NA,NA
"6302",2024,"R-23",6725.78083208624,440.390920535398,NA,NA
"6303",2024,"R-24",6727.29482251599,403.868217321114,77.0462800642332,77.0462800642332
"6304",2024,"R-25",6728.20090022105,364.935176462806,NA,NA
"6305",2024,"R-26",6730.21697135414,328.884700272067,66.6616768390831,66.6616768390831
"6306",2024,"R-27",6730.94265536144,290.652580439343,NA,NA
"6307",2024,"R-28",6733.01515086289,253.967439127516,93.9250887548701,93.9250887548701
"6308",2024,"R-29",6737.29055907169,214.532362129146,92.8141503330258,92.8141503330258
"6309",2024,"R-30",6740.09553931015,182.736845949655,62.2338150040226,62.2338150040226
"6310",2024,"R-31",6743.17048134151,143.86963583273,65.7288857682447,65.7288857682447
"6311",2024,"R-32",6745.04561746636,109.842004791158,NA,NA
"6312",2024,"S-22",6761.63433410025,474.813820808432,NA,NA
"6313",2024,"S-23",6763.24395043764,437.059162441479,NA,NA
"6314",2024,"S-24",6764.05039208067,401.840760833454,84.2140371218485,84.2140371218485
"6315",2024,"S-25",6764.77318924538,364.826595902421,NA,NA
"6316",2024,"S-26",6766.66054594663,327.549167277531,63.252018766225,63.252018766225
"6317",2024,"S-27",6770.2771627021,286.930734199572,87.8211515668936,87.8211515668936
"6318",2024,"S-28",6771.48255710876,253.955129678885,92.8237730479662,92.8237730479662
"6319",2024,"S-29",6774.20062272887,213.930929340227,92.8575247799075,92.8575247799075
"6320",2024,"S-30",6778.32624507151,177.667015555394,97.0144291722933,97.0144291722933
"6321",2024,"S-31",6780.65746003747,141.348846051494,91.2414507296268,91.2414507296268
"6322",2024,"T-25",6802.43413431113,361.292309534421,NA,NA
"6323",2024,"T-26",6804.4203417771,321.546884462319,66.1596090754162,66.1596090754162
"6324",2024,"T-27",6806.60129317508,283.969783626376,NA,NA
"6325",2024,"T-28",6810.03618287407,248.605648114217,77.3782771412316,77.3782771412316
"6326",2024,"T-29",6811.45286290827,215.409209474555,76.686515966677,76.686515966677
"6327",2024,"T-30",6814.93405815824,181.089260615462,92.7776050360443,92.7776050360443
"6328",2024,"U-25",6839.61101988564,358.725513816152,NA,NA
"6329",2024,"U-26",6841.77961650357,318.890185938985,77.9071050467207,77.9071050467207
"6330",2024,"U-27",6843.41875392888,284.281911549462,76.731570925686,76.731570925686
"6331",2024,"U-28",6847.07965996311,246.777097972811,83.9672066088093,83.9672066088093
"6332",2024,"U-29",6848.79654099383,211.031986617858,88.637972446469,88.637972446469
"6333",2024,"V-25",6876.42563714117,357.045396978951,NA,NA
"6334",2024,"V-26",6879.12165670346,317.592674903576,78.4867995715913,78.4867995715913
"6335",2024,"V-27",6880.67587818291,280.737790157303,78.3345129713631,78.3345129713631
"6336",2024,"V-28",6882.85284695888,246.325993075228,NA,NA
"6337",2025,"D-01",6211.89065770707,711.176063191075,NA,NA
"6338",2025,"D-03",6217.31845358852,786.903122504571,NA,NA
"6339",2025,"E-18",6242.65227577434,670.68481856559,NA,NA
"6340",2025,"E-21",6244.1080828066,558.067678402163,NA,NA
"6341",2025,"F-19",6281.98073418568,627.987617445606,NA,NA
"6342",2025,"F-20",6281.38159625419,591.079591075091,NA,NA
"6343",2025,"F-23",6280.84787182294,477.792177245122,NA,NA
"6344",2025,"F-24",6281.60681705987,440.968979671826,NA,NA
"6345",2025,"G-01",6322.31738213266,700.746908976973,67.0399408834816,67.0399408834816
"6346",2025,"G-02",6323.83483239325,737.723207703393,90.9829374443341,90.9829374443341
"6347",2025,"G-03",6326.65042319777,775.840541954729,90.7937113382827,90.7937113382827
"6348",2025,"G-05",6331.25062831087,850.820924228542,NA,NA
"6349",2025,"G-18",6320.99365166812,661.526190429722,NA,NA
"6350",2025,"G-19",6319.18092185476,623.943430339608,54.9218441630675,54.9218441630675
"6351",2025,"G-20",6319.01240425899,588.820221553595,NA,NA
"6352",2025,"G-23",6316.30812275563,475.914783986714,NA,NA
"6353",2025,"G-24",6318.33611624498,436.094458164191,NA,NA
"6354",2025,"G-25",6318.33846882409,399.271587209311,NA,NA
"6355",2025,"H-01",6358.42870935544,696.547885835462,92.4227051269227,92.4227051269227
"6356",2025,"H-02",6361.28009642666,733.20354970834,98.0273161933212,98.0273161933212
"6357",2025,"H-03",6362.07401251652,771.595123937772,105.042289774621,105.042289774621
"6358",2025,"H-04",6365.81200663406,810.499881108307,111.149719065925,111.149719065925
"6359",2025,"H-05",6368.86735751308,846.890473047263,113.073940373498,113.073940373498
"6360",2025,"H-06",6371.84355371583,883.734035036535,NA,NA
"6361",2025,"H-18",6358.13717845472,658.335721255538,96.6961487916568,96.6961487916568
"6362",2025,"H-19",6356.34824438927,621.713318951897,64.1464305020943,64.1464305020943
"6363",2025,"H-20",6356.8697365149,585.468758606905,NA,NA
"6364",2025,"H-22",6354.51464052244,508.883025238231,NA,NA
"6365",2025,"H-23",6354.18256124669,472.0137742128,NA,NA
"6366",2025,"I-01",6396.08731090125,692.773827669052,94.5662548919642,94.5662548919642
"6367",2025,"I-02",6398.70803864838,730.571827762285,103.962710004484,103.962710004484
"6368",2025,"I-03",6398.71139923972,768.105142780544,111.736047843936,111.736047843936
"6369",2025,"I-04",6403.48082635055,805.002056787397,112.269314982235,112.269314982235
"6370",2025,"I-05",6406.27538017524,842.682086985424,108.725622029598,108.725622029598
"6371",2025,"I-06",6410.49927030373,880.15131655574,NA,NA
"6372",2025,"I-18",6393.88969500582,654.839689440484,88.0978754244648,88.0978754244648
"6373",2025,"I-19",6393.95788967365,616.770690972015,91.8893771824213,91.8893771824213
"6374",2025,"I-20",6392.79741889067,581.002990339988,62.6196684364056,62.6196684364056
"6375",2025,"I-21",6390.77685789629,544.185076868744,60.3562505814394,60.3562505814394
"6376",2025,"I-22",6391.83346012223,506.55896865805,NA,NA
"6377",2025,"I-23",6392.8729452039,468.245479831165,NA,NA
"6378",2025,"I-24",6392.54407101938,430.518974510417,NA,NA
"6379",2025,"J-01",6432.56531261452,689.010480830946,95.1069462340359,95.1069462340358
"6380",2025,"J-02",6435.68067837227,726.17164652186,NA,NA
"6381",2025,"J-03",6437.352954467,764.441376231351,109.631133030986,109.631133030986
"6382",2025,"J-04",6439.99901146683,801.521117235117,NA,NA
"6383",2025,"J-05",6442.64698213761,839.696782889629,NA,NA
"6384",2025,"J-18",6432.16085601272,650.873994379902,93.4856546263269,93.4856546263269
"6385",2025,"J-19",6429.53247362127,613.968096043148,94.0448905102108,94.0448905102108
"6386",2025,"J-20",6429.20834022475,577.184302662801,66.2895879899578,66.2895879899578
"6387",2025,"J-21",6429.39278655019,538.663192611575,67.9196688671066,67.9196688671066
"6388",2025,"J-22",6428.3845624917,502.20643136483,60.4725017373774,60.4725017373774
"6389",2025,"J-23",6430.30125890327,464.333285615814,71.6911595532279,71.6911595532279
"6390",2025,"J-24",6429.53001024863,426.846653689093,NA,NA
"6391",2025,"J-26",6430.87809726386,354.668000741258,NA,NA
"6392",2025,"K-01",6468.30031056148,685.636239265161,NA,NA
"6393",2025,"K-18",6466.90912662645,648.43846306018,88.3059128699153,88.3059128699153
"6394",2025,"K-19",6466.95540496629,610.244360709198,71.0935880208838,71.0935880208838
"6395",2025,"K-20",6466.48195294685,574.534808989528,55.6234814073493,55.6234814073493
"6396",2025,"K-21",6465.3667011336,535.464412396897,78.975326744004,78.975326744004
"6397",2025,"K-22",6465.86637336146,499.436669597489,75.7036964111346,75.7036964111346
"6398",2025,"K-23",6472.68915519889,462.108908931614,86.7290595899284,86.7290595899284
"6399",2025,"K-24",6466.15545436684,423.901682987754,58.6028226394969,58.6028226394969
"6400",2025,"L-19",6505.3928153239,607.181845522467,75.4824130035933,75.4824130035933
"6401",2025,"L-20",6504.04407036505,570.835183656039,59.0573710517696,59.0573710517696
"6402",2025,"L-21",6503.0446251871,532.461353462389,91.6904764844718,91.6904764844718
"6403",2025,"L-22",6502.72256021335,495.476394332475,64.9282732536623,64.9282732536623
"6404",2025,"L-23",6502.93858280186,458.435259976418,73.33985853955,73.33985853955
"6405",2025,"M-19",6542.57141495424,604.722785228137,NA,NA
"6406",2025,"M-20",6541.47963552435,566.904717513711,71.1691988802589,71.1691988802589
"6407",2025,"M-21",6540.01098305859,529.629741273352,73.983283396501,73.983283396501
"6408",2025,"M-22",6538.62362457177,493.010329634271,92.8950690275705,92.8950690275705
"6409",2025,"M-23",6540.72345328493,455.221645285765,92.6333555119723,92.6333555119723
"6410",2025,"M-28",6548.1406684658,269.343446650654,NA,NA
"6411",2025,"N-20",6577.08576879815,564.140991321287,67.9217005790661,67.9217005790661
"6412",2025,"N-21",6576.80949922307,526.02749081374,60.9668009946787,60.9668009946787
"6413",2025,"N-22",6576.26186563198,490.162852141913,91.4369754692884,91.4369754692884
"6414",2025,"N-23",6577.44890999378,452.532774871661,96.9746141549482,96.9746141549482
"6415",2025,"N-24",6578.17182899462,412.744324727114,96.6785848675552,96.6785848675552
"6416",2025,"N-25",6578.5821325942,377.755675931787,NA,NA
"6417",2025,"N-26",6581.1559501087,340.890688331647,NA,NA
"6418",2025,"N-30",6590.69893192825,193.711938688383,NA,NA
"6419",2025,"N-31",6592.33874905399,154.792541782557,NA,NA
"6420",2025,"O-20",6615.99572368689,560.918580318934,68.7687930393498,68.7687930393498
"6421",2025,"O-21",6614.76237233157,523.48716835322,61.6623858398043,61.6623858398043
"6422",2025,"O-22",6614.19643213892,486.297945214642,86.9983042768482,86.9983042768482
"6423",2025,"O-23",6615.31856143352,449.177541786916,84.9629300641348,84.9629300641348
"6424",2025,"O-24",6616.45946210645,411.365262104953,96.1597901789459,96.1597901789459
"6425",2025,"O-25",6615.78869014742,374.092368356812,NA,NA
"6426",2025,"O-26",6617.94111295644,338.239737860397,NA,NA
"6427",2025,"O-28",6621.62085158389,268.485451442919,NA,NA
"6428",2025,"O-29",6625.14520021112,225.157166396043,NA,NA
"6429",2025,"O-30",6627.62472971053,188.670540889376,NA,NA
"6430",2025,"P-20",6652.14596885965,557.604247320446,61.4898283797412,61.4898283797412
"6431",2025,"P-21",6650.2926946986,520.613002136167,69.7549701217797,69.7549701217797
"6432",2025,"P-22",6651.79158372391,483.268007758355,75.0060586587671,75.0060586587671
"6433",2025,"P-23",6650.2562609469,447.165048899903,NA,NA
"6434",2025,"P-24",6652.62152538548,410.177407118203,NA,NA
"6435",2025,"P-25",6653.2990664024,372.75950118524,97.9923866434185,97.9923866434185
"6436",2025,"P-26",6656.33912377384,335.340957883373,98.2067788106346,98.2067788106346
"6437",2025,"P-27",6657.85873265297,299.105730926325,NA,NA
"6438",2025,"P-28",6659.45996261564,262.158410339044,NA,NA
"6439",2025,"P-29",6661.54044670116,225.662341151721,NA,NA
"6440",2025,"P-30",6665.62559337796,181.098803368693,65.4356878513097,65.4356878513097
"6441",2025,"P-31",6667.15147895,152.847328885962,62.6054439375393,62.6054439375393
"6442",2025,"P-32",6671.8495211535,114.809715355651,NA,NA
"6443",2025,"Q-20",6688.98606096752,555.48208319849,68.6177954940308,68.6177954940308
"6444",2025,"Q-21",6687.38576852133,518.508778240245,64.6958101238742,64.6958101238742
"6445",2025,"Q-22",6688.58889258781,480.375887420026,68.0839218525361,68.0839218525361
"6446",2025,"Q-23",6689.05664104142,441.054818405218,70.7249356919317,70.7249356919317
"6447",2025,"Q-25",6686.81850746269,368.74589667028,NA,NA
"6448",2025,"Q-26",6691.9826106205,330.152235884303,90.8501414487473,90.8501414487473
"6449",2025,"Q-27",6693.71547262357,295.125202028277,90.042128231075,90.042128231075
"6450",2025,"Q-28",6696.75848468909,256.034848644486,67.4866844936913,67.4866844936913
"6451",2025,"Q-29",6699.4583943186,218.332291009999,NA,NA
"6452",2025,"Q-30",6702.54350418265,184.376291816281,NA,NA
"6453",2025,"Q-31",6704.75438938093,148.369729427505,NA,NA
"6454",2025,"R-22",6726.60964896996,476.302894222063,NA,NA
"6455",2025,"R-23",6727.86813360348,438.560289976383,NA,NA
"6456",2025,"R-24",6726.95307021362,404.356081078902,NA,NA
"6457",2025,"R-25",6729.11907812782,364.902464351576,NA,NA
"6458",2025,"R-26",6730.34298344057,328.173816356563,71.237343657438,71.237343657438
"6459",2025,"R-27",6730.66754447044,290.967455386081,89.2454519635515,89.2454519635515
"6460",2025,"R-28",6731.21328447792,256.698745932957,86.8581752378821,86.8581752378821
"6461",2025,"R-29",6737.95936776497,216.07882385105,NA,NA
"6462",2025,"R-30",6740.36878266499,185.25665457439,NA,NA
"6463",2025,"R-31",6743.54367173301,144.929350730339,59.9949002454442,59.9949002454442
"6464",2025,"R-32",6747.48670607229,106.900265078742,NA,NA
"6465",2025,"S-22",6762.33204575832,473.833148227395,NA,NA
"6466",2025,"S-23",6762.84204152556,436.141164576469,NA,NA
"6467",2025,"S-24",6763.7172608206,402.200622469322,73.78820582024,73.78820582024
"6468",2025,"S-25",6765.74997062572,363.2991833549,NA,NA
"6469",2025,"S-26",6766.89206692579,328.041215015357,83.0205029163486,83.0205029163486
"6470",2025,"S-27",6767.32243220001,289.851631635243,NA,NA
"6471",2025,"S-28",6770.51613475948,254.041964102179,94.4678826520746,94.4678826520746
"6472",2025,"S-29",6774.55626129792,212.67163517851,72.0134278529477,72.0134278529477
"6473",2025,"S-30",6777.6628888629,176.680019790292,65.8482848619174,65.8482848619174
"6474",2025,"S-31",6780.51537303738,141.064812183907,57.535359672568,57.535359672568
"6475",2025,"T-25",6802.61899172709,359.707406887783,NA,NA
"6476",2025,"T-26",6804.41694998973,321.340580257852,NA,NA
"6477",2025,"T-27",6806.34427696526,285.6195365817,91.8973628855788,91.8973628855788
"6478",2025,"T-28",6809.32044681797,251.251122800227,77.1474730342988,77.1474730342988
"6479",2025,"T-29",6812.57330668009,217.999509864067,73.8127555902488,73.8127555902488
"6480",2025,"T-30",6815.60250582375,181.115587437063,65.60360793534,65.60360793534
"6481",2025,"U-25",6840.75046418962,357.500652164186,71.1449209654826,71.1449209654826
"6482",2025,"U-26",6841.4694849174,317.925873693037,NA,NA
"6483",2025,"U-27",6843.91977742132,284.475495635664,NA,NA
"6484",2025,"U-28",6846.60860832042,246.866437156505,77.3379626286219,77.3379626286219
"6485",2025,"U-29",6845.52404863411,210.239599178623,69.3547114657052,69.3547114657052
"6486",2025,"V-25",6876.82898490568,356.684000299808,NA,NA
"6487",2025,"V-26",6879.15499782476,315.736069386173,NA,NA
"6488",2025,"V-27",6881.61503042708,281.21702013371,NA,NA
"6489",2025,"V-28",6883.79732350529,249.310826034386,NA,NA
