"","YEAR","STATION_ID","LATITUDE","LONGITUDE","temp_occ"
"1",1980,"A-03",55,-166.33667,4
"2",1980,"C-06",55.668915,-164.576,3
"3",1980,"D-04",56.00758,-165.764585,3.5
"4",1980,"D-06",56.02825,-164.5385,2.2
"5",1980,"E-01",56.332835,-167.680165,3.5
"6",1980,"E-03",56.332585,-166.429,6.5
"7",1980,"E-05",56.32658,-165.199085,1.9
"8",1980,"E-06",56.33675,-164.50175,1.4
"9",1980,"E-07",56.342415,-164.01842,1.9
"10",1980,"E-18",56.3345,-168.24458,3.7
"11",1980,"E-19",56.347835,-168.8255,3.6
"12",1980,"F-01",56.665665,-167.64167,3.4
"13",1980,"F-02",56.683585,-167.062915,2.7
"14",1980,"F-03",56.67725,-166.439585,2
"15",1980,"F-04",56.6455,-165.819415,2.2
"16",1980,"F-05",56.675,-165.2125,1.8
"17",1980,"F-18",56.672085,-168.2575,3.5
"18",1980,"F-19",56.67192,-168.872835,3.5
"19",1980,"F-23",56.68058,-171.3585,3.8
"20",1980,"G-01",57,-167.7305,2.7
"21",1980,"G-02",57.025665,-167.07425,6
"22",1980,"G-03",56.998835,-166.474335,2.6
"23",1980,"G-05",57.0115,-165.21833,2
"24",1980,"G-18",56.993835,-168.364835,3.1
"25",1980,"G-19",56.99667,-168.978165,3.3
"26",1980,"G-20",56.994085,-169.558835,4.5
"27",1980,"G-21",56.996085,-170.190665,4.5
"28",1980,"G-22",56.998415,-170.767915,4
"29",1980,"G-23",57.006335,-171.399165,5
"30",1980,"H-02",57.352915,-167.11867,3.6
"31",1980,"H-04",57.31325,-165.86992,0.4
"32",1980,"H-05",57.339665,-165.248665,1
"33",1980,"H-06",57.304835,-164.569085,2.3
"34",1980,"H-07",57.339585,-164.007665,1.5
"35",1980,"H-08",57.346585,-163.370335,2.4
"36",1980,"H-09",57.3225,-162.77625,2
"37",1980,"H-18",57.335165,-168.338835,3.4
"38",1980,"H-19",57.33583,-168.941165,3.4
"39",1980,"H-20",57.3415,-169.616835,2.9
"40",1980,"H-21",57.334,-170.212665,5.1
"41",1980,"H-22",57.333165,-170.849835,3.7
"42",1980,"H-23",57.33617,-171.468085,3.1
"43",1980,"H-24",57.351165,-172.083,3.4
"44",1980,"H-25",57.319085,-172.705585,3.3
"45",1980,"I-02",57.682335,-167.138415,1.4
"46",1980,"I-03",57.67183,-166.498165,0.5
"47",1980,"I-04",57.632835,-165.85058,2.3
"48",1980,"I-06",57.645835,-164.620835,0.8
"49",1980,"I-07",57.665,-163.99,1.3
"50",1980,"I-08",57.67783,-163.347835,1.1
"51",1980,"I-18",57.676415,-168.42225,3.3
"52",1980,"I-19",57.677585,-169.0155,3.3
"53",1980,"I-21",57.6745,-170.24625,2.1
"54",1980,"I-22",57.662915,-170.8935,3
"55",1980,"I-23",57.66625,-171.544835,3.1
"56",1980,"I-24",57.678335,-172.16975,3.2
"57",1980,"J-02",58.01667,-167.16233,1.5
"58",1980,"J-03",58.0005,-166.51575,0.1
"59",1980,"J-04",58.0105,-165.98,0.3
"60",1980,"J-06",58.075335,-164.798335,1.1
"61",1980,"J-07",58.009,-164.010335,1.5
"62",1980,"J-20",57.99617,-169.726415,2.7
"63",1980,"J-21",58.00208,-170.363665,1.7
"64",1980,"J-22",58.0045,-170.991085,2.2
"65",1980,"J-23",58.014,-171.611665,2.7
"66",1980,"J-24",58.010915,-172.225,2.9
"67",1980,"K-02",58.34583,-167.201415,1.5
"68",1980,"K-03",58.34467,-166.56358,1
"69",1980,"K-04",58.340415,-165.95658,0.4
"70",1980,"K-05",58.325,-165.288335,4
"71",1980,"K-06",58.335335,-164.609585,1
"72",1980,"K-18",58.318335,-168.475585,1.2
"73",1980,"K-19",58.3465,-169.129665,1.8
"74",1980,"K-20",58.324665,-169.71633,2.8
"75",1980,"K-22",58.32875,-170.986835,1.3
"76",1980,"K-23",58.324915,-171.62025,1.8
"77",1980,"K-25",58.319835,-172.9395,2.3
"78",1980,"K-26",58.345,-173.582335,3
"79",1980,"K-27",58.32833,-174.23667,3.5
"80",1980,"L-19",58.672585,-169.17442,1.1
"81",1980,"L-20",58.664165,-169.80783,1
"82",1980,"L-21",58.66542,-170.45925,1.8
"83",1980,"L-22",58.66667,-171.106915,0.8
"84",1980,"L-25",58.65375,-173.016,1.8
"85",1980,"L-26",58.67242,-173.608415,1.8
"86",1980,"L-27",58.668,-174.25733,2.9
"87",1980,"M-18",58.983665,-168.54683,2.2
"88",1980,"M-19",59.007165,-169.156585,1.3
"89",1980,"M-20",59.0015,-169.8055,1.1
"90",1980,"M-21",58.997165,-170.455,2
"91",1980,"M-22",58.99825,-171.110335,0.2
"92",1980,"M-23",59.010585,-171.76792,0.8
"93",1980,"M-24",59.002,-172.45883,0.4
"94",1980,"M-25",58.99275,-173.10675,1.6
"95",1980,"M-26",58.984335,-173.711,2.6
"96",1980,"M-27",59.003915,-174.383415,2.4
"97",1980,"M-28",59.004665,-175.0625,3.1
"98",1980,"M-29",59.00092,-175.738835,2.6
"99",1980,"M-32",58.99625,-177.5885,3
"100",1980,"N-23",59.3455,-171.828835,1.6
"101",1980,"N-24",59.327335,-172.476,-0.3
"102",1980,"N-25",59.3305,-173.12325,0.8
"103",1980,"N-26",59.34017,-173.76975,0.8
"104",1980,"N-27",59.335665,-174.45142,2
"105",1980,"N-28",59.33242,-175.104165,2.4
"106",1980,"N-29",59.33,-175.761665,1.5
"107",1980,"O-23",59.67883,-171.90625,-0.3
"108",1980,"O-24",59.66717,-172.59425,-0.8
"109",1980,"O-25",59.66658,-173.25825,0.4
"110",1980,"O-26",59.654165,-173.85425,1.6
"111",1980,"O-28",59.667,-175.09183,2.6
"112",1980,"O-29",59.664585,-175.88725,1.6
"113",1980,"P-19",60.00375,-169.289835,1
"114",1980,"P-21",60.000165,-170.596165,0.5
"115",1980,"P-22",60.00633,-171.273915,-0.9
"116",1980,"P-23",60.02133,-171.954835,-0.9
"117",1980,"P-24",59.993,-172.61108,0
"118",1980,"P-25",60.009915,-173.288915,-0.4
"119",1980,"P-26",59.99925,-173.90608,1
"120",1980,"P-27",60.016,-174.605165,1.7
"121",1980,"P-28",59.99725,-175.235415,1.8
"122",1980,"P-29",60.018415,-175.927835,1.4
"123",1980,"P-31",59.997165,-177.184665,1.3
"124",1980,"P-32",59.99825,-177.90258,1.4
"125",1980,"Q-19",60.3265,-169.359665,3.2
"126",1980,"Q-20",60.329915,-170.06125,1.7
"127",1980,"Q-21",60.337835,-170.69425,-0.9
"128",1980,"Q-22",60.347335,-171.379915,-0.3
"129",1980,"Q-23",60.32025,-172.079835,-0.5
"130",1980,"Q-25",60.32783,-173.374415,0.2
"131",1980,"Q-26",60.31758,-174.06775,-1
"132",1980,"Q-28",60.318665,-175.38025,1.8
"133",1980,"Q-29",60.33367,-176.00333,1.4
"134",1980,"Q-30",60.339835,-176.75125,0.9
"135",1980,"Q-31",60.33317,-177.415335,1.4
"136",1980,"R-23",60.6725,-172.144,-0.7
"137",1980,"R-24",60.661,-172.869585,1.5
"138",1980,"R-25",60.66383,-173.493,-0.3
"139",1980,"R-26",60.66525,-174.165335,-1
"140",1980,"R-27",60.66242,-174.965835,0.7
"141",1980,"R-28",60.667835,-175.634665,1
"142",1980,"R-29",60.6805,-176.371835,1.2
"143",1980,"R-30",60.65308,-176.816915,1.5
"144",1980,"R-31",60.667665,-177.462,1.4
"145",1980,"R-32",60.6665,-178.136,2
"146",1980,"S-29",61.014,-176.473665,1
"147",1980,"S-30",61.00667,-177.01108,1
"148",1980,"S-31",61.00833,-177.66617,1.7
"149",1980,"T-29",61.351665,-176.31,0.5
"150",1980,"T-30",61.322915,-176.989165,1
"151",1980,"U-29",61.65125,-176.4755,0.5
"152",1981,"C-06",55.665165,-164.58775,3.6
"153",1981,"D-02",56.00775,-167.00342,4.3
"154",1981,"E-01",56.330165,-167.65242,4.3
"155",1981,"E-18",56.32425,-168.230835,4.1
"156",1981,"F-01",56.66117,-167.66667,4.1
"157",1981,"F-02",56.671165,-167.06675,4
"158",1981,"F-04",56.69475,-165.880585,3.5
"159",1981,"F-18",56.652835,-168.289835,4.5
"160",1981,"F-19",56.64258,-168.9125,3.9
"161",1981,"F-23",56.666165,-171.351415,4.2
"162",1981,"G-01",57.00525,-167.696335,4
"163",1981,"G-02",57.00675,-167.09992,4.2
"164",1981,"G-07",56.992415,-164.036335,3.5
"165",1981,"G-09",57.0025,-162.78175,4
"166",1981,"G-18",57.003335,-168.335835,3.8
"167",1981,"G-19",57.006585,-168.954,4
"168",1981,"G-20",57.003085,-169.544,4.3
"169",1981,"G-21",56.995835,-170.1625,4.7
"170",1981,"G-22",56.994585,-170.78783,4.2
"171",1981,"G-23",56.9925,-171.385585,4.1
"172",1981,"G-24",56.986,-172.03275,3.9
"173",1981,"G-25",56.99342,-172.6605,4.1
"174",1981,"GF1918",56.829585,-168.608085,3.8
"175",1981,"GF2019",56.82933,-169.281835,4.3
"176",1981,"GF2120",56.835,-169.873835,5.8
"177",1981,"H-01",57.34017,-167.735415,4.1
"178",1981,"H-02",57.340165,-167.122165,3.9
"179",1981,"H-03",57.34325,-166.47875,3.3
"180",1981,"H-04",57.33675,-165.874915,3.3
"181",1981,"H-05",57.33392,-165.23175,3.3
"182",1981,"H-06",57.330085,-164.635415,3.4
"183",1981,"H-07",57.335665,-164.009585,3.9
"184",1981,"H-08",57.33792,-163.39325,4.3
"185",1981,"H-18",57.329,-168.367,3.9
"186",1981,"H-20",57.335335,-169.627665,4.2
"187",1981,"H-22",57.333665,-170.84958,4.5
"188",1981,"H-23",57.32625,-171.462665,4
"189",1981,"H-24",57.32825,-172.0975,3.9
"190",1981,"H-26",57.32958,-173.33417,3.9
"191",1981,"HG1918",57.18133,-168.59383,4.1
"192",1981,"I-01",57.671585,-167.75475,3.8
"193",1981,"I-02",57.67575,-167.1345,3.5
"194",1981,"I-03",57.70492,-166.50192,3.3
"195",1981,"I-04",57.685585,-165.88475,3.3
"196",1981,"I-05",57.649835,-165.266415,3.5
"197",1981,"I-06",57.663415,-164.595165,4.1
"198",1981,"I-07",57.67942,-164.019665,4.2
"199",1981,"I-08",57.6725,-163.369415,4.2
"200",1981,"I-19",57.67175,-169.035,3.4
"201",1981,"I-20",57.667,-169.64967,3
"202",1981,"I-21",57.682,-170.294165,3.4
"203",1981,"I-22",57.66992,-170.8935,3.7
"204",1981,"I-23",57.66917,-171.51042,3.7
"205",1981,"I-24",57.667165,-172.14875,3.4
"206",1981,"I-26",57.656165,-173.287335,3.8
"207",1981,"IH1918",57.50325,-168.606585,4.2
"208",1981,"IH2120",57.49667,-169.97833,4.2
"209",1981,"IH2221",57.511585,-170.55183,4.1
"210",1981,"J-01",58.004335,-167.80375,2.6
"211",1981,"J-02",57.998585,-167.173665,3
"212",1981,"J-03",58.00333,-166.5,3.4
"213",1981,"J-04",58.004165,-165.908585,3.6
"214",1981,"J-05",58.00133,-165.25642,4.2
"215",1981,"J-06",58.005835,-164.6165,4.8
"216",1981,"J-18",58.002165,-168.443335,3
"217",1981,"J-20",58.0035,-169.71558,2.8
"218",1981,"J-21",58.003335,-170.344665,2.4
"219",1981,"J-22",58.00383,-170.956665,3.3
"220",1981,"J-23",57.99767,-171.613665,3.3
"221",1981,"J-24",58.00375,-172.23367,3.3
"222",1981,"J-25",57.999835,-172.8685,3.7
"223",1981,"J-26",57.99917,-173.49233,4
"224",1981,"JI1918",57.83033,-168.675,3.9
"225",1981,"JI2019",57.8265,-169.258665,3.6
"226",1981,"JI2221",57.829165,-170.58725,3.6
"227",1981,"K-01",58.33567,-167.85417,3.1
"228",1981,"K-02",58.335335,-167.172415,4
"229",1981,"K-03",58.338335,-166.532085,3.7
"230",1981,"K-04",58.333415,-165.89625,4.2
"231",1981,"K-18",58.32767,-168.474,2.5
"232",1981,"K-19",58.3425,-169.113,2.3
"233",1981,"K-20",58.33608,-169.73475,3.7
"234",1981,"K-21",58.332085,-170.37825,2
"235",1981,"K-22",58.332085,-171.013915,2.4
"236",1981,"K-23",58.33108,-171.637085,2.8
"237",1981,"K-25",58.333165,-172.936085,3.5
"238",1981,"L-18",58.655835,-168.496915,3.2
"239",1981,"L-19",58.671085,-169.163415,2.3
"240",1981,"L-20",58.66825,-169.7835,3.2
"241",1981,"L-21",58.67408,-170.437835,1.7
"242",1981,"L-22",58.67133,-171.08725,1.6
"243",1981,"L-23",58.66175,-171.717085,2.5
"244",1981,"L-24",58.665665,-172.3755,2.6
"245",1981,"L-25",58.66925,-172.99475,3.7
"246",1981,"L-26",58.665915,-173.645835,4
"247",1981,"L-27",58.669165,-174.24825,3.6
"248",1981,"L-29",58.67475,-175.57192,3.5
"249",1981,"L-30",58.66575,-176.22225,3.5
"250",1981,"L-31",58.687835,-176.830665,3.2
"251",1981,"M-18",59.004,-168.54383,4.2
"252",1981,"M-20",58.998335,-169.829085,2.8
"253",1981,"M-21",59.002835,-170.48808,2.7
"254",1981,"M-22",59.004415,-171.150165,0.8
"255",1981,"M-24",58.99725,-172.443085,2.2
"256",1981,"M-25",59.000915,-173.090665,3
"257",1981,"M-26",59.00025,-173.7255,3.4
"258",1981,"M-27",59.01067,-174.392665,3.6
"259",1981,"M-28",59.00492,-175.06942,3.3
"260",1981,"M-29",59.00108,-175.751835,2.6
"261",1981,"M-30",59.006835,-176.316415,2
"262",1981,"M-31",59.001665,-176.945665,2.2
"263",1981,"M-32",58.993835,-177.581165,2.7
"264",1981,"N-19",59.33875,-169.18925,3.3
"265",1981,"N-20",59.331835,-169.85917,2
"266",1981,"N-21",59.334915,-170.53,1.8
"267",1981,"N-22",59.328835,-171.185585,0.7
"268",1981,"N-23",59.328915,-171.841335,0.6
"269",1981,"N-24",59.32883,-172.503085,1.8
"270",1981,"N-25",59.320415,-173.08392,2.4
"271",1981,"N-26",59.337665,-173.79783,2.8
"272",1981,"N-27",59.336915,-174.456415,3.3
"273",1981,"N-28",59.33133,-175.09517,3.4
"274",1981,"N-29",59.33325,-175.747415,2.3
"275",1981,"N-31",59.3355,-177.050835,2.5
"276",1981,"O-18",59.66725,-168.62917,3.8
"277",1981,"O-19",59.667,-169.25625,3.1
"278",1981,"O-20",59.6635,-169.917085,2.5
"279",1981,"O-21",59.666085,-170.593085,1.3
"280",1981,"O-22",59.67117,-171.262415,1
"281",1981,"O-23",59.65158,-171.902915,0.5
"282",1981,"O-24",59.655415,-172.575085,1.4
"283",1981,"O-25",59.698585,-173.260835,1.7
"284",1981,"O-26",59.678,-173.907085,2.2
"285",1981,"O-27",59.667335,-174.44192,2.7
"286",1981,"O-28",59.6655,-175.112835,3.2
"287",1981,"O-29",59.666165,-175.85792,2.5
"288",1981,"O-30",59.673165,-176.535085,1.7
"289",1981,"P-18",60.004915,-168.65708,4.2
"290",1981,"P-19",60.004335,-169.311085,2.9
"291",1981,"P-20",60.0045,-169.96783,2
"292",1981,"P-21",60.002335,-170.632,1.3
"293",1981,"P-22",60.00375,-171.288915,0.7
"294",1981,"P-23",59.999335,-171.963585,1.2
"295",1981,"P-24",59.99567,-172.62492,1.4
"296",1981,"P-25",60.003335,-173.295,1.6
"297",1981,"P-26",60.0035,-173.943415,1.6
"298",1981,"P-27",59.99975,-174.589915,1.8
"299",1981,"P-28",59.994415,-175.230165,1.5
"300",1981,"P-29",59.996085,-175.928415,2.1
"301",1981,"P-30",59.996835,-176.703,1.7
"302",1981,"P-32",59.997835,-177.83683,1.9
"303",1981,"Q-19",60.33608,-169.333,3.2
"304",1981,"Q-20",60.33733,-170.037335,2.1
"305",1981,"Q-21",60.33975,-170.66775,1.3
"306",1981,"Q-22",60.34867,-171.34275,0.9
"307",1981,"Q-23",60.34192,-172.05375,0.7
"308",1981,"Q-26",60.33417,-174.077665,1.5
"309",1981,"Q-27",60.31992,-174.7075,1.3
"310",1981,"Q-28",60.341585,-175.365335,1.3
"311",1981,"Q-29",60.330835,-176.02925,1.9
"312",1981,"Q-30",60.33025,-176.71725,1.7
"313",1981,"R-23",60.678835,-172.117835,1
"314",1981,"R-24",60.666085,-172.775665,1.7
"315",1981,"R-25",60.680335,-173.447835,2.3
"316",1981,"R-26",60.684415,-174.117,1
"317",1981,"R-27",60.673415,-174.792835,1.1
"318",1981,"R-28",60.653,-175.44067,0.5
"319",1981,"R-29",60.6675,-176.1985,1.7
"320",1981,"R-30",60.67675,-176.80642,1.3
"321",1981,"R-31",60.669085,-177.501165,1.5
"322",1981,"R-32",60.66558,-178.17517,2.7
"323",1981,"S-29",61.00742,-176.271415,0.7
"324",1981,"S-30",60.99725,-176.966335,1.1
"325",1981,"S-31",60.980335,-177.6625,1.5
"326",1981,"T-29",61.33175,-176.285,0.2
"327",1981,"T-30",61.330915,-176.968835,1.2
"328",1981,"U-29",61.62133,-176.503585,0.2
"329",1982,"B-03",55.32525,-166.342665,4.2
"330",1982,"C-03",55.66033,-166.37883,4.2
"331",1982,"C-05",55.674835,-165.15725,4.8
"332",1982,"C-06",55.671665,-164.585835,2.2
"333",1982,"C-18",55.66767,-168.190415,3.9
"334",1982,"D-04",55.99417,-165.78667,3.9
"335",1982,"D-05",56.003165,-165.17692,2.2
"336",1982,"D-06",55.995835,-164.585,1.7
"337",1982,"E-01",56.33425,-167.657835,3.7
"338",1982,"E-02",56.3375,-167.025,2.5
"339",1982,"E-03",56.33317,-166.42175,2.6
"340",1982,"E-04",56.32583,-165.8,2.1
"341",1982,"E-05",56.33308,-165.19767,1.7
"342",1982,"E-19",56.3295,-168.863,4.1
"343",1982,"F-01",56.6695,-167.668915,3.2
"344",1982,"F-03",56.657,-166.443085,2.6
"345",1982,"F-04",56.66083,-165.828335,2
"346",1982,"F-18",56.653335,-168.29917,2.7
"347",1982,"F-19",56.663165,-168.904665,3.2
"348",1982,"F-22",56.668165,-170.73817,3.9
"349",1982,"G-01",56.976415,-167.723415,3.3
"350",1982,"G-02",56.996665,-167.085835,3
"351",1982,"G-03",56.98975,-166.46683,2.1
"352",1982,"G-05",57.005335,-165.227,0.1
"353",1982,"G-07",57.014835,-163.98675,-0.2
"354",1982,"G-08",57.005,-163.393335,0.5
"355",1982,"G-10",57.004165,-162.17333,0.1
"356",1982,"G-18",57.0015,-168.334665,3.1
"357",1982,"G-19",56.99025,-168.985085,3.5
"358",1982,"G-20",57.012665,-169.54283,3.8
"359",1982,"G-22",57,-170.784165,3.9
"360",1982,"G-23",56.99325,-171.40258,3.7
"361",1982,"G-24",57.01625,-171.9895,3.8
"362",1982,"GF1918",56.84575,-168.663,2.8
"363",1982,"GF2019",56.83758,-169.30408,3.4
"364",1982,"GF2120",56.83875,-169.90825,4.5
"365",1982,"H-01",57.358165,-167.742085,3
"366",1982,"H-02",57.33333,-167.133335,2.5
"367",1982,"H-03",57.32342,-166.48725,2.1
"368",1982,"H-06",57.336665,-164.615835,0.5
"369",1982,"H-07",57.33075,-163.998915,-0.9
"370",1982,"H-18",57.335085,-168.36975,3.4
"371",1982,"H-19",57.321915,-169.0075,3.7
"372",1982,"H-20",57.3225,-169.586665,2.2
"373",1982,"H-21",57.356,-170.259085,5
"374",1982,"H-22",57.363335,-170.84917,3.8
"375",1982,"H-23",57.328585,-171.46125,3.4
"376",1982,"H-24",57.336915,-172.097585,3.7
"377",1982,"HG1918",57.16917,-168.63917,3.4
"378",1982,"HG2019",57.15483,-169.3225,3.5
"379",1982,"I-01",57.670415,-167.752415,3.2
"380",1982,"I-02",57.665835,-167.150835,2.1
"381",1982,"I-05",57.66933,-165.244915,-0.4
"382",1982,"I-06",57.66917,-164.620835,0.4
"383",1982,"I-07",57.662835,-163.9935,0.7
"384",1982,"I-18",57.65892,-168.406665,2.5
"385",1982,"I-19",57.67975,-169.07725,2.7
"386",1982,"I-20",57.67275,-169.65825,2.9
"387",1982,"I-21",57.677085,-170.275665,3.2
"388",1982,"I-22",57.654415,-170.88367,3.4
"389",1982,"I-23",57.68625,-171.512835,3.2
"390",1982,"I-24",57.676665,-172.156665,3.5
"391",1982,"I-25",57.72975,-172.81967,3.5
"392",1982,"IH1918",57.500915,-168.659415,3.1
"393",1982,"IH2120",57.50258,-169.97267,2.6
"394",1982,"IH2221",57.504415,-170.57092,3.7
"395",1982,"J-01",58.032,-167.784335,2.1
"396",1982,"J-02",57.98425,-167.17158,1.3
"397",1982,"J-04",57.9825,-165.901665,1
"398",1982,"J-05",58.003415,-165.244415,1.1
"399",1982,"J-06",58.001665,-164.628335,0.8
"400",1982,"J-18",57.997,-168.43025,2.2
"401",1982,"J-19",58.020835,-169.047585,2
"402",1982,"J-20",58.01425,-169.693415,2.4
"403",1982,"J-21",58.012665,-170.32625,1.8
"404",1982,"J-22",58.00167,-170.971915,3.4
"405",1982,"J-23",57.99183,-171.59725,3.2
"406",1982,"J-24",58.016085,-172.231415,3
"407",1982,"J-25",58.021165,-172.89583,3.5
"408",1982,"J-26",57.98492,-173.47075,3.5
"409",1982,"JI1918",57.83,-168.66508,2.3
"410",1982,"JI2019",57.82625,-169.283085,3.3
"411",1982,"JI2120",57.83425,-170.013165,1.3
"412",1982,"JI2221",57.839165,-170.590165,3.6
"413",1982,"K-01",58.34317,-167.84242,1.7
"414",1982,"K-04",58.3325,-165.9225,1.2
"415",1982,"K-05",58.337665,-165.28608,1.3
"416",1982,"K-18",58.33775,-168.46992,1.3
"417",1982,"K-19",58.327,-169.1195,2
"418",1982,"K-20",58.33558,-169.73258,0.8
"419",1982,"K-21",58.34533,-170.3885,0.8
"420",1982,"K-22",58.33258,-171.03125,2.7
"421",1982,"K-23",58.311,-171.639,3.3
"422",1982,"K-24",58.349,-172.30367,3.2
"423",1982,"K-25",58.370665,-172.93975,3.2
"424",1982,"K-26",58.33408,-173.586665,3.3
"425",1982,"L-01",58.6705,-167.877665,3.3
"426",1982,"L-02",58.666,-167.22292,3.1
"427",1982,"L-03",58.6705,-166.576165,3
"428",1982,"L-18",58.66517,-168.495085,2.7
"429",1982,"L-19",58.656585,-169.154915,1.7
"430",1982,"L-20",58.667665,-169.78575,0
"431",1982,"L-21",58.67567,-170.446585,0.9
"432",1982,"L-22",58.66675,-171.0805,1.1
"433",1982,"L-23",58.68675,-171.718165,2.4
"434",1982,"L-26",58.66792,-173.641665,3.3
"435",1982,"L-27",58.685585,-174.275585,3.4
"436",1982,"L-29",58.692,-175.548335,3.3
"437",1982,"L-30",58.707165,-176.3235,3.3
"438",1982,"L-31",58.712835,-176.9115,3.4
"439",1982,"M-01",58.99217,-167.87858,3
"440",1982,"M-03",58.993585,-166.5845,3.4
"441",1982,"M-18",58.99225,-168.540335,2.4
"442",1982,"M-19",58.99992,-169.188835,3.2
"443",1982,"M-20",59.000335,-169.8435,2
"444",1982,"M-21",59.00817,-170.48825,0.4
"445",1982,"M-22",58.99908,-171.13608,0.6
"446",1982,"M-23",58.994915,-171.778415,1.2
"447",1982,"M-24",59.002415,-172.433585,2.2
"448",1982,"M-25",59.041415,-173.09,3.1
"449",1982,"M-26",58.911415,-173.61833,3
"450",1982,"M-27",59.057915,-174.328835,3
"451",1982,"M-28",59.0215,-175.056,2.9
"452",1982,"M-29",58.96275,-175.7605,4.5
"453",1982,"M-30",59.01725,-176.357415,2.6
"454",1982,"M-31",58.98008,-177.034,3.1
"455",1982,"M-32",59.01192,-177.583415,3.1
"456",1982,"N-18",59.34133,-168.576,2.2
"457",1982,"N-19",59.328415,-169.239165,2.5
"458",1982,"N-20",59.33558,-169.871835,1.5
"459",1982,"N-21",59.34492,-170.54333,1.2
"460",1982,"N-22",59.332335,-171.18683,0.2
"461",1982,"N-23",59.32525,-171.82825,0.6
"462",1982,"N-24",59.333335,-172.50225,1.2
"463",1982,"N-25",59.33617,-173.1845,1.5
"464",1982,"N-26",59.302665,-173.826835,2.3
"465",1982,"N-28",59.322415,-175.14733,3
"466",1982,"N-29",59.33875,-175.79575,2.3
"467",1982,"N-30",59.35842,-176.440415,2.7
"468",1982,"N-31",59.32008,-177.151835,3
"469",1982,"O-18",59.671835,-168.63208,2.2
"470",1982,"O-19",59.665415,-169.262335,2.1
"471",1982,"O-20",59.67317,-169.896415,1.5
"472",1982,"O-21",59.67083,-170.58267,0
"473",1982,"O-22",59.671,-171.24625,-0.3
"474",1982,"O-23",59.658835,-171.891165,1.6
"475",1982,"O-24",59.671665,-172.572335,0
"476",1982,"O-25",59.68658,-173.25875,1.4
"477",1982,"O-26",59.666835,-173.87925,1.9
"478",1982,"O-27",59.68733,-174.477835,2.4
"479",1982,"O-28",59.649165,-175.173585,2.8
"480",1982,"O-31",59.64367,-177.18067,3.5
"481",1982,"P-18",60.00125,-168.65225,2.3
"482",1982,"P-19",60.004085,-169.32117,2.3
"483",1982,"P-20",60.00917,-169.969,1.5
"484",1982,"P-21",60.006665,-170.623585,-0.6
"485",1982,"P-22",60.0005,-171.315165,-1.2
"486",1982,"P-23",59.977835,-171.9635,1.5
"487",1982,"P-24",60.00508,-172.658915,-0.1
"488",1982,"P-25",59.971585,-173.280585,0.1
"489",1982,"P-26",60.000835,-173.952835,1.2
"490",1982,"P-27",60.021,-174.582835,1.8
"491",1982,"P-28",59.99683,-175.33717,2.5
"492",1982,"P-29",59.96425,-175.969085,2.5
"493",1982,"Q-18",60.333165,-168.67525,2.9
"494",1982,"Q-19",60.311585,-169.325335,2.6
"495",1982,"Q-20",60.33617,-169.96167,1.8
"496",1982,"Q-21",60.33967,-170.65142,-0.7
"497",1982,"Q-22",60.333915,-171.369335,-0.6
"498",1982,"Q-23",60.37725,-172.16825,-1
"499",1982,"Q-26",60.32417,-174.064,0.5
"500",1982,"Q-27",60.34225,-174.724585,1.3
"501",1982,"Q-29",60.316835,-176.066,2.6
"502",1982,"Q-30",60.32575,-176.76442,2.1
"503",1982,"R-23",60.606335,-172.112085,-0.9
"504",1982,"R-24",60.6695,-172.74958,1.9
"505",1982,"R-26",60.655665,-174.1265,0.6
"506",1982,"R-27",60.70825,-174.797665,0.8
"507",1982,"R-28",60.651085,-175.493335,2
"508",1982,"R-29",60.66542,-176.257,2.2
"509",1982,"R-30",60.67333,-176.8275,2.2
"510",1982,"S-27",61.011335,-174.875915,0.9
"511",1982,"S-28",60.995915,-175.567915,1.8
"512",1982,"S-29",60.991835,-176.328915,2.1
"513",1982,"S-30",61.008835,-177.018835,2.4
"514",1982,"T-27",61.3455,-174.97408,0.1
"515",1982,"T-28",61.327,-175.81925,1.1
"516",1982,"T-29",61.328835,-176.34558,1.6
"517",1982,"U-27",61.696835,-175.120835,-0.1
"518",1982,"U-28",61.639665,-175.851165,0.7
"519",1982,"U-29",61.667665,-176.4995,1.3
"520",1982,"V-27",62.0445,-175.219915,-1.1
"521",1982,"V-28",61.97392,-175.94967,0.3
"522",1983,"B-03",55.33825,-166.336665,4.2
"523",1983,"C-01",55.676,-167.566335,4.2
"524",1983,"C-03",55.671,-166.37142,4.1
"525",1983,"C-05",55.66717,-165.1845,4.2
"526",1983,"D-01",56.02325,-167.59375,4
"527",1983,"D-18",56.00108,-168.2175,4.1
"528",1983,"E-01",56.343915,-167.66133,4
"529",1983,"E-05",56.33442,-165.2245,1.9
"530",1983,"E-18",56.328165,-168.241835,4
"531",1983,"E-19",56.33325,-168.911165,3.8
"532",1983,"E-21",56.340335,-170.053165,3.5
"533",1983,"F-01",56.66933,-167.665835,2.9
"534",1983,"F-02",56.676,-167.03492,2.4
"535",1983,"F-18",56.66275,-168.287415,3.1
"536",1983,"F-19",56.66425,-168.90125,2.7
"537",1983,"F-23",56.712585,-171.391085,3.7
"538",1983,"F-25",56.72425,-172.54325,4
"539",1983,"G-01",57.009,-167.7135,2.6
"540",1983,"G-02",57.006585,-167.09692,2.3
"541",1983,"G-04",57.00575,-165.85267,2
"542",1983,"G-18",57.00258,-168.3105,2.6
"543",1983,"G-19",57.010085,-168.942585,2.5
"544",1983,"G-23",57.02958,-171.42517,3.9
"545",1983,"G-24",57.00383,-172.041085,4.2
"546",1983,"GF1918",56.83475,-168.62825,2.5
"547",1983,"GF2019",56.83658,-169.175,2.8
"548",1983,"H-01",57.31208,-167.73217,2.4
"549",1983,"H-20",57.334665,-169.60625,2.7
"550",1983,"H-22",57.344585,-170.85717,4
"551",1983,"H-23",57.33933,-171.462165,3.7
"552",1983,"H-24",57.33133,-172.092915,3.5
"553",1983,"HG1918",57.167665,-168.629165,2.8
"554",1983,"HG2019",57.17317,-169.1595,2.6
"555",1983,"I-05",57.661,-165.2585,2.4
"556",1983,"I-07",57.664915,-164.00025,3.7
"557",1983,"I-20",57.66742,-169.68308,3.1
"558",1983,"I-21",57.65533,-170.24967,2.7
"559",1983,"I-22",57.6665,-170.899915,3.3
"560",1983,"I-23",57.689665,-171.507,3.5
"561",1983,"I-24",57.661835,-172.169415,2.5
"562",1983,"IH1918",57.50308,-168.64575,3.2
"563",1983,"IH2019",57.4885,-169.24267,3.1
"564",1983,"IH2120",57.496165,-170.00475,3.2
"565",1983,"IH2221",57.495835,-170.578665,3.4
"566",1983,"J-19",58.00508,-169.06275,1.9
"567",1983,"J-21",58.01125,-170.31725,1.7
"568",1983,"J-22",58.0025,-170.972165,2.8
"569",1983,"J-23",58.02075,-171.553085,2.8
"570",1983,"J-24",57.999415,-172.239585,2.5
"571",1983,"J-25",58.011085,-172.874165,2.7
"572",1983,"JI1918",57.83608,-168.658665,2.5
"573",1983,"JI2120",57.83283,-170.012,1.7
"574",1983,"JI2221",57.82325,-170.5455,2.3
"575",1983,"K-05",58.31358,-165.303,3.2
"576",1983,"K-19",58.342665,-169.119915,1.6
"577",1983,"K-20",58.33192,-169.73458,1.3
"578",1983,"K-21",58.33175,-170.38025,0.4
"579",1983,"K-22",58.332835,-171.026165,1.4
"580",1983,"K-23",58.3585,-171.61675,1.5
"581",1983,"K-24",58.32975,-172.28467,2.2
"582",1983,"K-25",58.346915,-172.916335,2.6
"583",1983,"L-20",58.667,-169.787335,1.1
"584",1983,"L-21",58.661085,-170.442415,0.3
"585",1983,"L-22",58.666335,-171.159165,0.6
"586",1983,"L-23",58.68983,-171.692415,1
"587",1983,"L-24",58.6665,-172.34633,2
"588",1983,"L-25",58.68075,-172.98875,2.6
"589",1983,"L-26",58.670585,-173.64125,3.4
"590",1983,"L-29",58.68592,-175.537335,3.2
"591",1983,"L-30",58.669835,-176.19583,2.9
"592",1983,"L-31",58.689165,-176.8175,3.1
"593",1983,"M-19",58.9995,-169.18008,1.6
"594",1983,"M-20",59.00017,-169.83825,1
"595",1983,"M-21",58.999335,-170.48842,0.7
"596",1983,"M-22",58.9735,-171.154835,0
"597",1983,"M-23",59.01558,-171.789,0.5
"598",1983,"M-24",58.999,-172.40317,1.3
"599",1983,"M-25",59.031165,-173.07217,2
"600",1983,"M-26",58.998165,-173.71342,3.1
"601",1983,"M-28",59.00083,-174.98975,2.8
"602",1983,"M-29",59.00883,-175.731585,1.9
"603",1983,"M-31",58.98992,-176.94542,2.6
"604",1983,"M-32",59.009585,-177.537,2.9
"605",1983,"N-19",59.34025,-169.19517,2.1
"606",1983,"N-21",59.328335,-170.53317,-0.1
"607",1983,"N-22",59.333835,-171.18433,-0.2
"608",1983,"N-23",59.348835,-171.778165,0.3
"609",1983,"N-24",59.3335,-172.498585,0.6
"610",1983,"N-25",59.360585,-173.137335,1.5
"611",1983,"N-26",59.33192,-173.80275,2.6
"612",1983,"N-28",59.333665,-175.103585,2.4
"613",1983,"N-29",59.33,-175.7525,1.7
"614",1983,"N-31",59.367165,-177.072165,2
"615",1983,"O-21",59.663415,-170.580165,0
"616",1983,"O-22",59.666085,-171.256835,-0.6
"617",1983,"O-23",59.628665,-171.862915,0
"618",1983,"O-24",59.66467,-172.56933,0.8
"619",1983,"O-26",59.64258,-173.87608,1.9
"620",1983,"O-27",59.68125,-174.4395,1.7
"621",1983,"O-28",59.664415,-175.20058,2.2
"622",1983,"O-29",59.6725,-175.866665,1.8
"623",1983,"O-30",59.661835,-176.550335,1.8
"624",1983,"ON2524",59.50375,-172.804915,1.2
"625",1983,"ON2625",59.539585,-173.3995,1.5
"626",1983,"P-20",59.997915,-169.961835,1
"627",1983,"P-21",59.996085,-170.63325,0
"628",1983,"P-22",60.002335,-171.30525,-0.4
"629",1983,"P-23",60.006835,-171.983,-0.5
"630",1983,"P-24",59.961,-172.729585,-0.1
"631",1983,"P-25",60.01908,-173.331,-0.1
"632",1983,"P-26",60.000085,-173.951835,1.4
"633",1983,"P-27",59.995915,-174.59525,1.4
"634",1983,"P-28",59.99875,-175.26825,1.8
"635",1983,"P-29",60.009165,-175.93725,1.7
"636",1983,"P-30",59.99675,-176.606915,1.5
"637",1983,"PO2423",59.841085,-172.16692,-0.5
"638",1983,"PO2625",59.861665,-173.554,0.8
"639",1983,"PO2726",59.83292,-174.23867,1.8
"640",1983,"Q-20",60.334,-170.03625,0.3
"641",1983,"Q-21",60.329,-170.65967,-0.5
"642",1983,"Q-22",60.33133,-171.35017,-0.6
"643",1983,"Q-23",60.343665,-172.041415,-1
"644",1983,"Q-25",60.345,-173.375,1.4
"645",1983,"Q-27",60.32875,-174.709915,1.2
"646",1983,"Q-28",60.33225,-175.388085,1.3
"647",1983,"Q-29",60.342585,-176.024585,1.3
"648",1983,"Q-30",60.33025,-176.70542,1.4
"649",1983,"QP2524",60.171665,-172.995,0.7
"650",1983,"QP2625",60.19975,-173.61392,0
"651",1983,"QP2726",60.16583,-174.349915,1.6
"652",1983,"R-22",60.6705,-171.411665,-0.8
"653",1983,"R-23",60.66992,-172.108585,-1
"654",1983,"R-26",60.66775,-174.1275,1.1
"655",1983,"R-27",60.660335,-174.75217,0.9
"656",1983,"R-28",60.666,-175.445585,1.2
"657",1983,"R-29",60.64825,-176.186165,1.3
"658",1983,"R-30",60.66158,-176.789,1.4
"659",1983,"S-22",61.002335,-171.43242,-1
"660",1983,"S-23",60.978915,-172.138085,0
"661",1983,"S-24",60.99417,-172.8015,-0.1
"662",1983,"S-25",61.001415,-173.487,-0.1
"663",1983,"S-26",60.994835,-174.190835,0.5
"664",1984,"D-01",56.01,-167.591835,4
"665",1984,"E-18",56.32675,-168.255915,4.1
"666",1984,"E-19",56.344335,-168.85125,3.4
"667",1984,"F-01",56.65975,-167.655415,2.3
"668",1984,"F-02",56.66775,-167.073835,2.5
"669",1984,"F-03",56.670665,-166.43183,1.7
"670",1984,"F-05",56.61208,-165.218335,0.6
"671",1984,"F-06",56.668165,-164.598835,0.4
"672",1984,"F-09",56.673415,-162.78025,1.4
"673",1984,"F-18",56.658415,-168.306665,2.6
"674",1984,"F-19",56.67225,-168.897665,1.7
"675",1984,"F-21",56.65925,-170.098335,3.7
"676",1984,"F-23",56.67908,-171.357835,3.9
"677",1984,"G-01",56.994165,-167.685585,1.1
"678",1984,"G-03",56.99975,-166.4725,0.8
"679",1984,"G-05",56.968165,-165.18825,0.5
"680",1984,"G-09",57.009085,-162.781085,0.7
"681",1984,"G-18",57.002,-168.33442,1.2
"682",1984,"G-19",57.003165,-168.954585,1.4
"683",1984,"G-20",56.99325,-169.56317,1.4
"684",1984,"G-23",56.997415,-171.406335,3.8
"685",1984,"G-24",56.99825,-172.037835,3.1
"686",1984,"GF1918",56.8265,-168.616665,2.6
"687",1984,"GF2019",56.817585,-169.33425,1.5
"688",1984,"GF2221",56.810835,-170.48558,6.7
"689",1984,"H-02",57.331,-167.125835,1.2
"690",1984,"H-03",57.339165,-166.48183,1.8
"691",1984,"H-05",57.322,-165.23175,0.9
"692",1984,"H-06",57.331,-164.650165,1.5
"693",1984,"H-07",57.329335,-164.003915,1.8
"694",1984,"H-08",57.33175,-163.39075,1.8
"695",1984,"H-18",57.330165,-168.379335,1.4
"696",1984,"H-19",57.31308,-169.053,0.8
"697",1984,"H-20",57.33783,-169.603335,1
"698",1984,"H-21",57.325415,-170.257585,4.9
"699",1984,"H-22",57.334415,-170.870085,2.9
"700",1984,"H-23",57.33258,-171.451665,2.3
"701",1984,"H-24",57.33967,-172.092,3
"702",1984,"HG2019",57.16333,-169.30083,1.2
"703",1984,"I-01",57.672415,-167.76,0.7
"704",1984,"I-02",57.666665,-167.146665,1.1
"705",1984,"I-03",57.660585,-166.505915,1.8
"706",1984,"I-05",57.67033,-165.24108,2.1
"707",1984,"I-07",57.67708,-163.996835,2.4
"708",1984,"I-18",57.67725,-168.396835,0.5
"709",1984,"I-19",57.69642,-169.02633,0.4
"710",1984,"I-20",57.668,-169.6585,0
"711",1984,"I-22",57.66425,-170.906585,2
"712",1984,"I-23",57.667415,-171.55792,4.2
"713",1984,"I-24",57.66558,-172.193335,2.6
"714",1984,"I-25",57.65842,-172.77108,3.4
"715",1984,"IH1918",57.49783,-168.656,1.7
"716",1984,"IH2019",57.501,-169.212835,0
"717",1984,"IH2120",57.505835,-169.992835,1.3
"718",1984,"IH2221",57.490835,-170.58083,2.7
"719",1984,"J-01",58.003835,-167.80775,0.5
"720",1984,"J-02",58.00025,-167.170585,0.7
"721",1984,"J-03",57.994585,-166.529085,1.7
"722",1984,"J-04",57.99983,-165.912165,2.3
"723",1984,"J-05",58.0125,-165.241585,5
"724",1984,"J-07",57.99575,-164.012085,4
"725",1984,"J-18",57.997415,-168.427,0.3
"726",1984,"J-19",58.00442,-169.0575,0.1
"727",1984,"J-21",58.00025,-170.33917,0.8
"728",1984,"J-22",57.999585,-170.96975,2.1
"729",1984,"J-23",58.00117,-171.601335,2.8
"730",1984,"J-24",57.98925,-172.230085,2.5
"731",1984,"J-25",58.00383,-172.857915,2.5
"732",1984,"JI1918",57.82725,-168.678835,0.1
"733",1984,"JI2019",57.836585,-169.393085,0
"734",1984,"JI2120",57.823665,-170.03642,1.2
"735",1984,"K-01",58.33325,-167.830165,1
"736",1984,"K-03",58.328835,-166.55817,3
"737",1984,"K-05",58.340165,-165.295585,3
"738",1984,"K-18",58.334,-168.46308,0.8
"739",1984,"K-19",58.339085,-169.127915,0.4
"740",1984,"K-21",58.330415,-170.3755,-0.4
"741",1984,"K-23",58.33475,-171.653335,3.8
"742",1984,"K-24",58.337335,-172.30725,2
"743",1984,"K-25",58.33842,-172.9325,2.5
"744",1984,"L-20",58.669585,-169.800915,0.3
"745",1984,"L-22",58.66108,-171.084835,-0.8
"746",1984,"L-23",58.668585,-171.71908,-0.7
"747",1984,"L-24",58.673835,-172.37992,1.9
"748",1984,"L-25",58.668415,-172.99625,1.5
"749",1984,"L-26",58.667,-173.670085,2.4
"750",1984,"L-27",58.663665,-174.276585,3.6
"751",1984,"L-28",58.71042,-174.90575,2.9
"752",1984,"L-29",58.66775,-175.56075,3.2
"753",1984,"L-30",58.667415,-176.213165,3.3
"754",1984,"M-18",59.00008,-168.540335,2.8
"755",1984,"M-21",59.000085,-170.49017,-1.1
"756",1984,"M-22",59.003665,-171.137085,-1
"757",1984,"M-23",59.002,-171.80325,-0.4
"758",1984,"M-24",59.003415,-172.471085,-0.5
"759",1984,"M-25",58.99725,-173.0875,1.4
"760",1984,"M-26",58.995,-173.762,1.3
"761",1984,"M-27",58.996,-174.374415,2.4
"762",1984,"M-28",58.997335,-175.02533,2.6
"763",1984,"M-29",59.00275,-175.7415,2.6
"764",1984,"M-30",58.975085,-176.35675,3.1
"765",1984,"M-31",59.00142,-176.959335,3.3
"766",1984,"M-32",58.99925,-177.607165,3.2
"767",1984,"N-18",59.33308,-168.57175,1.6
"768",1984,"N-21",59.33433,-170.54525,-0.4
"769",1984,"N-22",59.3295,-171.194415,-1.1
"770",1984,"N-23",59.33025,-171.829915,-1.2
"771",1984,"N-25",59.34508,-173.17492,0.3
"772",1984,"N-26",59.3325,-173.8465,0.6
"773",1984,"N-27",59.327,-174.45842,2.1
"774",1984,"N-28",59.333835,-175.113,3.4
"775",1984,"N-29",59.34217,-175.758915,2.2
"776",1984,"N-30",59.321835,-176.38125,2.7
"777",1984,"N-31",59.330665,-177.08375,3.3
"778",1984,"O-19",59.67375,-169.273415,-1
"779",1984,"O-20",59.66875,-169.94367,-0.4
"780",1984,"O-21",59.658085,-170.58917,-1.1
"781",1984,"O-22",59.66375,-171.254085,-0.8
"782",1984,"O-23",59.66625,-171.89492,0
"783",1984,"O-24",59.673,-172.559585,-1.1
"784",1984,"O-25",59.669415,-173.22575,-0.5
"785",1984,"O-26",59.661,-173.870835,0.2
"786",1984,"O-27",59.66508,-174.461335,1.9
"787",1984,"O-28",59.668165,-175.191,1.8
"788",1984,"O-30",59.66925,-176.540165,2.5
"789",1984,"O-31",59.666415,-177.1585,3.2
"790",1984,"ON2524",59.502665,-172.79725,-1.2
"791",1984,"ON2625",59.50167,-173.493,0.8
"792",1984,"P-20",59.99542,-169.971585,-1.4
"793",1984,"P-21",60.00275,-170.62458,-1
"794",1984,"P-22",59.996665,-171.279165,-1
"795",1984,"P-23",59.998835,-171.97433,-0.8
"796",1984,"P-24",59.9905,-172.651415,-1.6
"797",1984,"P-25",60.004,-173.299915,-0.9
"798",1984,"P-26",60.000085,-173.994415,-1.5
"799",1984,"P-27",60.002415,-174.609665,1
"800",1984,"P-28",59.991415,-175.28175,1
"801",1984,"P-29",59.999585,-175.95,1.6
"802",1984,"P-30",60.002585,-176.64408,2.6
"803",1984,"P-31",59.996835,-177.22458,2.7
"804",1984,"P-32",59.99725,-177.94317,2.7
"805",1984,"PO2423",59.830665,-172.256415,-0.5
"806",1984,"PO2524",59.83875,-172.90458,-1.6
"807",1984,"PO2625",59.828835,-173.5795,-0.4
"808",1984,"PO2726",59.846,-174.22708,-1.5
"809",1984,"Q-18",60.32575,-168.69692,0.1
"810",1984,"Q-19",60.34492,-169.33592,-0.9
"811",1984,"Q-20",60.340415,-170.00917,-1.4
"812",1984,"Q-21",60.291165,-170.634835,-0.9
"813",1984,"Q-22",60.335,-171.365085,-1.3
"814",1984,"Q-23",60.337165,-172.07775,-1.5
"815",1984,"Q-25",60.345,-173.4075,0
"816",1984,"Q-26",60.32183,-174.123915,-1.3
"817",1984,"Q-27",60.333085,-174.731835,0.1
"818",1984,"Q-29",60.3385,-176.04783,2
"819",1984,"Q-30",60.3425,-176.722335,2.2
"820",1984,"Q-31",60.335165,-177.39117,2.5
"821",1984,"QP2423",60.1695,-172.284415,2
"822",1984,"QP2524",60.1705,-172.962085,-1
"823",1984,"QP2625",60.148915,-173.58725,-1
"824",1984,"QP2726",60.174835,-174.41375,-1
"825",1984,"R-22",60.66358,-171.412915,-1.2
"826",1984,"R-23",60.672835,-172.116585,-1.4
"827",1984,"R-24",60.669335,-172.716085,-0.3
"828",1984,"R-25",60.6695,-173.463335,-0.1
"829",1984,"R-26",60.670665,-174.119835,-0.7
"830",1984,"R-27",60.6685,-174.813335,-1.1
"831",1984,"R-28",60.671085,-175.4645,0.5
"832",1984,"R-29",60.670665,-176.21267,2.4
"833",1984,"R-30",60.652,-176.80558,2.1
"834",1984,"R-31",60.666835,-177.526,3.3
"835",1984,"R-32",60.666335,-178.1955,2.9
"836",1984,"S-22",61.00292,-171.450415,-0.9
"837",1984,"S-23",60.986335,-172.171585,-1
"838",1984,"S-24",60.997165,-172.8125,-1.2
"839",1984,"S-25",60.994165,-173.49258,-0.7
"840",1984,"S-26",60.998915,-174.13133,-1.4
"841",1985,"D-18",56.00125,-168.180915,4.3
"842",1985,"E-18",56.32625,-168.24725,4.5
"843",1985,"F-21",56.67358,-170.09375,3.8
"844",1985,"G-01",57.000915,-167.74225,1.8
"845",1985,"G-02",56.99475,-167.093335,1.1
"846",1985,"G-04",56.99567,-165.84317,2
"847",1985,"G-07",57.013835,-163.976085,0.9
"848",1985,"G-08",57.022165,-163.390585,1.2
"849",1985,"G-18",57.00575,-168.34717,1.7
"850",1985,"G-19",57.0035,-168.966335,2.8
"851",1985,"G-23",57,-171.40275,4.1
"852",1985,"G-24",57.019415,-171.979415,3.7
"853",1985,"G-25",56.99975,-172.659665,3.5
"854",1985,"H-01",57.332585,-167.73117,2.1
"855",1985,"H-02",57.32792,-167.125585,1.2
"856",1985,"H-03",57.336585,-166.4635,1.7
"857",1985,"H-04",57.34,-165.86625,1.2
"858",1985,"H-18",57.342915,-168.365415,2
"859",1985,"H-19",57.3375,-169.010085,3.3
"860",1985,"H-20",57.33725,-169.595585,2.3
"861",1985,"H-22",57.339,-170.867835,3.6
"862",1985,"H-23",57.332335,-171.46267,3.5
"863",1985,"H-24",57.336,-172.09833,3.7
"864",1985,"HG1918",57.174,-168.64092,2.5
"865",1985,"HG2019",57.159165,-169.32225,3.6
"866",1985,"I-01",57.6615,-167.75392,1.4
"867",1985,"I-03",57.666335,-166.507,2.5
"868",1985,"I-04",57.673585,-165.88775,1.4
"869",1985,"I-18",57.671415,-168.394915,1.2
"870",1985,"I-19",57.670915,-169.049665,1.9
"871",1985,"I-20",57.67325,-169.58458,2
"872",1985,"I-22",57.666085,-170.898665,3
"873",1985,"I-23",57.666415,-171.523915,3.2
"874",1985,"I-24",57.666585,-172.16725,2.7
"875",1985,"IH1918",57.505085,-168.77325,2.2
"876",1985,"IH2019",57.50683,-169.22375,2.2
"877",1985,"IH2120",57.50158,-169.97125,3.2
"878",1985,"J-02",58.006415,-167.1735,0.7
"879",1985,"J-04",58.010915,-165.899665,3
"880",1985,"J-18",58.004835,-168.427415,0.7
"881",1985,"J-19",57.99675,-169.117585,1.4
"882",1985,"J-20",57.995,-169.71192,1.3
"883",1985,"J-21",58.001665,-170.330415,2.3
"884",1985,"J-24",57.99983,-172.248415,2.3
"885",1985,"J-26",58.003,-173.4795,2.6
"886",1985,"JI1918",57.842415,-168.74492,1
"887",1985,"JI2019",57.833665,-169.395665,2.2
"888",1985,"JI2120",57.84075,-169.989915,1.8
"889",1985,"K-18",58.333415,-168.46892,0.2
"890",1985,"K-19",58.3345,-169.106165,1.5
"891",1985,"K-20",58.33917,-169.74575,0.8
"892",1985,"K-21",58.356,-170.39425,1.1
"893",1985,"K-22",58.32733,-171.01917,0
"894",1985,"K-23",58.354915,-171.65383,2
"895",1985,"K-24",58.33575,-172.313665,2.2
"896",1985,"K-26",58.33567,-173.57325,2.3
"897",1985,"L-18",58.6605,-168.50125,1.4
"898",1985,"L-20",58.669585,-169.784585,-0.1
"899",1985,"L-21",58.672335,-170.435915,0.4
"900",1985,"L-22",58.66242,-171.10075,-0.1
"901",1985,"L-23",58.655,-171.71358,1.6
"902",1985,"L-24",58.6595,-172.372585,2
"903",1985,"L-25",58.68342,-173.012835,2.8
"904",1985,"L-26",58.66042,-173.639,2.7
"905",1985,"L-30",58.6645,-176.22675,2
"906",1985,"L-31",58.671585,-176.8435,2.2
"907",1985,"M-20",59.004665,-169.83325,-0.1
"908",1985,"M-21",58.99458,-170.478415,0.1
"909",1985,"M-22",59.00033,-171.138915,-1.2
"910",1985,"M-23",59.002665,-171.778085,0.4
"911",1985,"M-24",58.993915,-172.44225,1.5
"912",1985,"M-25",59.001085,-173.094665,2.3
"913",1985,"M-26",58.991585,-173.72258,2.1
"914",1985,"M-27",58.99458,-174.367915,2.6
"915",1985,"M-28",59.0075,-175.022585,2.2
"916",1985,"M-29",58.981085,-175.758415,1.7
"917",1985,"M-30",59.009415,-176.343915,1.7
"918",1985,"M-32",58.9945,-177.64825,2.4
"919",1985,"N-18",59.33175,-168.598835,2.5
"920",1985,"N-20",59.334665,-169.865415,0.3
"921",1985,"N-21",59.324665,-170.527835,-0.2
"922",1985,"N-22",59.330915,-171.188415,-1.2
"923",1985,"N-23",59.332915,-171.90742,0.3
"924",1985,"N-24",59.32842,-172.513415,0.2
"925",1985,"N-25",59.322335,-173.15275,1.4
"926",1985,"N-26",59.32567,-173.81075,1.6
"927",1985,"N-27",59.328665,-174.45525,2.5
"928",1985,"N-28",59.34225,-175.127,2
"929",1985,"N-29",59.32242,-175.752165,1.2
"930",1985,"N-31",59.31467,-177.08425,2.5
"931",1985,"O-19",59.666,-169.271915,2.3
"932",1985,"O-21",59.668165,-170.585585,-0.2
"933",1985,"O-22",59.665,-171.253165,-1.3
"934",1985,"O-23",59.6695,-171.912415,-0.7
"935",1985,"O-24",59.673,-172.559335,-0.7
"936",1985,"O-25",59.66275,-173.246415,1.5
"937",1985,"O-26",59.660665,-173.86575,1
"938",1985,"O-27",59.67,-174.452665,1.7
"939",1985,"O-28",59.64992,-175.189915,2
"940",1985,"O-29",59.662835,-175.859835,1.9
"941",1985,"O-30",59.67342,-176.556,1.1
"942",1985,"ON2524",59.5045,-172.893835,0.6
"943",1985,"ON2625",59.51175,-173.493915,1.5
"944",1985,"P-18",60.00775,-168.65667,2.1
"945",1985,"P-19",59.99467,-169.30492,0.5
"946",1985,"P-21",60.00092,-170.638585,-0.5
"947",1985,"P-22",59.99275,-171.306085,-1.3
"948",1985,"P-23",59.99567,-171.967,-0.2
"949",1985,"P-24",60.005085,-172.64233,-1.2
"950",1985,"P-25",59.998085,-173.306915,-0.8
"951",1985,"P-26",59.993665,-173.941835,1
"952",1985,"P-28",60.01108,-175.285415,1.5
"953",1985,"P-29",59.98967,-175.93625,1.6
"954",1985,"PO2423",59.816085,-172.242915,-0.6
"955",1985,"PO2524",59.829,-172.92125,-1.2
"956",1985,"PO2625",59.82992,-173.58408,1.3
"957",1985,"Q-21",60.32825,-170.653585,-0.5
"958",1985,"Q-22",60.32725,-171.390585,-1.4
"959",1985,"Q-25",60.32833,-173.423085,0.7
"960",1985,"Q-26",60.3255,-174.08,0.6
"961",1985,"Q-27",60.33375,-174.728,1.5
"962",1985,"Q-28",60.340415,-175.383335,1.2
"963",1985,"Q-29",60.316585,-176.03442,1.5
"964",1985,"Q-30",60.34158,-176.729415,1
"965",1985,"QP2625",60.16433,-173.55442,-0.3
"966",1985,"QP2726",60.15925,-174.370835,0.6
"967",1985,"R-22",60.659335,-171.430415,-1.4
"968",1985,"R-23",60.664415,-172.165,-1
"969",1985,"R-25",60.659915,-173.47433,0.6
"970",1985,"R-26",60.66567,-174.14017,-0.3
"971",1985,"R-27",60.647335,-174.777165,1.1
"972",1985,"R-29",60.666665,-176.234415,1.1
"973",1985,"R-30",60.676835,-176.807,1.1
"974",1985,"R-31",60.659,-177.54825,0.9
"975",1985,"S-22",61.001165,-171.482915,-1.6
"976",1985,"S-23",60.9945,-172.188415,-1
"977",1985,"S-24",61.00492,-172.819,-1.3
"978",1985,"S-25",60.982835,-173.504585,2.2
"979",1985,"S-26",61.003415,-174.20492,-0.2
"980",1986,"D-01",55.984665,-167.60317,3.7
"981",1986,"F-03",56.658,-166.41767,0.3
"982",1986,"F-04",56.66667,-165.84792,0.6
"983",1986,"F-08",56.66325,-163.39308,1.9
"984",1986,"F-18",56.6685,-168.301915,2.2
"985",1986,"F-19",56.675085,-168.900665,2.2
"986",1986,"G-02",56.99525,-167.092585,0.7
"987",1986,"G-03",56.996585,-166.466335,0.3
"988",1986,"G-04",57.008085,-165.85208,0.5
"989",1986,"G-05",57.002915,-165.22,-0.1
"990",1986,"G-19",57.017835,-168.93958,2.4
"991",1986,"GF1918",56.830165,-168.613835,1.7
"992",1986,"GF2221",56.838415,-170.473915,3.3
"993",1986,"H-01",57.332665,-167.738415,0.1
"994",1986,"H-02",57.332915,-167.12725,0.8
"995",1986,"H-03",57.33942,-166.491835,0.8
"996",1986,"H-04",57.33733,-165.870915,0.8
"997",1986,"H-05",57.32475,-165.229665,0.3
"998",1986,"H-06",57.315585,-164.626835,2.3
"999",1986,"H-07",57.3315,-163.97933,0.4
"1000",1986,"H-08",57.331165,-163.3825,1.9
"1001",1986,"H-18",57.330165,-168.375415,0.8
"1002",1986,"H-20",57.334335,-169.626085,1.2
"1003",1986,"H-22",57.3425,-170.85025,2.9
"1004",1986,"HG1918",57.17217,-168.63675,1.6
"1005",1986,"HG2120",57.176165,-169.903835,4
"1006",1986,"I-01",57.65717,-167.74717,0.6
"1007",1986,"I-02",57.664665,-167.147915,0.8
"1008",1986,"I-03",57.66225,-166.51142,0.7
"1009",1986,"I-04",57.666835,-165.895165,1.2
"1010",1986,"I-05",57.66675,-165.249,0.6
"1011",1986,"I-06",57.658835,-164.607335,1.7
"1012",1986,"I-07",57.663,-163.99075,1.3
"1013",1986,"I-18",57.662,-168.40925,1
"1014",1986,"I-19",57.66008,-169.057915,1.1
"1015",1986,"I-20",57.65933,-169.658915,1.1
"1016",1986,"I-21",57.65775,-170.30625,1.9
"1017",1986,"I-22",57.66875,-170.901,2.3
"1018",1986,"I-23",57.674415,-171.540085,2.6
"1019",1986,"I-24",57.66775,-172.169665,3.5
"1020",1986,"IH1918",57.499585,-168.75708,0.9
"1021",1986,"IH2019",57.49908,-169.34825,0.8
"1022",1986,"IH2120",57.50125,-169.992915,1.7
"1023",1986,"IH2221",57.4905,-170.57925,2.8
"1024",1986,"J-01",58.009335,-167.79558,0.8
"1025",1986,"J-02",57.99717,-167.179085,0.7
"1026",1986,"J-03",58.004085,-166.51383,0.9
"1027",1986,"J-04",58.00767,-165.912415,2
"1028",1986,"J-05",58.00817,-165.25125,1.4
"1029",1986,"J-18",58.0045,-168.43425,0.8
"1030",1986,"J-19",58.011,-169.048835,0.8
"1031",1986,"J-20",57.995835,-169.701585,0.7
"1032",1986,"J-21",57.995165,-170.336085,0.9
"1033",1986,"J-22",58.0105,-170.9685,1.6
"1034",1986,"J-23",58.03,-171.596335,2.1
"1035",1986,"J-24",57.998165,-172.2315,3
"1036",1986,"JI1918",57.833665,-168.752,0.9
"1037",1986,"JI2019",57.83625,-169.365585,0.8
"1038",1986,"JI2120",57.826085,-169.978,1
"1039",1986,"JI2221",57.827085,-170.60225,1.8
"1040",1986,"K-01",58.34325,-167.84575,0.6
"1041",1986,"K-02",58.332585,-167.18917,1.5
"1042",1986,"K-18",58.33358,-168.483665,0.7
"1043",1986,"K-19",58.32275,-169.11375,0.3
"1044",1986,"K-20",58.32958,-169.742,0.4
"1045",1986,"K-21",58.324415,-170.378,-0.1
"1046",1986,"K-22",58.335585,-171.011585,0.7
"1047",1986,"K-23",58.331,-171.654915,1.1
"1048",1986,"K-24",58.324585,-172.302,1.9
"1049",1986,"L-18",58.668335,-168.501165,1.8
"1050",1986,"L-19",58.65408,-169.151915,0.4
"1051",1986,"L-20",58.661585,-169.804665,1.8
"1052",1986,"L-21",58.672165,-170.447335,-1.1
"1053",1986,"L-22",58.67358,-171.08208,-0.6
"1054",1986,"L-23",58.67042,-171.716335,-0.1
"1055",1986,"L-24",58.66575,-172.365835,1.2
"1056",1986,"L-25",58.679915,-172.9985,2
"1057",1986,"L-26",58.66042,-173.61783,2.8
"1058",1986,"L-28",58.670585,-174.89708,2.7
"1059",1986,"L-30",58.673165,-176.164085,2.9
"1060",1986,"M-19",58.987585,-169.192835,1.7
"1061",1986,"M-20",58.99575,-169.84683,0.5
"1062",1986,"M-21",59.003915,-170.489335,-1.1
"1063",1986,"M-22",59.00075,-171.139085,-1.1
"1064",1986,"M-23",59.0005,-171.77958,-0.6
"1065",1986,"M-24",59.0045,-172.439835,0.3
"1066",1986,"M-25",58.997085,-173.067915,0.9
"1067",1986,"M-26",59.007,-173.713835,1.9
"1068",1986,"M-27",58.989,-174.394415,2.3
"1069",1986,"M-28",58.997835,-174.999585,1.2
"1070",1986,"M-29",59.00075,-175.73,2.4
"1071",1986,"M-30",58.9895,-176.29875,2.9
"1072",1986,"M-31",59.017415,-176.981835,2.9
"1073",1986,"N-19",59.326915,-169.254835,0.1
"1074",1986,"N-20",59.3175,-169.877,-0.8
"1075",1986,"N-21",59.333335,-170.54133,-1.2
"1076",1986,"N-22",59.338665,-171.18575,-1.2
"1077",1986,"N-23",59.339335,-171.82825,-1.1
"1078",1986,"N-24",59.332,-172.5,-0.5
"1079",1986,"N-25",59.35183,-173.14,0.1
"1080",1986,"N-26",59.32967,-173.795415,1.1
"1081",1986,"N-27",59.31917,-174.446335,1.1
"1082",1986,"N-28",59.334,-175.106085,0.9
"1083",1986,"N-29",59.33517,-175.76333,2.2
"1084",1986,"N-30",59.33067,-176.38525,2.4
"1085",1986,"N-31",59.317915,-177.071335,2.5
"1086",1986,"O-18",59.67192,-168.620085,2
"1087",1986,"O-20",59.66517,-169.91692,-1
"1088",1986,"O-21",59.683915,-170.606335,-1.2
"1089",1986,"O-22",59.6715,-171.24925,-1.2
"1090",1986,"O-23",59.669665,-171.899585,-1.1
"1091",1986,"O-24",59.66167,-172.55375,-0.8
"1092",1986,"O-25",59.67033,-173.204415,-0.4
"1093",1986,"O-26",59.681165,-173.87133,0.3
"1094",1986,"O-27",59.670665,-174.47025,0.9
"1095",1986,"O-28",59.660835,-175.106665,1.2
"1096",1986,"O-29",59.660835,-175.850665,2
"1097",1986,"O-30",59.660085,-176.53975,1.9
"1098",1986,"O-31",59.656835,-177.153915,2.7
"1099",1986,"ON2524",59.496585,-172.879835,-0.3
"1100",1986,"ON2625",59.497835,-173.484165,0.8
"1101",1986,"P-19",60.00425,-169.31717,1.2
"1102",1986,"P-20",59.997585,-169.974915,-1
"1103",1986,"P-21",60.01283,-170.64017,-1.7
"1104",1986,"P-22",60.00808,-171.29558,-1.2
"1105",1986,"P-23",59.995415,-171.994335,-1.2
"1106",1986,"P-24",60.00092,-172.62975,-0.6
"1107",1986,"P-25",60.009335,-173.284085,-0.9
"1108",1986,"P-26",60.009,-173.95508,-0.4
"1109",1986,"P-27",59.989835,-174.591085,0.2
"1110",1986,"P-28",60.00333,-175.27525,1.3
"1111",1986,"P-29",60.00075,-175.932085,1.4
"1112",1986,"P-30",59.99025,-176.70983,1.4
"1113",1986,"PO2423",59.83917,-172.24392,-1.2
"1114",1986,"PO2524",59.821915,-172.909,-0.8
"1115",1986,"PO2625",59.832415,-173.58367,-0.4
"1116",1986,"PO2726",59.847335,-174.22842,0.1
"1117",1986,"Q-19",60.334415,-169.3265,1.2
"1118",1986,"Q-20",60.329335,-170.05033,-0.8
"1119",1986,"Q-21",60.34075,-170.63192,-1.5
"1120",1986,"Q-22",60.32217,-171.35933,-1.3
"1121",1986,"Q-25",60.3285,-173.374665,-0.6
"1122",1986,"Q-26",60.337165,-174.075,-0.6
"1123",1986,"Q-27",60.316835,-174.70808,-0.4
"1124",1986,"Q-28",60.33175,-175.36983,0.4
"1125",1986,"Q-29",60.326665,-176.034415,0.8
"1126",1986,"Q-30",60.34325,-176.695835,1.3
"1127",1986,"QP2423",60.156835,-172.3035,1.1
"1128",1986,"QP2625",60.10942,-173.76033,-0.7
"1129",1986,"QP2726",60.186335,-174.338165,-0.2
"1130",1986,"R-22",60.66625,-171.434585,-1.3
"1131",1986,"R-23",60.675165,-172.123335,-1.5
"1132",1986,"R-24",60.688415,-172.78417,0.7
"1133",1986,"R-25",60.66125,-173.468665,-0.6
"1134",1986,"R-26",60.656915,-174.101585,-0.6
"1135",1986,"R-27",60.68375,-174.81683,-0.4
"1136",1986,"R-28",60.6645,-175.44975,0.3
"1137",1986,"R-29",60.661085,-176.15908,0.8
"1138",1986,"R-30",60.654835,-176.80508,1.8
"1139",1986,"R-31",60.662,-177.54883,1.6
"1140",1986,"R-32",60.663,-178.175915,2.3
"1141",1986,"S-22",61.00325,-171.4885,-1.3
"1142",1986,"S-23",60.99642,-172.159665,-1.6
"1143",1986,"S-24",61.00308,-172.80275,-1.1
"1144",1986,"S-25",60.994835,-173.49825,-1.2
"1145",1986,"S-26",61.0025,-174.19517,-1.4
"1146",1987,"D-04",55.99125,-165.817,4.1
"1147",1987,"E-04",56.32875,-165.813085,4.4
"1148",1987,"F-03",56.669835,-166.455585,3.7
"1149",1987,"F-04",56.646085,-165.90675,3.6
"1150",1987,"F-06",56.717,-164.535085,3.4
"1151",1987,"F-18",56.6645,-168.276915,4
"1152",1987,"G-02",57.02992,-167.0955,4.4
"1153",1987,"G-03",57.013415,-166.46667,4
"1154",1987,"G-04",56.998165,-165.85125,3.8
"1155",1987,"G-05",56.98583,-165.22325,3.3
"1156",1987,"G-06",56.994835,-164.607,3.3
"1157",1987,"G-18",56.99125,-168.348415,3.9
"1158",1987,"G-19",56.96392,-168.963,3.9
"1159",1987,"G-22",56.987335,-170.8025,4.2
"1160",1987,"GF1918",56.824165,-168.611335,3.9
"1161",1987,"GF2019",56.8435,-169.26908,4
"1162",1987,"H-01",57.330835,-167.74125,3.9
"1163",1987,"H-02",57.359835,-167.099085,4.2
"1164",1987,"H-03",57.3425,-166.497335,4
"1165",1987,"H-04",57.31367,-165.860335,3.6
"1166",1987,"H-05",57.32258,-165.23175,3.5
"1167",1987,"H-06",57.33958,-164.61675,2.9
"1168",1987,"H-18",57.31658,-168.376,4.1
"1169",1987,"H-19",57.337835,-169.004,4.1
"1170",1987,"H-20",57.33575,-169.63192,3.2
"1171",1987,"H-22",57.333335,-170.85267,4.3
"1172",1987,"H-23",57.339335,-171.461085,3.7
"1173",1987,"HG1918",57.149415,-168.613915,4.1
"1174",1987,"HG2019",57.174665,-169.303415,4.3
"1175",1987,"I-01",57.686335,-167.7555,4
"1176",1987,"I-02",57.674,-167.13125,3.5
"1177",1987,"I-03",57.678415,-166.50558,3.4
"1178",1987,"I-04",57.656585,-165.90583,3.8
"1179",1987,"I-05",57.655835,-165.237165,3.2
"1180",1987,"I-18",57.667085,-168.46125,3.9
"1181",1987,"I-19",57.67492,-169.053085,4
"1182",1987,"I-20",57.67675,-169.647335,2.8
"1183",1987,"I-21",57.663085,-170.28333,2.4
"1184",1987,"I-22",57.65075,-170.88075,3.5
"1185",1987,"I-23",57.68325,-171.52875,3.7
"1186",1987,"IH1918",57.4905,-168.722585,4
"1187",1987,"IH2019",57.512915,-169.345835,3.2
"1188",1987,"IH2120",57.49083,-169.9165,2.6
"1189",1987,"IH2221",57.498665,-170.580165,4
"1190",1987,"J-01",57.999085,-167.788415,3.6
"1191",1987,"J-02",58.010335,-167.17367,3.4
"1192",1987,"J-04",57.99875,-165.902165,3.2
"1193",1987,"J-18",58.00667,-168.42892,3.6
"1194",1987,"J-19",58.01483,-169.07808,3.4
"1195",1987,"J-20",58.001085,-169.70967,3.3
"1196",1987,"J-21",57.9895,-170.345915,2.3
"1197",1987,"J-22",57.990165,-170.986835,3.3
"1198",1987,"J-23",58.00075,-171.6025,3.6
"1199",1987,"J-24",58.000585,-172.19742,3.7
"1200",1987,"JI1918",57.841835,-168.7435,3.6
"1201",1987,"JI2019",57.844585,-169.33975,3.5
"1202",1987,"JI2120",57.832165,-169.940915,3
"1203",1987,"JI2221",57.834165,-170.621085,3
"1204",1987,"K-01",58.32375,-167.8315,3.3
"1205",1987,"K-02",58.337665,-167.19775,3.5
"1206",1987,"K-18",58.328835,-168.46042,3.2
"1207",1987,"K-19",58.34408,-169.11975,3.5
"1208",1987,"K-20",58.34725,-169.752085,3.1
"1209",1987,"K-21",58.35775,-170.39975,2
"1210",1987,"K-22",58.329585,-171.0265,2.3
"1211",1987,"K-23",58.34292,-171.664915,3.1
"1212",1987,"K-24",58.3465,-172.316415,3.3
"1213",1987,"L-01",58.67533,-167.881335,3.1
"1214",1987,"L-18",58.64317,-168.4895,3.2
"1215",1987,"L-19",58.670585,-169.136915,3.2
"1216",1987,"L-20",58.669665,-169.783585,3.1
"1217",1987,"L-21",58.668915,-170.425585,2.7
"1218",1987,"L-22",58.653085,-171.146165,2
"1219",1987,"L-23",58.673415,-171.7155,2.9
"1220",1987,"L-24",58.677335,-172.36908,3.1
"1221",1987,"L-25",58.654335,-172.99375,3.5
"1222",1987,"M-18",58.997915,-168.536665,2.6
"1223",1987,"M-19",59.01075,-169.19267,2.3
"1224",1987,"M-20",58.995165,-169.811415,3.1
"1225",1987,"M-21",58.984165,-170.475915,2.7
"1226",1987,"M-22",59.00142,-171.14325,2
"1227",1987,"M-23",59.00475,-171.760585,2.3
"1228",1987,"M-24",59.040335,-172.434915,2.8
"1229",1987,"M-25",58.995165,-173.090415,3.3
"1230",1987,"M-27",59.064335,-174.38092,3.5
"1231",1987,"M-28",59.096,-174.89517,2.9
"1232",1987,"M-29",58.995415,-175.596665,2.6
"1233",1987,"N-18",59.333415,-168.56333,2.1
"1234",1987,"N-19",59.333915,-169.2385,1.9
"1235",1987,"N-20",59.3405,-169.866,2.4
"1236",1987,"N-21",59.32717,-170.52675,2.4
"1237",1987,"N-22",59.355165,-171.183665,1.9
"1238",1987,"N-23",59.34975,-171.836335,1.1
"1239",1987,"N-24",59.337665,-172.500835,2.6
"1240",1987,"N-25",59.337165,-173.1425,2.8
"1241",1987,"N-26",59.30708,-173.791085,3.2
"1242",1987,"N-27",59.34075,-174.44858,3.2
"1243",1987,"N-28",59.31975,-174.99875,3
"1244",1987,"N-29",59.291085,-175.616165,2.8
"1245",1987,"O-19",59.67825,-169.31525,1.7
"1246",1987,"O-20",59.6605,-169.917,1.8
"1247",1987,"O-21",59.659665,-170.578165,1.6
"1248",1987,"O-22",59.66692,-171.24075,2.5
"1249",1987,"O-23",59.671915,-171.921,1
"1250",1987,"O-24",59.667415,-172.530335,1.2
"1251",1987,"O-25",59.66708,-173.23192,2.3
"1252",1987,"O-26",59.642085,-173.854,2.6
"1253",1987,"O-27",59.621165,-174.55392,2.9
"1254",1987,"O-28",59.67017,-175.120165,2.8
"1255",1987,"O-29",59.666585,-175.880415,2.5
"1256",1987,"O-30",59.669,-176.561665,2
"1257",1987,"O-31",59.6915,-177.147,3
"1258",1987,"ON2524",59.505665,-172.90292,2.4
"1259",1987,"ON2625",59.49233,-173.451,2.5
"1260",1987,"P-18",60.00267,-168.658,2.5
"1261",1987,"P-19",60.004915,-169.32367,1.5
"1262",1987,"P-20",60.00017,-169.9895,1.2
"1263",1987,"P-21",59.98967,-170.634335,0.9
"1264",1987,"P-22",59.993835,-171.300835,0.6
"1265",1987,"P-23",60.01392,-171.97775,0.4
"1266",1987,"P-24",60.01358,-172.627915,0.8
"1267",1987,"P-26",59.977915,-173.877335,2.3
"1268",1987,"P-27",59.983335,-174.5645,2.5
"1269",1987,"P-28",59.997165,-175.235335,2.4
"1270",1987,"P-29",59.98025,-175.87558,2.4
"1271",1987,"P-30",60.000165,-176.655,1.6
"1272",1987,"P-31",59.99942,-177.165915,1.6
"1273",1987,"P-32",59.9995,-177.92075,1.7
"1274",1987,"PO2423",59.838085,-172.237585,0.7
"1275",1987,"PO2625",59.816585,-173.54017,2
"1276",1987,"PO2726",59.83892,-174.184335,2.7
"1277",1987,"Q-18",60.2495,-168.712415,3.3
"1278",1987,"Q-20",60.342415,-170.08192,0.9
"1279",1987,"Q-21",60.33408,-170.6575,0.4
"1280",1987,"Q-22",60.33675,-171.37675,0.1
"1281",1987,"Q-23",60.34683,-172.069,-0.1
"1282",1987,"Q-26",60.330085,-174.084585,1.7
"1283",1987,"Q-27",60.34092,-174.72725,1.9
"1284",1987,"Q-28",60.33192,-175.425415,2
"1285",1987,"Q-29",60.33225,-176.079415,2
"1286",1987,"Q-30",60.331335,-176.75867,1.3
"1287",1987,"Q-31",60.304665,-177.37125,1.8
"1288",1987,"QP2423",60.169585,-172.304415,1
"1289",1987,"QP2524",60.177915,-173.02075,1.2
"1290",1987,"QP2726",60.15658,-174.358915,2.5
"1291",1987,"R-22",60.670415,-171.43175,-0.4
"1292",1987,"R-23",60.675835,-172.114915,-0.5
"1293",1987,"R-24",60.666665,-172.756085,2.6
"1294",1987,"R-25",60.6575,-173.44558,0.9
"1295",1987,"R-26",60.668,-174.1035,1.5
"1296",1987,"R-27",60.67625,-174.8225,1.8
"1297",1987,"R-28",60.66575,-175.465835,1.6
"1298",1987,"R-29",60.652,-176.157335,2.1
"1299",1987,"R-30",60.671915,-176.75175,2
"1300",1987,"R-31",60.659165,-177.481085,0.9
"1301",1987,"R-32",60.669665,-178.14867,1.2
"1302",1987,"S-22",60.997585,-171.48033,-1
"1303",1987,"S-23",60.969165,-172.13425,0.9
"1304",1987,"S-24",61.006,-172.824665,0.4
"1305",1987,"S-25",61.00058,-173.521915,0.4
"1306",1987,"S-26",60.98075,-174.18575,0.5
"1307",1987,"S-27",60.995585,-174.832415,1.4
"1308",1987,"S-28",61.00767,-175.55925,1.4
"1309",1987,"S-29",60.9915,-176.287665,1.5
"1310",1987,"S-30",61.00467,-176.978665,1.7
"1311",1987,"S-31",61.0005,-177.65242,1
"1312",1987,"T-27",61.32725,-174.903835,0.5
"1313",1987,"T-28",61.34158,-175.568585,1
"1314",1987,"T-29",61.327915,-176.28675,1.1
"1315",1987,"T-30",61.340915,-176.935,1.5
"1316",1987,"U-27",61.629335,-174.983415,0.1
"1317",1987,"U-28",61.67375,-175.803,1.6
"1318",1987,"U-29",61.66583,-176.48767,0.9
"1319",1987,"V-27",61.85267,-175.05225,0
"1320",1987,"V-28",61.85558,-175.94692,0.5
"1321",1988,"E-03",56.345165,-166.40325,3.9
"1322",1988,"E-04",56.339915,-165.806,2.1
"1323",1988,"F-01",56.72275,-167.671,2.6
"1324",1988,"F-02",56.67775,-167.070915,2.9
"1325",1988,"F-03",56.72867,-166.362915,3.9
"1326",1988,"F-04",56.6665,-165.849915,1.8
"1327",1988,"F-06",56.661585,-164.5975,1.5
"1328",1988,"F-18",56.668085,-168.27825,2.6
"1329",1988,"F-19",56.629085,-168.80967,2.7
"1330",1988,"F-23",56.66525,-171.4145,4
"1331",1988,"G-01",57.0395,-167.705835,1.8
"1332",1988,"G-02",57.00717,-167.077915,1.6
"1333",1988,"G-03",57.098665,-166.487915,1.1
"1334",1988,"G-04",57.00675,-165.85358,0.9
"1335",1988,"G-05",56.990415,-165.23125,1.3
"1336",1988,"G-18",57.002585,-168.335585,1.6
"1337",1988,"G-19",56.980165,-168.946915,1.8
"1338",1988,"G-20",57.055665,-169.585,1.8
"1339",1988,"G-21",57.014,-170.1935,3.9
"1340",1988,"G-22",57.008835,-170.79,3.2
"1341",1988,"G-23",56.97042,-171.386,3.9
"1342",1988,"GF1918",56.830085,-168.629165,1.9
"1343",1988,"GF2019",56.81225,-169.27775,2.2
"1344",1988,"GF2120",56.840415,-169.86367,3.5
"1345",1988,"GF2221",56.855165,-170.48125,3.5
"1346",1988,"H-01",57.323085,-167.7315,1
"1347",1988,"H-02",57.34158,-167.11417,0.4
"1348",1988,"H-03",57.420835,-166.481,1.1
"1349",1988,"H-04",57.338915,-165.873335,0.9
"1350",1988,"H-05",57.315915,-165.22717,0.9
"1351",1988,"H-06",57.33217,-164.614165,0.5
"1352",1988,"H-18",57.32283,-168.38525,2.4
"1353",1988,"H-19",57.32558,-169.02608,1.8
"1354",1988,"H-20",57.371085,-169.582415,1.8
"1355",1988,"HG1918",57.156165,-168.61258,2.2
"1356",1988,"HG2019",57.13675,-169.326415,1.7
"1357",1988,"HG2120",57.16608,-169.87858,4.1
"1358",1988,"I-01",57.697835,-167.772835,1.5
"1359",1988,"I-02",57.670085,-167.132,0.4
"1360",1988,"I-03",57.65575,-166.483665,1.7
"1361",1988,"I-04",57.668665,-165.885335,1.6
"1362",1988,"I-05",57.623665,-165.23975,0.7
"1363",1988,"I-06",57.658165,-164.62575,1.7
"1364",1988,"I-18",57.670585,-168.401335,1.8
"1365",1988,"I-19",57.640585,-169.044915,2.2
"1366",1988,"I-20",57.69275,-169.6345,1.9
"1367",1988,"I-21",57.693165,-170.306585,1.5
"1368",1988,"I-22",57.657165,-170.88208,3
"1369",1988,"I-24",57.66675,-172.16017,2.5
"1370",1988,"I-26",57.6815,-173.325665,3.6
"1371",1988,"IH1918",57.49692,-168.745915,2.2
"1372",1988,"IH2019",57.476,-169.337915,1.7
"1373",1988,"IH2120",57.509,-169.95717,1.1
"1374",1988,"IH2221",57.49817,-170.5705,2.7
"1375",1988,"J-01",58.016335,-167.806165,0.7
"1376",1988,"J-02",58.003835,-167.179665,0.9
"1377",1988,"J-03",57.9385,-166.480585,1.8
"1378",1988,"J-04",58.004335,-165.896,2.2
"1379",1988,"J-05",58.021585,-165.244,3.2
"1380",1988,"J-18",57.994665,-168.44125,0.6
"1381",1988,"J-19",57.912835,-169.05725,1
"1382",1988,"J-20",58.00425,-169.7045,0.9
"1383",1988,"J-21",58.012165,-170.295,-0.2
"1384",1988,"J-22",57.99508,-170.948665,2.1
"1385",1988,"J-23",57.969415,-171.58775,1.8
"1386",1988,"J-24",58.0005,-172.210165,2
"1387",1988,"J-25",58.032335,-172.860665,2.2
"1388",1988,"JI1918",57.829,-168.73908,0.7
"1389",1988,"JI2019",57.828415,-169.38258,2
"1390",1988,"JI2120",57.85558,-169.988,0.6
"1391",1988,"JI2221",57.856085,-170.628835,1.5
"1392",1988,"K-01",58.33758,-167.833,1.6
"1393",1988,"K-02",58.340165,-167.20175,2
"1394",1988,"K-03",58.286415,-166.579665,2
"1395",1988,"K-04",58.333165,-165.94458,2.4
"1396",1988,"K-18",58.326335,-168.466585,1.1
"1397",1988,"K-19",58.27525,-169.1175,1.2
"1398",1988,"K-20",58.35675,-169.73867,0.9
"1399",1988,"K-21",58.321585,-170.346085,-0.1
"1400",1988,"K-22",58.33192,-171.02025,-0.3
"1401",1988,"K-23",58.292,-171.51008,1.8
"1402",1988,"K-24",58.344665,-172.3125,1.8
"1403",1988,"K-25",58.375915,-172.940085,2
"1404",1988,"K-27",58.34342,-173.99517,2.8
"1405",1988,"L-01",58.73192,-167.8615,2.9
"1406",1988,"L-02",58.676085,-167.21658,2.6
"1407",1988,"L-03",58.598,-166.577,2.4
"1408",1988,"L-18",58.64725,-168.507415,2.4
"1409",1988,"L-19",58.588085,-169.117335,2
"1410",1988,"L-20",58.6705,-169.783835,1.2
"1411",1988,"L-21",58.679665,-170.443,0.4
"1412",1988,"L-22",58.665165,-171.093,-1.1
"1413",1988,"L-23",58.66408,-171.723665,0.3
"1414",1988,"L-24",58.725085,-172.37033,1
"1415",1988,"L-25",58.684165,-173.005585,2
"1416",1988,"L-26",58.69142,-173.63575,2.8
"1417",1988,"L-30",58.679,-176.1995,2.9
"1418",1988,"L-31",58.680335,-176.843835,3.2
"1419",1988,"M-02",59.010835,-167.2345,3.2
"1420",1988,"M-18",58.996335,-168.536165,2.3
"1421",1988,"M-19",58.91042,-169.19425,2.2
"1422",1988,"M-20",58.990165,-169.846085,1.7
"1423",1988,"M-21",59.023835,-170.48825,1
"1424",1988,"M-22",58.98658,-171.136,-0.5
"1425",1988,"M-23",58.995085,-171.791085,-0.7
"1426",1988,"M-24",59.000585,-172.44017,0.5
"1427",1988,"M-25",59.096,-173.1085,1.5
"1428",1988,"M-26",59.006915,-173.716835,1.9
"1429",1988,"M-28",59.007,-175.01558,2.8
"1430",1988,"M-30",58.9955,-176.29783,2.5
"1431",1988,"M-31",58.9725,-176.96825,2.6
"1432",1988,"M-32",59.00692,-177.535835,3
"1433",1988,"N-01",59.35867,-167.91425,3.2
"1434",1988,"N-18",59.330085,-168.581585,3.3
"1435",1988,"N-19",59.339915,-169.235085,2.3
"1436",1988,"N-20",59.33558,-169.87167,1.6
"1437",1988,"N-21",59.330835,-170.533335,1.2
"1438",1988,"N-22",59.3175,-171.169415,-0.2
"1439",1988,"N-23",59.31375,-171.856915,-1
"1440",1988,"N-24",59.335,-172.516085,-0.9
"1441",1988,"N-25",59.36133,-173.10108,1.1
"1442",1988,"N-26",59.32842,-173.808,1.3
"1443",1988,"N-27",59.284915,-174.471415,2.1
"1444",1988,"N-28",59.32542,-175.11508,2.2
"1445",1988,"N-29",59.32025,-175.708085,2.2
"1446",1988,"N-30",59.32817,-176.3815,2.9
"1447",1988,"N-31",59.323585,-177.069335,2.5
"1448",1988,"O-18",59.662915,-168.61825,3.2
"1449",1988,"O-19",59.671165,-169.273835,2
"1450",1988,"O-20",59.662165,-169.926835,1.5
"1451",1988,"O-21",59.68692,-170.563,0.5
"1452",1988,"O-22",59.662,-171.221335,-0.3
"1453",1988,"O-23",59.60275,-171.893665,-0.7
"1454",1988,"O-24",59.631165,-172.6425,-0.8
"1455",1988,"O-25",59.651335,-173.19283,0
"1456",1988,"O-26",59.66367,-173.890835,1.4
"1457",1988,"O-27",59.56392,-174.526165,2
"1458",1988,"O-28",59.67367,-175.07217,1.8
"1459",1988,"O-29",59.70317,-175.85125,2
"1460",1988,"O-30",59.6655,-176.529585,2.1
"1461",1988,"O-31",59.667585,-177.145835,2.6
"1462",1988,"ON2524",59.46733,-172.90325,0.3
"1463",1988,"ON2625",59.52292,-173.440585,1
"1464",1988,"P-18",59.9955,-168.675415,3.2
"1465",1988,"P-19",59.98725,-169.33067,1.8
"1466",1988,"P-20",60.00767,-169.974165,1.6
"1467",1988,"P-21",60.02333,-170.610915,0.4
"1468",1988,"P-22",60.001665,-171.301085,-0.4
"1469",1988,"P-23",59.99367,-172.00117,-0.2
"1470",1988,"P-24",59.994085,-172.63475,-0.1
"1471",1988,"P-25",60.0645,-173.338085,-0.4
"1472",1988,"P-26",59.994665,-173.9435,0.1
"1473",1988,"P-27",59.90975,-174.6395,1.6
"1474",1988,"P-28",60.01,-175.248165,1.2
"1475",1988,"P-29",60.014335,-175.937335,1.8
"1476",1988,"P-30",59.99158,-176.724,2
"1477",1988,"P-31",59.986165,-177.2545,2.1
"1478",1988,"P-32",59.99833,-177.861915,2
"1479",1988,"PO2423",59.796665,-172.246,-1
"1480",1988,"PO2524",59.829,-172.929835,-1
"1481",1988,"PO2625",59.88058,-173.55475,-0.9
"1482",1988,"PO2726",59.8195,-174.224915,1.2
"1483",1988,"Q-18",60.30775,-168.670835,3.6
"1484",1988,"Q-19",60.30525,-169.32817,2.4
"1485",1988,"Q-20",60.339165,-170.034415,1.2
"1486",1988,"Q-21",60.348085,-170.67692,0.4
"1487",1988,"Q-22",60.33058,-171.36975,-0.7
"1488",1988,"Q-23",60.305,-172.09233,-0.5
"1489",1988,"Q-25",60.3355,-173.39125,0.4
"1490",1988,"Q-26",60.337915,-174.062165,-1.3
"1491",1988,"Q-27",60.33317,-174.68225,0.6
"1492",1988,"Q-28",60.338085,-175.384585,0.8
"1493",1988,"Q-29",60.383415,-176.055915,1.3
"1494",1988,"Q-30",60.26375,-176.69558,1.4
"1495",1988,"Q-31",60.3385,-177.391335,1.8
"1496",1988,"QP2423",60.167665,-172.31817,1.9
"1497",1988,"QP2726",60.171415,-174.34175,0.3
"1498",1988,"R-22",60.6615,-171.436585,0.2
"1499",1988,"R-23",60.551915,-171.994165,-0.8
"1500",1988,"R-24",60.675085,-172.83217,2.9
"1501",1988,"R-25",60.68875,-173.519085,-0.8
"1502",1988,"R-26",60.666835,-174.136165,-1.2
"1503",1988,"R-27",60.65725,-174.793665,-0.4
"1504",1988,"R-28",60.668335,-175.45183,0.7
"1505",1988,"R-29",60.695,-176.19675,0.8
"1506",1988,"R-30",60.648335,-176.75958,1.5
"1507",1988,"R-31",60.63675,-177.58075,1.7
"1508",1988,"R-32",60.67567,-178.18825,2.3
"1509",1988,"S-22",60.967665,-171.46258,-0.5
"1510",1988,"S-23",60.893665,-172.169165,-0.9
"1511",1988,"S-24",61.0015,-172.81475,-0.5
"1512",1988,"S-25",61.027415,-173.509835,-1.1
"1513",1988,"S-26",60.9965,-174.137665,-1.5
"1514",1988,"S-27",61.0295,-174.87508,-1.3
"1515",1988,"S-28",61.004085,-175.57125,-1
"1516",1988,"S-29",61.04142,-176.301335,0.3
"1517",1988,"S-30",61.001335,-176.96058,0.5
"1518",1988,"S-31",60.99075,-177.638085,1.4
"1519",1988,"T-25",61.394165,-173.532,-1.3
"1520",1988,"T-26",61.326,-174.27567,-1.6
"1521",1988,"T-27",61.34475,-174.884415,-1.4
"1522",1988,"T-28",61.344415,-175.665835,-1.1
"1523",1988,"T-29",61.36008,-176.285,0.9
"1524",1988,"T-30",61.333415,-176.96158,1.5
"1525",1988,"U-25",61.664335,-173.490835,-1.6
"1526",1988,"U-26",61.65708,-174.40942,-1.6
"1527",1988,"U-27",61.640165,-175.01125,-1.5
"1528",1988,"U-28",61.67258,-175.77558,-1.5
"1529",1988,"U-29",61.66808,-176.451835,-0.4
"1530",1988,"V-25",61.9985,-173.51475,-1.6
"1531",1988,"V-26",61.99925,-174.40258,-1.6
"1532",1988,"V-27",61.90325,-174.884915,-1.5
"1533",1988,"V-28",61.984335,-175.896915,-1.5
"1534",1989,"B-03",55.35717,-166.35925,3.7
"1535",1989,"B-05",55.38225,-165.21725,4.1
"1536",1989,"B-06",55.319415,-164.62475,4
"1537",1989,"D-01",56.014415,-167.604915,3.8
"1538",1989,"D-02",55.99775,-166.98025,3.5
"1539",1989,"D-18",56.002165,-168.220085,3.6
"1540",1989,"E-01",56.328085,-167.65025,3.7
"1541",1989,"E-02",56.32358,-167.038835,3.1
"1542",1989,"E-03",56.34892,-166.40517,3.3
"1543",1989,"E-06",56.336,-164.60417,1
"1544",1989,"E-18",56.332415,-168.251165,3.5
"1545",1989,"E-19",56.34875,-168.872915,3.5
"1546",1989,"E-21",56.3585,-170.074085,3.8
"1547",1989,"E-22",56.322415,-170.647335,3.5
"1548",1989,"F-01",56.668085,-167.662,2.9
"1549",1989,"F-03",56.695915,-166.44967,2.8
"1550",1989,"F-04",56.67933,-165.836,1.5
"1551",1989,"F-05",56.638835,-165.2335,1.8
"1552",1989,"F-18",56.65908,-168.28717,2.7
"1553",1989,"F-19",56.6535,-168.915085,3.1
"1554",1989,"F-21",56.671335,-170.115415,3.7
"1555",1989,"F-22",56.65275,-170.73075,3.5
"1556",1989,"F-23",56.641835,-171.369835,3.8
"1557",1989,"F-24",56.65008,-171.98483,4
"1558",1989,"F-25",56.67967,-172.57508,3.7
"1559",1989,"G-01",57.01683,-167.71508,3.7
"1560",1989,"G-02",57.00225,-167.107335,3.5
"1561",1989,"G-03",57.008835,-166.46575,3.2
"1562",1989,"G-04",57.01142,-165.86625,2
"1563",1989,"G-05",56.984665,-165.2195,1.5
"1564",1989,"G-06",57.00083,-164.60125,1.3
"1565",1989,"G-07",57.034915,-163.999,1.5
"1566",1989,"G-18",57.010335,-168.341665,3.5
"1567",1989,"G-19",56.995415,-168.9785,3.6
"1568",1989,"G-20",56.9985,-169.555585,4.5
"1569",1989,"G-22",56.95567,-170.781085,3.5
"1570",1989,"G-23",56.999,-171.38375,3.7
"1571",1989,"G-24",57.007915,-172.015415,3.6
"1572",1989,"G-25",57.00508,-172.63758,3.6
"1573",1989,"GF1918",56.818585,-168.619,2.5
"1574",1989,"GF2019",56.8285,-169.244915,3.5
"1575",1989,"GF2120",56.83142,-169.89325,3.7
"1576",1989,"GF2221",56.851,-170.443915,4
"1577",1989,"H-01",57.331415,-167.73517,3.8
"1578",1989,"H-02",57.330335,-167.14475,3.5
"1579",1989,"H-03",57.404335,-166.490085,3.7
"1580",1989,"H-04",57.32642,-165.858915,1.7
"1581",1989,"H-06",57.325915,-164.591165,1
"1582",1989,"H-18",57.348085,-168.386915,3.9
"1583",1989,"H-19",57.3265,-169.009915,4.1
"1584",1989,"H-20",57.3455,-169.63867,3.3
"1585",1989,"H-23",57.331585,-171.44708,3
"1586",1989,"H-24",57.337665,-172.11642,3.4
"1587",1989,"H-25",57.36717,-172.6675,3.5
"1588",1989,"HG1918",57.17725,-168.632335,3.7
"1589",1989,"I-01",57.696,-167.749665,3.8
"1590",1989,"I-02",57.663335,-167.1565,3
"1591",1989,"I-03",57.68725,-166.50033,3.5
"1592",1989,"I-05",57.66025,-165.252165,1.3
"1593",1989,"I-18",57.674335,-168.39908,3.7
"1594",1989,"I-19",57.662,-169.075,3.9
"1595",1989,"I-20",57.684915,-169.6895,3
"1596",1989,"I-21",57.6655,-170.25775,3.8
"1597",1989,"I-23",57.654085,-171.52817,3.5
"1598",1989,"I-24",57.668835,-172.166165,3.3
"1599",1989,"I-25",57.66508,-172.7885,3.4
"1600",1989,"IH1918",57.505,-168.73592,3.7
"1601",1989,"IH2019",57.50117,-169.37658,4.8
"1602",1989,"IH2120",57.50975,-169.987665,3.4
"1603",1989,"IH2221",57.518585,-170.544665,4
"1604",1989,"J-01",58.002335,-167.77,3.3
"1605",1989,"J-02",57.99775,-167.15508,2.3
"1606",1989,"J-03",58.01917,-166.51992,2.6
"1607",1989,"J-04",57.996,-165.914415,2
"1608",1989,"J-05",57.98408,-165.250335,2.9
"1609",1989,"J-18",58.00625,-168.436085,3.3
"1610",1989,"J-19",57.93875,-169.080415,3.8
"1611",1989,"J-20",58.004335,-169.70275,2.4
"1612",1989,"J-21",58.01875,-170.33342,3.3
"1613",1989,"J-22",57.993,-170.968835,3.3
"1614",1989,"J-23",58.00425,-171.60575,3.3
"1615",1989,"J-24",58.015,-172.198915,3.2
"1616",1989,"J-25",57.998,-172.86525,3.1
"1617",1989,"J-26",57.99792,-173.48508,3
"1618",1989,"JI1918",57.82383,-168.71967,3.5
"1619",1989,"JI2019",57.83067,-169.33233,3.8
"1620",1989,"JI2120",57.819915,-170.000165,3
"1621",1989,"JI2221",57.84575,-170.6045,3.5
"1622",1989,"K-01",58.333665,-167.831665,3.1
"1623",1989,"K-02",58.345835,-167.16267,3
"1624",1989,"K-03",58.35325,-166.55667,3.3
"1625",1989,"K-18",58.33792,-168.479665,3
"1626",1989,"K-19",58.33658,-169.108,3.5
"1627",1989,"K-20",58.371835,-169.720665,2.7
"1628",1989,"K-21",58.380335,-170.37725,3.1
"1629",1989,"K-22",58.32925,-171.02242,3
"1630",1989,"K-23",58.30225,-171.642335,3
"1631",1989,"K-24",58.348,-172.256835,2.9
"1632",1989,"K-25",58.32933,-172.91308,3.1
"1633",1989,"K-26",58.331585,-173.569085,3
"1634",1989,"L-01",58.67008,-167.881835,5.3
"1635",1989,"L-02",58.666415,-167.2075,4
"1636",1989,"L-18",58.6655,-168.49808,3.4
"1637",1989,"L-19",58.67017,-169.164665,3.3
"1638",1989,"L-20",58.65742,-169.773335,2.8
"1639",1989,"L-21",58.67325,-170.4425,2.3
"1640",1989,"L-22",58.648415,-171.08033,2.7
"1641",1989,"L-23",58.67025,-171.6915,3
"1642",1989,"L-24",58.66575,-172.36575,2.8
"1643",1989,"L-26",58.69308,-173.659835,3.2
"1644",1989,"M-18",59.0065,-168.520835,4
"1645",1989,"M-19",59.007915,-169.16275,3.5
"1646",1989,"M-20",58.99742,-169.84308,2.3
"1647",1989,"M-21",59.040665,-170.493415,2.9
"1648",1989,"M-22",59.003585,-171.12442,2
"1649",1989,"M-23",58.992665,-171.756585,2.8
"1650",1989,"M-24",59.000335,-172.457,2.8
"1651",1989,"M-25",59.03675,-173.08417,3.1
"1652",1989,"M-26",58.99842,-173.71425,3
"1653",1989,"M-27",59.01633,-174.36475,3.2
"1654",1989,"M-30",58.994335,-176.307915,2.5
"1655",1989,"N-18",59.33575,-168.567665,4.1
"1656",1989,"N-20",59.349835,-169.871835,2.5
"1657",1989,"N-21",59.36125,-170.54483,2.3
"1658",1989,"N-22",59.330665,-171.177165,1.4
"1659",1989,"N-23",59.33442,-171.832585,2
"1660",1989,"N-24",59.33067,-172.49292,2.6
"1661",1989,"N-25",59.356,-173.17475,3
"1662",1989,"N-26",59.33525,-173.795335,3
"1663",1989,"N-27",59.342165,-174.364,3.1
"1664",1989,"N-28",59.337,-175.17192,2.8
"1665",1989,"N-29",59.334585,-175.775085,2.5
"1666",1989,"N-30",59.3145,-176.48158,2.3
"1667",1989,"N-31",59.247665,-176.936165,2.4
"1668",1989,"O-18",59.6675,-168.630585,4.2
"1669",1989,"O-19",59.643,-169.25975,3.9
"1670",1989,"O-20",59.66675,-169.91925,2.5
"1671",1989,"O-21",59.680415,-170.57567,2.7
"1672",1989,"O-22",59.67442,-171.255165,0.8
"1673",1989,"O-23",59.665335,-171.919915,1.5
"1674",1989,"O-24",59.6665,-172.56025,1.7
"1675",1989,"O-25",59.673915,-173.26125,2.5
"1676",1989,"O-26",59.667085,-173.878415,2.9
"1677",1989,"O-27",59.67967,-174.453085,2.9
"1678",1989,"O-28",59.66758,-175.11258,2.7
"1679",1989,"O-29",59.662,-175.87208,2.5
"1680",1989,"O-30",59.65958,-176.518915,1.8
"1681",1989,"ON2524",59.5135,-172.81417,2.5
"1682",1989,"ON2625",59.497915,-173.451915,2.8
"1683",1989,"P-20",59.99925,-169.96733,2.2
"1684",1989,"P-21",60.002585,-170.63508,1.6
"1685",1989,"P-22",59.992,-171.319335,0.6
"1686",1989,"P-23",59.99908,-171.97775,1.5
"1687",1989,"P-24",60.00208,-172.633415,1.5
"1688",1989,"P-25",60.00092,-173.3025,1.8
"1689",1989,"P-26",60.008,-173.95025,2.2
"1690",1989,"P-27",60.019335,-174.603415,2.5
"1691",1989,"P-28",60.015415,-175.21183,2.9
"1692",1989,"P-29",60.00358,-175.903915,2.7
"1693",1989,"P-30",60.00075,-176.648665,1.9
"1694",1989,"P-31",60.003,-177.18425,1.9
"1695",1989,"P-32",60.00583,-177.880335,1.8
"1696",1989,"PO2423",59.803415,-172.2365,1.8
"1697",1989,"PO2524",59.834665,-172.860085,1.5
"1698",1989,"PO2625",59.84058,-173.52342,2.1
"1699",1989,"PO2726",59.83833,-174.21358,2.9
"1700",1989,"Q-20",60.322665,-170.016665,2
"1701",1989,"Q-21",60.340165,-170.69392,1.3
"1702",1989,"Q-22",60.341415,-171.36842,0.7
"1703",1989,"Q-23",60.339,-172.075835,1.4
"1704",1989,"Q-25",60.319085,-173.422415,3.5
"1705",1989,"Q-26",60.330835,-174.05425,1.7
"1706",1989,"Q-27",60.318665,-174.7075,2.4
"1707",1989,"Q-28",60.331165,-175.40508,2.6
"1708",1989,"Q-29",60.3385,-176.017415,2.5
"1709",1989,"Q-30",60.328915,-176.72775,2.1
"1710",1989,"Q-31",60.331085,-177.363665,1.7
"1711",1989,"QP2423",60.162835,-172.322665,3.1
"1712",1989,"QP2625",60.166,-173.549085,2.2
"1713",1989,"QP2726",60.148665,-174.32842,2.5
"1714",1989,"R-22",60.66733,-171.44425,0.3
"1715",1989,"R-23",60.65108,-172.11875,0.9
"1716",1989,"R-24",60.665085,-172.778165,3.5
"1717",1989,"R-25",60.68458,-173.511835,2.3
"1718",1989,"R-26",60.658335,-174.131415,2.1
"1719",1989,"R-27",60.64425,-174.787915,2.1
"1720",1989,"R-28",60.669165,-175.45783,2.5
"1721",1989,"R-31",60.662665,-177.517665,1.8
"1722",1989,"R-32",60.64667,-178.161165,2.4
"1723",1989,"S-22",60.97875,-171.48942,0.3
"1724",1989,"S-23",60.981,-172.16742,0.8
"1725",1989,"S-24",60.98242,-172.844,1.5
"1726",1989,"S-25",60.996085,-173.5035,1
"1727",1989,"S-26",60.99492,-174.150915,1.6
"1728",1989,"S-27",61.06883,-174.9355,2
"1729",1989,"S-28",61.002415,-175.572415,2.2
"1730",1989,"S-29",61.00175,-176.279665,2.1
"1731",1989,"S-30",60.997,-176.93158,2
"1732",1989,"S-31",60.99925,-177.6335,2.2
"1733",1989,"T-25",61.33917,-173.56342,0.4
"1734",1989,"T-26",61.343585,-174.21875,-0.8
"1735",1989,"T-27",61.36075,-175.011665,1.1
"1736",1989,"T-28",61.28042,-175.80183,2
"1737",1989,"T-29",61.3285,-176.289835,2
"1738",1989,"T-30",61.3305,-176.96275,1.9
"1739",1989,"U-25",61.66825,-173.695915,-0.3
"1740",1989,"U-26",61.65775,-174.31467,-0.3
"1741",1989,"U-27",61.670665,-174.98258,0.5
"1742",1989,"U-28",61.665915,-175.76475,0.8
"1743",1989,"U-29",61.66808,-176.44458,1.5
"1744",1989,"V-25",61.9925,-173.962335,-0.5
"1745",1989,"V-26",61.92675,-174.596,-0.5
"1746",1989,"V-27",61.998835,-175.187165,-0.4
"1747",1989,"V-28",62.00275,-176.05717,0.7
"1748",1989,"Z-05",54.696585,-165.122665,5.3
"1749",1990,"A-02",55.01725,-166.9625,3.5
"1750",1990,"A-05",54.99525,-165.09692,4.4
"1751",1990,"B-02",55.28575,-166.96742,3.5
"1752",1990,"B-05",55.33417,-165.161835,3.9
"1753",1990,"B-06",55.324335,-164.639335,3.6
"1754",1990,"C-01",55.659415,-167.57975,3.7
"1755",1990,"C-02",55.6675,-166.979,3.6
"1756",1990,"C-05",55.6685,-165.16217,3.9
"1757",1990,"D-02",56.00775,-167.00117,3.7
"1758",1990,"D-05",55.99042,-165.207,3.2
"1759",1990,"E-01",56.323335,-167.622665,3.5
"1760",1990,"E-02",56.326585,-167.0255,3.6
"1761",1990,"E-03",56.334835,-166.385165,3.3
"1762",1990,"E-05",56.33125,-165.20475,2.4
"1763",1990,"E-06",56.315915,-164.59125,2.7
"1764",1990,"E-18",56.3295,-168.24958,3.6
"1765",1990,"E-19",56.34858,-168.872585,3.7
"1766",1990,"E-21",56.3495,-170.066415,3.6
"1767",1990,"E-22",56.337,-170.692335,4
"1768",1990,"F-01",56.673915,-167.66083,3.2
"1769",1990,"F-02",56.671835,-167.080085,2.9
"1770",1990,"F-03",56.6655,-166.43133,1.9
"1771",1990,"F-05",56.67742,-165.21225,2.1
"1772",1990,"F-18",56.66158,-168.3055,3.4
"1773",1990,"F-19",56.66767,-168.9075,3
"1774",1990,"F-21",56.67292,-170.160665,3.5
"1775",1990,"F-23",56.69017,-171.34025,4.7
"1776",1990,"F-24",56.7105,-171.853165,3.8
"1777",1990,"G-01",57.00167,-167.70375,2.1
"1778",1990,"G-02",56.964665,-167.091,2.5
"1779",1990,"G-03",57.00967,-166.43417,2.1
"1780",1990,"G-18",56.99983,-168.3855,2.5
"1781",1990,"G-22",57.009915,-170.77358,4.3
"1782",1990,"G-23",56.9995,-171.39525,3.2
"1783",1990,"G-24",56.99825,-172.02417,3.7
"1784",1990,"GF1918",56.842915,-168.607335,2.7
"1785",1990,"GF2019",56.82325,-169.28717,2.7
"1786",1990,"H-01",57.324585,-167.738335,2.3
"1787",1990,"H-02",57.3315,-167.137835,2.5
"1788",1990,"H-03",57.330915,-166.48075,2.6
"1789",1990,"H-05",57.324915,-165.254085,1.9
"1790",1990,"H-06",57.27517,-164.61367,2.1
"1791",1990,"H-19",57.35675,-168.998665,2.2
"1792",1990,"H-22",57.358,-170.829,3.4
"1793",1990,"H-23",57.33083,-171.4695,2.4
"1794",1990,"H-24",57.326585,-172.082915,3
"1795",1990,"HG1918",57.1715,-168.606165,2.6
"1796",1990,"I-01",57.664665,-167.769585,2
"1797",1990,"I-02",57.67475,-167.123915,1.9
"1798",1990,"I-03",57.66075,-166.51592,2
"1799",1990,"I-05",57.661585,-165.2575,2.1
"1800",1990,"I-18",57.702165,-168.423835,2.4
"1801",1990,"I-19",57.676585,-169.049085,1.7
"1802",1990,"I-20",57.666165,-169.70017,1.5
"1803",1990,"I-21",57.668335,-170.27167,-0.5
"1804",1990,"I-22",57.68925,-170.90975,2.5
"1805",1990,"I-23",57.672665,-171.532085,2.2
"1806",1990,"I-24",57.659835,-172.16375,2.7
"1807",1990,"I-25",57.6625,-172.773915,2.5
"1808",1990,"IH1918",57.53725,-168.654165,2.5
"1809",1990,"IH2221",57.51358,-170.561165,1.9
"1810",1990,"J-01",57.995415,-167.78975,1.5
"1811",1990,"J-02",57.994165,-167.150335,1.4
"1812",1990,"J-03",58.00125,-166.5225,1.9
"1813",1990,"J-05",58.003335,-165.244085,2.2
"1814",1990,"J-19",58.005665,-169.08625,1.4
"1815",1990,"J-20",57.98017,-169.705335,1.1
"1816",1990,"J-21",57.99192,-170.338835,-0.4
"1817",1990,"J-22",58.014085,-170.985,1.5
"1818",1990,"J-23",58.001915,-171.602835,1.6
"1819",1990,"J-24",57.99375,-172.26375,2.4
"1820",1990,"J-26",58.02625,-173.492915,3.9
"1821",1990,"JI2120",57.817585,-169.93442,1
"1822",1990,"JI2221",57.829335,-170.623335,0.2
"1823",1990,"K-01",58.33258,-167.834085,1.2
"1824",1990,"K-02",58.32717,-167.187085,2.4
"1825",1990,"K-19",58.33175,-169.130335,0.7
"1826",1990,"K-20",58.313085,-169.73075,0.7
"1827",1990,"K-21",58.332915,-170.380415,2.5
"1828",1990,"K-22",58.3625,-171.1765,0.2
"1829",1990,"K-23",58.34375,-171.644915,0.6
"1830",1990,"K-24",58.309085,-172.282335,-1.5
"1831",1990,"K-25",58.32325,-172.943665,1.8
"1832",1990,"K-26",58.326915,-173.550415,2.9
"1833",1990,"L-19",58.67883,-169.20833,0.8
"1834",1990,"L-20",58.631335,-169.777835,0.5
"1835",1990,"L-21",58.659085,-170.476915,-1
"1836",1990,"L-22",58.659665,-171.073835,-1.2
"1837",1990,"L-23",58.670835,-171.709915,-0.4
"1838",1990,"L-25",58.666,-172.986085,1.9
"1839",1990,"M-01",58.992915,-167.8905,3.6
"1840",1990,"M-19",59.012835,-169.18,1.3
"1841",1990,"M-20",59.001,-169.81475,0.6
"1842",1990,"M-21",59.0035,-170.48425,-1.3
"1843",1990,"M-22",59.010585,-171.125665,-1.1
"1844",1990,"M-23",59.00758,-171.775915,-1
"1845",1990,"M-24",59.003085,-172.44633,0.3
"1846",1990,"M-25",58.99992,-173.066585,1.1
"1847",1990,"M-26",59.029,-173.720665,2.4
"1848",1990,"M-27",59.02983,-174.369915,2.4
"1849",1990,"M-28",58.922665,-175.15842,2.6
"1850",1990,"M-29",58.996,-175.733915,1.8
"1851",1990,"M-31",59.0175,-176.9835,2.1
"1852",1990,"N-20",59.328,-169.86342,1.1
"1853",1990,"N-21",59.33417,-170.544085,-1.1
"1854",1990,"N-22",59.3485,-171.185085,-1.1
"1855",1990,"N-23",59.327585,-171.83333,-1.5
"1856",1990,"N-24",59.319665,-172.516415,-0.3
"1857",1990,"N-26",59.358085,-173.80475,1.5
"1858",1990,"N-27",59.328915,-174.4365,2.2
"1859",1990,"N-28",59.279585,-175.134835,2.3
"1860",1990,"N-29",59.33717,-175.75833,1.7
"1861",1990,"N-30",59.34625,-176.381085,1.7
"1862",1990,"O-20",59.655915,-169.940665,1.1
"1863",1990,"O-21",59.659085,-170.59517,-0.9
"1864",1990,"O-22",59.685585,-171.256,-1.1
"1865",1990,"O-23",59.666085,-171.90042,-1.5
"1866",1990,"O-24",59.66625,-172.63425,-1
"1867",1990,"O-25",59.666335,-173.24825,0.9
"1868",1990,"O-26",59.70542,-173.89542,0.7
"1869",1990,"O-27",59.658835,-174.44225,1.5
"1870",1990,"O-28",59.643585,-175.15908,2.2
"1871",1990,"O-29",59.6525,-175.859,1.7
"1872",1990,"O-30",59.68608,-176.542085,1.4
"1873",1990,"ON2524",59.496415,-172.774415,-0.3
"1874",1990,"P-19",59.994415,-169.32225,2.7
"1875",1990,"P-20",59.998085,-169.9685,1.2
"1876",1990,"P-21",60.003665,-170.62142,-0.4
"1877",1990,"P-22",60.04317,-171.313085,-1
"1878",1990,"P-23",59.98792,-171.97342,-1.4
"1879",1990,"P-24",59.98733,-172.68325,-0.6
"1880",1990,"P-26",60.035585,-173.945665,-0.5
"1881",1990,"P-27",60.019915,-174.594335,0.4
"1882",1990,"P-28",59.92583,-175.262,1.9
"1883",1990,"P-29",59.967335,-175.93483,1.7
"1884",1990,"P-30",60.03375,-176.72408,1.3
"1885",1990,"P-31",59.998085,-177.256415,1.1
"1886",1990,"PO2423",59.84617,-172.214915,-1.5
"1887",1990,"PO2524",59.793415,-172.83667,-0.9
"1888",1990,"PO2726",59.84567,-174.15617,0.7
"1889",1990,"Q-20",60.31075,-170.023,1.3
"1890",1990,"Q-21",60.327,-170.6685,0
"1891",1990,"Q-22",60.339915,-171.39408,-0.8
"1892",1990,"Q-23",60.327915,-172.039165,-1.1
"1893",1990,"Q-26",60.38758,-174.070915,-0.7
"1894",1990,"Q-27",60.364415,-174.698585,-0.1
"1895",1990,"Q-28",60.30825,-175.377915,1.3
"1896",1990,"Q-29",60.32575,-176.01875,1.4
"1897",1990,"Q-30",60.390085,-176.707835,1.7
"1898",1990,"Q-31",60.33658,-177.389665,0.8
"1899",1990,"QP2524",60.17142,-173.03083,0.4
"1900",1990,"QP2726",60.16825,-174.34817,-0.3
"1901",1990,"R-22",60.668,-171.424085,-1
"1902",1990,"R-23",60.659,-172.111665,-1.2
"1903",1990,"R-24",60.6745,-172.785585,2.5
"1904",1990,"R-25",60.646665,-173.450665,-1
"1905",1990,"R-26",60.7135,-174.148085,-0.9
"1906",1990,"R-27",60.671085,-174.800085,-0.4
"1907",1990,"R-28",60.644165,-175.454085,0.4
"1908",1990,"R-29",60.66742,-176.194915,0.9
"1909",1990,"R-30",60.7015,-176.812335,1.4
"1910",1990,"R-31",60.67767,-177.51275,0.7
"1911",1990,"R-32",60.663585,-178.12292,1.6
"1912",1990,"S-22",60.982835,-171.540585,0.6
"1913",1990,"S-23",61.0115,-172.1625,-0.5
"1914",1990,"S-24",60.97225,-172.807835,-0.1
"1915",1990,"S-25",61.0345,-173.5105,-0.2
"1916",1990,"S-26",60.998,-174.133915,-1.2
"1917",1990,"S-27",61.001415,-174.868915,-0.9
"1918",1990,"S-28",60.973835,-175.49108,-0.1
"1919",1990,"S-29",60.9955,-176.298415,0.3
"1920",1990,"S-30",61.040335,-177.222,1.2
"1921",1990,"S-31",60.991335,-177.5175,1.4
"1922",1990,"T-25",61.368585,-173.542,-1.3
"1923",1990,"T-26",61.357,-174.27367,-1.5
"1924",1990,"T-27",61.325415,-174.871165,-1.5
"1925",1990,"T-28",61.318915,-175.662335,-0.3
"1926",1990,"T-29",61.32325,-176.29875,-0.1
"1927",1990,"T-30",61.3055,-177.11808,1.2
"1928",1990,"U-25",61.703835,-173.595,-1.1
"1929",1990,"U-26",61.668415,-174.45183,-1.5
"1930",1990,"U-27",61.67225,-174.9845,-1.3
"1931",1990,"U-28",61.63042,-175.77958,-0.4
"1932",1990,"U-29",61.642415,-176.3765,-0.2
"1933",1990,"V-25",62.018335,-173.703585,-0.7
"1934",1990,"V-26",61.996915,-174.53475,-1.3
"1935",1990,"V-27",61.978915,-175.004915,-1.4
"1936",1990,"V-28",61.911085,-175.849415,-1.2
"1937",1991,"B-01",55.343,-167.528,3.4
"1938",1991,"B-02",55.358915,-166.962335,3.4
"1939",1991,"B-03",55.347415,-166.36292,3.7
"1940",1991,"B-05",55.336,-165.174585,4.2
"1941",1991,"C-01",55.595,-167.57042,3.4
"1942",1991,"C-02",55.68675,-166.993415,3.4
"1943",1991,"C-04",55.643665,-165.799585,3.9
"1944",1991,"C-05",55.67425,-165.1795,3.4
"1945",1991,"C-06",55.689415,-164.58633,2.9
"1946",1991,"D-01",56.001085,-167.622335,3.3
"1947",1991,"D-02",56.041585,-167.01092,3.3
"1948",1991,"D-03",56.005,-166.388,3.6
"1949",1991,"D-04",55.984665,-165.806835,3.7
"1950",1991,"D-05",55.972585,-165.10033,3.5
"1951",1991,"E-01",56.336,-167.6465,3.3
"1952",1991,"E-03",56.33808,-166.42067,3.3
"1953",1991,"E-04",56.31375,-165.805165,2.7
"1954",1991,"E-19",56.36458,-168.88875,3.2
"1955",1991,"E-21",56.4155,-170.216165,5.5
"1956",1991,"E-22",56.356085,-170.7295,3.6
"1957",1991,"F-01",56.674835,-167.700665,2.9
"1958",1991,"F-02",56.704165,-167.06,2.3
"1959",1991,"F-03",56.666,-166.460335,2
"1960",1991,"F-05",56.660585,-165.217585,1.7
"1961",1991,"F-19",56.669585,-168.901915,2.8
"1962",1991,"F-22",56.667915,-170.737585,3.6
"1963",1991,"F-23",56.67,-171.3505,3.5
"1964",1991,"F-24",56.77275,-171.948165,3.5
"1965",1991,"G-01",57.00333,-167.70117,2.5
"1966",1991,"G-02",57.029915,-167.087165,2.9
"1967",1991,"G-03",56.99883,-166.480335,2.7
"1968",1991,"G-04",56.979415,-165.84975,1.9
"1969",1991,"G-05",57.00275,-165.210915,2.1
"1970",1991,"G-19",56.994915,-168.92558,2.5
"1971",1991,"G-23",57.00792,-171.404665,3.1
"1972",1991,"G-24",57.051665,-172.06167,3.3
"1973",1991,"G-25",57.002665,-172.6465,3.1
"1974",1991,"G-26",57.03542,-173.160085,3.4
"1975",1991,"GF1918",56.84625,-168.623835,2.5
"1976",1991,"GF2019",56.843165,-169.30383,2.5
"1977",1991,"GF2120",56.856835,-169.8715,3.6
"1978",1991,"GF2221",56.839335,-170.447085,3.5
"1979",1991,"H-02",57.33842,-167.11992,3.2
"1980",1991,"H-03",57.34742,-166.48625,2.8
"1981",1991,"H-05",57.338415,-165.221085,2.4
"1982",1991,"H-06",57.340165,-164.614335,1.9
"1983",1991,"H-07",57.33283,-164.02975,2
"1984",1991,"H-18",57.325335,-168.369165,2.8
"1985",1991,"H-23",57.331335,-171.415165,3.1
"1986",1991,"H-24",57.369,-172.094,2.8
"1987",1991,"H-25",57.338415,-172.798585,3
"1988",1991,"H-26",57.387165,-173.298165,3.3
"1989",1991,"HG1918",57.18875,-168.651415,2.6
"1990",1991,"HG2019",57.14475,-169.344335,2.5
"1991",1991,"HG2221",57.10892,-170.461,5.4
"1992",1991,"I-01",57.67025,-167.7985,3.4
"1993",1991,"I-02",57.70442,-167.12225,1.7
"1994",1991,"I-03",57.669665,-166.50375,2.1
"1995",1991,"I-04",57.636,-165.88717,2.5
"1996",1991,"I-05",57.66617,-165.22525,1.9
"1997",1991,"I-18",57.660165,-168.40958,3.1
"1998",1991,"I-19",57.64992,-169.010335,2.7
"1999",1991,"I-21",57.65,-170.23233,2.1
"2000",1991,"I-22",57.672585,-170.903165,3
"2001",1991,"I-23",57.667,-171.48075,2.8
"2002",1991,"I-24",57.749835,-172.15742,2.7
"2003",1991,"IH1918",57.498085,-168.76208,2.9
"2004",1991,"IH2019",57.507665,-169.352665,2.5
"2005",1991,"IH2120",57.511085,-169.959165,2.7
"2006",1991,"IH2221",57.505665,-170.58675,3
"2007",1991,"J-01",57.995915,-167.81225,2.4
"2008",1991,"J-02",58.014915,-167.18775,1.5
"2009",1991,"J-03",58.00858,-166.524085,2.2
"2010",1991,"J-04",57.98283,-165.91233,2.5
"2011",1991,"J-18",57.969335,-168.448165,2.5
"2012",1991,"J-19",58.00133,-169.05517,2
"2013",1991,"J-21",58.011585,-170.33033,0.8
"2014",1991,"J-22",57.978,-170.891835,2
"2015",1991,"J-23",57.997915,-171.5865,2.2
"2016",1991,"J-24",58.08625,-172.24,1.7
"2017",1991,"J-25",58.001415,-172.86908,2.5
"2018",1991,"J-26",58,-173.49617,2.9
"2019",1991,"JI1918",57.827665,-168.7415,2.7
"2020",1991,"JI2120",57.81933,-169.99025,1.6
"2021",1991,"JI2221",57.83808,-170.59625,1.7
"2022",1991,"K-01",58.317915,-167.854915,1.6
"2023",1991,"K-02",58.357,-167.19542,3.3
"2024",1991,"K-03",58.336665,-166.54133,3.7
"2025",1991,"K-18",58.31475,-168.46708,1.5
"2026",1991,"K-19",58.332415,-169.107415,1.5
"2027",1991,"K-21",58.336,-170.394085,0.2
"2028",1991,"K-22",58.33283,-171.00133,0.5
"2029",1991,"K-23",58.34075,-171.6585,1.1
"2030",1991,"K-24",58.397915,-172.29308,1.5
"2031",1991,"K-25",58.335915,-172.9285,1.7
"2032",1991,"K-26",58.285915,-173.55558,2.5
"2033",1991,"L-18",58.649085,-168.48692,2.2
"2034",1991,"L-19",58.66958,-169.150915,1.6
"2035",1991,"L-21",58.658665,-170.443665,-0.5
"2036",1991,"L-22",58.666335,-171.067165,0.1
"2037",1991,"L-23",58.676,-171.723915,1
"2038",1991,"L-24",58.68067,-172.3745,1.4
"2039",1991,"L-25",58.675835,-173.021415,1.7
"2040",1991,"L-31",58.692,-176.81092,2
"2041",1991,"M-18",58.98975,-168.534915,3.2
"2042",1991,"M-19",59.016,-169.191335,2.5
"2043",1991,"M-21",59.004915,-170.49683,-0.7
"2044",1991,"M-22",59.00308,-171.122085,-0.8
"2045",1991,"M-23",58.99975,-171.782915,0.3
"2046",1991,"M-24",59.010585,-172.417335,1.1
"2047",1991,"M-25",58.99808,-173.078335,1.4
"2048",1991,"M-26",59.005085,-173.72033,1.8
"2049",1991,"M-27",59.05442,-174.375335,2
"2050",1991,"M-28",58.994665,-174.74025,2.2
"2051",1991,"M-29",59.01025,-175.744,1
"2052",1991,"M-30",59.0065,-176.305665,3
"2053",1991,"N-01",59.337085,-167.96375,4.2
"2054",1991,"N-19",59.329835,-169.251835,2.8
"2055",1991,"N-22",59.3285,-171.170085,-0.9
"2056",1991,"N-23",59.334335,-171.83067,-0.8
"2057",1991,"N-24",59.36358,-172.49708,0.2
"2058",1991,"N-25",59.33258,-173.147085,0.8
"2059",1991,"N-26",59.274915,-173.850665,1.4
"2060",1991,"N-27",59.313915,-174.28775,1.7
"2061",1991,"N-28",59.330585,-175.149665,2.2
"2062",1991,"N-29",59.341165,-175.74525,1.3
"2063",1991,"N-30",59.343585,-176.39858,1
"2064",1991,"N-31",59.315165,-176.99725,2.1
"2065",1991,"O-21",59.656165,-170.580415,-0.3
"2066",1991,"O-22",59.65583,-171.25775,-0.8
"2067",1991,"O-23",59.6605,-171.926,-1
"2068",1991,"O-24",59.6765,-172.62075,-0.8
"2069",1991,"O-25",59.65233,-173.258415,0.6
"2070",1991,"O-27",59.5795,-174.422085,1.2
"2071",1991,"O-28",59.68242,-175.12925,1.6
"2072",1991,"O-29",59.68725,-175.874915,1.6
"2073",1991,"O-30",59.6515,-176.527,1.1
"2074",1991,"O-31",59.676085,-177.19592,2.1
"2075",1991,"ON2524",59.524665,-172.87175,0.1
"2076",1991,"ON2625",59.507165,-173.52625,0.8
"2077",1991,"P-21",60.006665,-170.629915,-0.1
"2078",1991,"P-22",59.99175,-171.284915,-0.5
"2079",1991,"P-23",60.0015,-171.942335,0
"2080",1991,"P-24",59.994585,-172.65375,-0.6
"2081",1991,"P-26",59.98908,-173.928335,0.1
"2082",1991,"P-27",59.981085,-174.587,0.7
"2083",1991,"P-28",59.9925,-175.29367,1
"2084",1991,"P-29",60.02033,-175.93108,1.2
"2085",1991,"P-30",60.008835,-176.717085,0.9
"2086",1991,"P-31",60.015165,-177.24758,0.9
"2087",1991,"P-32",59.987915,-177.863165,0.9
"2088",1991,"PO2423",59.829915,-172.25075,-1
"2089",1991,"PO2524",59.84925,-172.87717,-1
"2090",1991,"PO2726",59.829915,-174.27875,0.8
"2091",1991,"Q-21",60.316165,-170.684415,0.2
"2092",1991,"Q-22",60.325085,-171.311165,-0.5
"2093",1991,"Q-27",60.300915,-174.625335,-0.3
"2094",1991,"Q-28",60.384915,-175.29017,0.5
"2095",1991,"Q-29",60.3295,-176.058835,0.9
"2096",1991,"Q-30",60.325835,-176.702,1
"2097",1991,"Q-31",60.34883,-177.384915,0.8
"2098",1991,"QP2423",60.166335,-172.320835,2.3
"2099",1991,"QP2524",60.17125,-173.01975,1.2
"2100",1991,"QP2625",60.11917,-173.75475,-0.6
"2101",1991,"QP2726",60.130415,-174.411915,0.3
"2102",1991,"R-23",60.65825,-172.07625,-1
"2103",1991,"R-24",60.693665,-172.772665,2.1
"2104",1991,"R-25",60.673835,-173.469585,0.4
"2105",1991,"R-26",60.66408,-174.117335,-1.4
"2106",1991,"R-27",60.70867,-174.784165,-1.2
"2107",1991,"R-28",60.66025,-175.45792,-0.3
"2108",1991,"R-29",60.669915,-176.041,0.2
"2109",1991,"R-30",60.656915,-176.991665,0.9
"2110",1991,"R-32",60.671415,-178.17442,1.4
"2111",1991,"S-23",60.997915,-172.17758,-0.2
"2112",1991,"S-24",61.037835,-172.825,-1.1
"2113",1991,"S-25",61.00242,-173.5,-1.5
"2114",1991,"S-26",60.97208,-174.163665,-1.5
"2115",1991,"S-27",61.0225,-174.88658,-1.5
"2116",1991,"S-28",60.983,-175.572165,-1.3
"2117",1991,"S-29",60.97183,-176.226835,-0.2
"2118",1991,"S-30",60.968665,-177.013585,0.4
"2119",1991,"T-25",61.333335,-173.551,-1.6
"2120",1991,"T-26",61.34467,-174.331085,-1.5
"2121",1991,"T-27",61.360335,-175.009335,-1.5
"2122",1991,"T-28",61.31725,-175.664585,-1.4
"2123",1991,"T-29",61.3425,-176.42383,-0.4
"2124",1991,"T-30",61.33275,-176.9595,-0.1
"2125",1991,"U-25",61.664585,-173.658165,-1.7
"2126",1991,"U-26",61.6445,-174.35117,-1.6
"2127",1991,"U-27",61.706335,-175.1525,-1.6
"2128",1991,"U-28",61.67125,-175.8075,-1.5
"2129",1991,"U-29",61.62717,-176.44742,-0.6
"2130",1991,"V-25",62.00342,-173.69617,-1.6
"2131",1991,"V-26",61.982585,-174.57142,-1.7
"2132",1991,"V-27",61.91608,-175.27525,-1.6
"2133",1991,"V-28",61.930165,-175.777665,-1.6
"2134",1992,"A-02",55.00767,-166.926415,4
"2135",1992,"A-03",55.00975,-166.332835,4
"2136",1992,"B-01",55.34175,-167.551585,4
"2137",1992,"B-03",55.336,-166.352665,3.8
"2138",1992,"C-01",55.67033,-167.58433,3.9
"2139",1992,"C-02",55.67917,-166.979835,3.8
"2140",1992,"C-03",55.6605,-166.38275,3.9
"2141",1992,"C-04",55.66633,-165.800415,4.2
"2142",1992,"C-06",55.67108,-164.60033,2.5
"2143",1992,"C-18",55.662335,-168.1845,0
"2144",1992,"D-01",55.996165,-167.62025,3.8
"2145",1992,"D-02",55.992415,-166.996085,3.6
"2146",1992,"D-04",55.997335,-165.783415,4.2
"2147",1992,"D-05",56.0055,-165.18383,3
"2148",1992,"E-01",56.3325,-167.65217,3.5
"2149",1992,"E-02",56.33575,-167.037085,3.2
"2150",1992,"E-05",56.334085,-165.201585,0.2
"2151",1992,"E-18",56.354585,-168.25533,3.8
"2152",1992,"E-19",56.3465,-168.87275,3.7
"2153",1992,"E-21",56.33792,-170.06175,3
"2154",1992,"E-22",56.345335,-170.70375,4.2
"2155",1992,"F-01",56.659835,-167.6695,0.3
"2156",1992,"F-02",56.667585,-167.040415,-0.6
"2157",1992,"F-03",56.668,-166.4445,-0.5
"2158",1992,"F-07",56.665585,-164.002585,-0.4
"2159",1992,"F-18",56.6625,-168.27858,0.5
"2160",1992,"F-19",56.67283,-168.90742,1.4
"2161",1992,"F-22",56.667585,-170.73625,5.3
"2162",1992,"F-24",56.66367,-171.96625,3.9
"2163",1992,"G-01",57.000835,-167.695915,0.9
"2164",1992,"G-02",57.000585,-167.05933,1.1
"2165",1992,"G-05",57.00325,-165.217585,-0.4
"2166",1992,"G-18",56.997415,-168.332165,0
"2167",1992,"G-20",57.006415,-169.5495,0.7
"2168",1992,"G-22",57.00425,-170.78317,2.6
"2169",1992,"G-23",57.006335,-171.390165,3.3
"2170",1992,"G-24",56.994915,-172.0375,4.1
"2171",1992,"G-26",57.002,-173.251165,3.4
"2172",1992,"GF1918",56.82983,-168.598,0
"2173",1992,"GF2019",56.83533,-169.30183,0.6
"2174",1992,"GF2120",56.832665,-169.84775,2.4
"2175",1992,"GF2221",56.824165,-170.484335,2.7
"2176",1992,"H-01",57.33267,-167.73275,0.7
"2177",1992,"H-02",57.330665,-167.094415,0.7
"2178",1992,"H-03",57.335085,-166.49133,1.2
"2179",1992,"H-04",57.32167,-165.865585,0.2
"2180",1992,"H-05",57.334415,-165.2355,0.1
"2181",1992,"H-18",57.33342,-168.36908,0
"2182",1992,"H-19",57.33867,-168.987,0.2
"2183",1992,"H-20",57.336165,-169.591,0.7
"2184",1992,"H-21",57.336585,-170.21567,4.3
"2185",1992,"H-22",57.35375,-170.85525,1.4
"2186",1992,"H-23",57.33325,-171.467665,3.3
"2187",1992,"H-26",57.340085,-173.323835,3.5
"2188",1992,"HG1918",57.16158,-168.63225,-0.1
"2189",1992,"HG2019",57.172835,-169.31658,-0.4
"2190",1992,"I-01",57.67125,-167.769,0.9
"2191",1992,"I-02",57.669665,-167.134,0.6
"2192",1992,"I-03",57.66625,-166.50408,0.9
"2193",1992,"I-04",57.67125,-165.88325,0.2
"2194",1992,"I-18",57.665915,-168.4015,0.7
"2195",1992,"I-19",57.66925,-169.037415,-0.1
"2196",1992,"I-20",57.66858,-169.660585,-0.5
"2197",1992,"I-21",57.66517,-170.27575,0.5
"2198",1992,"I-22",57.66675,-170.903165,1.5
"2199",1992,"I-23",57.664085,-171.53575,2.3
"2200",1992,"I-26",57.687585,-173.38392,3.3
"2201",1992,"IH1918",57.49592,-168.75325,0.1
"2202",1992,"IH2019",57.503415,-169.368915,-0.2
"2203",1992,"IH2120",57.499415,-169.962085,0.7
"2204",1992,"IH2221",57.49767,-170.58417,1.7
"2205",1992,"J-01",57.996915,-167.80175,0.8
"2206",1992,"J-02",57.99683,-167.168085,1
"2207",1992,"J-03",58.002085,-166.518665,0.8
"2208",1992,"J-04",57.997915,-165.89658,2.1
"2209",1992,"J-18",57.998415,-168.432085,0.2
"2210",1992,"J-19",57.999835,-169.070665,0
"2211",1992,"J-20",57.995085,-169.693415,-0.7
"2212",1992,"J-21",58.000585,-170.335665,0.1
"2213",1992,"J-22",58.00067,-170.95933,1
"2214",1992,"J-23",58.00075,-171.607415,2.7
"2215",1992,"J-24",57.9945,-172.232415,3
"2216",1992,"J-25",57.998085,-172.874415,2.4
"2217",1992,"J-26",58.008165,-173.4835,3.3
"2218",1992,"JI1918",57.83325,-168.735665,0.7
"2219",1992,"JI2019",57.833585,-169.38033,-0.5
"2220",1992,"JI2120",57.839915,-169.990665,-0.5
"2221",1992,"JI2221",57.83275,-170.620415,1.1
"2222",1992,"K-01",58.330915,-167.83717,2.5
"2223",1992,"K-18",58.32883,-168.448835,1.5
"2224",1992,"K-19",58.335835,-169.118165,-0.5
"2225",1992,"K-20",58.335415,-169.737665,-0.7
"2226",1992,"K-21",58.33275,-170.386085,-1
"2227",1992,"K-22",58.339915,-171.024585,-0.4
"2228",1992,"K-23",58.3325,-171.65183,1.6
"2229",1992,"K-24",58.332415,-172.302585,1.1
"2230",1992,"K-25",58.3345,-172.93317,1.7
"2231",1992,"K-26",58.33375,-173.568835,3.3
"2232",1992,"L-18",58.673415,-168.5095,3.5
"2233",1992,"L-19",58.66425,-169.147835,1.6
"2234",1992,"L-20",58.67175,-169.7885,-0.7
"2235",1992,"L-21",58.66958,-170.4365,-1.2
"2236",1992,"L-22",58.666335,-171.069915,-1.2
"2237",1992,"L-23",58.6635,-171.718085,-0.2
"2238",1992,"L-24",58.668585,-172.36842,0.9
"2239",1992,"L-25",58.66925,-173.005835,2
"2240",1992,"L-26",58.659585,-173.636165,3.2
"2241",1992,"L-27",58.66383,-174.267335,3.2
"2242",1992,"L-28",58.66725,-174.903,3.1
"2243",1992,"L-29",58.6695,-175.554665,3.3
"2244",1992,"L-31",58.664665,-176.84142,3.4
"2245",1992,"M-19",59.009835,-169.18625,3
"2246",1992,"M-20",58.99475,-169.844,-0.7
"2247",1992,"M-21",59.002415,-170.485835,-1.2
"2248",1992,"M-22",58.998665,-171.11575,-1.5
"2249",1992,"M-23",58.99775,-171.785165,-1.3
"2250",1992,"M-24",58.99625,-172.43192,-0.1
"2251",1992,"M-25",59,-173.089,1.4
"2252",1992,"M-26",58.987415,-173.71775,1.5
"2253",1992,"M-27",59.002665,-174.371,1.8
"2254",1992,"M-28",58.99875,-175.004165,3.1
"2255",1992,"M-29",58.99583,-175.737915,2.8
"2256",1992,"M-30",59.006085,-176.31608,2.8
"2257",1992,"M-31",59.003415,-176.95225,3.1
"2258",1992,"M-32",58.9995,-177.601165,2.9
"2259",1992,"N-21",59.3345,-170.534835,-1.1
"2260",1992,"N-22",59.34092,-171.1965,-1.5
"2261",1992,"N-23",59.33017,-171.83375,-1.5
"2262",1992,"N-24",59.328335,-172.521,-1.1
"2263",1992,"N-25",59.3345,-173.154835,0.2
"2264",1992,"N-26",59.337585,-173.80217,0.9
"2265",1992,"N-27",59.329585,-174.45017,1.8
"2266",1992,"N-28",59.329165,-175.104415,2.4
"2267",1992,"N-29",59.334,-175.74842,2.3
"2268",1992,"N-30",59.336415,-176.389335,2.1
"2269",1992,"N-31",59.33858,-177.07225,2.6
"2270",1992,"O-21",59.666415,-170.585,-1.2
"2271",1992,"O-22",59.664835,-171.2315,-1.6
"2272",1992,"O-23",59.67075,-171.905415,-1.5
"2273",1992,"O-24",59.666335,-172.56175,-1.4
"2274",1992,"O-26",59.67125,-173.8695,-0.1
"2275",1992,"O-27",59.67175,-174.448085,0.7
"2276",1992,"O-28",59.67125,-175.122165,1.8
"2277",1992,"O-29",59.666585,-175.86783,2.4
"2278",1992,"O-30",59.66625,-176.53825,2
"2279",1992,"O-31",59.66992,-177.15125,2.1
"2280",1992,"ON2524",59.494165,-172.85867,-1.3
"2281",1992,"ON2625",59.499165,-173.501585,-0.4
"2282",1992,"P-21",60,-170.637085,-0.9
"2283",1992,"P-22",59.995165,-171.29308,-1.5
"2284",1992,"P-23",59.99975,-171.96575,-1.4
"2285",1992,"P-24",59.999085,-172.61175,-1.3
"2286",1992,"P-26",60.000335,-173.9525,-0.9
"2287",1992,"P-27",59.996915,-174.6015,0.4
"2288",1992,"P-28",60.002915,-175.268665,1.4
"2289",1992,"P-29",60.00108,-175.9335,1.6
"2290",1992,"P-30",60.003585,-176.71417,1.9
"2291",1992,"P-31",60.00792,-177.218335,1.9
"2292",1992,"P-32",60.005165,-177.90308,1.7
"2293",1992,"PO2423",59.835665,-172.249335,-1.5
"2294",1992,"PO2625",59.83567,-173.585085,-1
"2295",1992,"PO2726",59.83475,-174.236415,-0.3
"2296",1992,"Q-21",60.334415,-170.668585,-1.4
"2297",1992,"Q-22",60.334915,-171.37467,-1.5
"2298",1992,"Q-23",60.33142,-172.06783,-1.1
"2299",1992,"Q-26",60.334085,-174.06775,-1.3
"2300",1992,"Q-27",60.332085,-174.7155,-0.2
"2301",1992,"Q-28",60.337,-175.38058,0.8
"2302",1992,"Q-29",60.33633,-176.03225,1.6
"2303",1992,"Q-30",60.336665,-176.714835,1.8
"2304",1992,"Q-31",60.336085,-177.3845,1.6
"2305",1992,"QP2423",60.17133,-172.33008,1.2
"2306",1992,"QP2524",60.15725,-173.029165,-0.7
"2307",1992,"QP2726",60.168415,-174.35567,-0.7
"2308",1992,"R-22",60.669415,-171.438415,-1.6
"2309",1992,"R-23",60.663915,-172.09575,-1.5
"2310",1992,"R-24",60.668085,-172.766835,1.6
"2311",1992,"R-26",60.67017,-174.1375,-1.2
"2312",1992,"R-27",60.66133,-174.81675,-0.2
"2313",1992,"R-28",60.6685,-175.4525,0.2
"2314",1992,"R-29",60.668085,-176.19892,0.8
"2315",1992,"R-30",60.66625,-176.80058,1.9
"2316",1992,"R-32",60.668165,-178.198915,2
"2317",1992,"S-22",60.999,-171.48575,-1.5
"2318",1992,"S-23",60.99625,-172.173335,-1.4
"2319",1992,"S-24",61.001335,-172.815835,-0.9
"2320",1992,"S-25",61.003335,-173.500335,-1.2
"2321",1992,"S-26",61.001835,-174.18342,-1.3
"2322",1992,"S-27",60.99625,-174.882335,-1
"2323",1992,"S-28",60.999415,-175.56708,0.1
"2324",1992,"S-29",61.006,-176.284415,0.8
"2325",1992,"S-30",60.99475,-176.974415,1.1
"2326",1992,"S-31",60.999335,-177.637915,1.5
"2327",1992,"T-25",61.3375,-173.5335,-1.5
"2328",1992,"T-26",61.331585,-174.31625,-1.4
"2329",1992,"T-27",61.334335,-174.9845,-1
"2330",1992,"T-28",61.33358,-175.595665,-0.4
"2331",1992,"T-29",61.334915,-176.29908,0.5
"2332",1992,"T-30",61.33325,-176.9675,1.1
"2333",1992,"U-25",61.66725,-173.58375,-1.5
"2334",1992,"U-26",61.66558,-174.434665,-1.6
"2335",1992,"U-27",61.675165,-174.98217,-1.6
"2336",1992,"U-28",61.6655,-175.783,-0.4
"2337",1992,"U-29",61.664665,-176.465165,0.3
"2338",1992,"V-25",62.000835,-173.57625,-1.5
"2339",1992,"V-26",61.996835,-174.46842,-1.6
"2340",1992,"V-27",62.000165,-174.999665,-1.6
"2341",1992,"V-28",61.99817,-175.82817,-1.5
"2342",1993,"B-03",55.32908,-166.35,4
"2343",1993,"C-02",55.671665,-166.978915,3.9
"2344",1993,"D-02",55.997085,-166.988915,3.8
"2345",1993,"E-02",56.324,-167.03592,3.7
"2346",1993,"E-03",56.33567,-166.415665,3.3
"2347",1993,"E-04",56.341415,-165.806585,2.8
"2348",1993,"E-05",56.334,-165.20792,1.3
"2349",1993,"E-06",56.334915,-164.58483,1.5
"2350",1993,"E-18",56.33275,-168.250165,3.8
"2351",1993,"E-19",56.34625,-168.906,3.9
"2352",1993,"E-21",56.347585,-170.056165,3.8
"2353",1993,"F-01",56.674835,-167.673915,3
"2354",1993,"F-02",56.666585,-167.067915,2.9
"2355",1993,"F-03",56.67375,-166.429165,2.1
"2356",1993,"F-05",56.67117,-165.21975,1.8
"2357",1993,"F-18",56.649,-168.292165,3.4
"2358",1993,"F-19",56.67117,-168.921085,3.8
"2359",1993,"F-21",56.68217,-170.12658,3.7
"2360",1993,"F-22",56.667335,-170.73075,3.7
"2361",1993,"F-24",56.66075,-171.97525,4
"2362",1993,"G-01",57.002835,-167.712335,2.7
"2363",1993,"G-02",56.99708,-167.08675,3
"2364",1993,"G-03",57.013585,-166.441,3.3
"2365",1993,"G-04",57.0095,-165.85183,2.5
"2366",1993,"G-18",56.995165,-168.329835,2.8
"2367",1993,"G-19",56.99775,-168.94125,2.8
"2368",1993,"G-21",56.99858,-170.17775,4.8
"2369",1993,"G-22",56.990915,-170.786085,3.5
"2370",1993,"G-24",57.0055,-172.03625,3.9
"2371",1993,"GF1918",56.829,-168.618165,3
"2372",1993,"GF2221",56.834915,-170.497085,3.5
"2373",1993,"H-03",57.33383,-166.4805,3.4
"2374",1993,"H-04",57.33617,-165.874335,2
"2375",1993,"H-07",57.335085,-163.997,3.2
"2376",1993,"H-18",57.33083,-168.366835,3
"2377",1993,"H-22",57.33258,-170.848,3.6
"2378",1993,"H-23",57.34475,-171.478835,3.5
"2379",1993,"H-24",57.32758,-172.09475,3.8
"2380",1993,"H-25",57.3445,-172.796335,3.8
"2381",1993,"HG1918",57.159415,-168.631665,3
"2382",1993,"HG2019",57.17,-169.314,3.1
"2383",1993,"I-01",57.669085,-167.773665,3.2
"2384",1993,"I-02",57.67025,-167.133835,2.5
"2385",1993,"I-03",57.668165,-166.51275,2.7
"2386",1993,"I-04",57.668415,-165.884835,1.7
"2387",1993,"I-05",57.6725,-165.248915,2.8
"2388",1993,"I-07",57.66925,-163.992415,4
"2389",1993,"I-19",57.65675,-169.031665,3
"2390",1993,"I-22",57.665835,-170.90392,2.8
"2391",1993,"I-23",57.66792,-171.523,3.1
"2392",1993,"I-24",57.657915,-172.16242,3.4
"2393",1993,"I-25",57.67275,-172.801415,3.4
"2394",1993,"IH1918",57.494,-168.749585,2.9
"2395",1993,"J-01",58.001835,-167.808,2.1
"2396",1993,"J-02",58.00425,-167.170415,1.9
"2397",1993,"J-03",57.998665,-166.50458,1.6
"2398",1993,"J-04",58.001,-165.906,2.9
"2399",1993,"J-18",57.997085,-168.431335,3.3
"2400",1993,"J-19",58.00725,-169.0565,3.2
"2401",1993,"J-20",58.0095,-169.697165,2
"2402",1993,"J-21",57.9895,-170.331085,1.7
"2403",1993,"J-22",58.003,-170.96717,2.7
"2404",1993,"J-23",57.999585,-171.592,3
"2405",1993,"J-24",57.987585,-172.229835,3.3
"2406",1993,"J-25",57.994835,-172.86033,3.5
"2407",1993,"J-26",58.00358,-173.495665,3.4
"2408",1993,"JI1918",57.82925,-168.7305,3
"2409",1993,"JI2019",57.826335,-169.355585,2.8
"2410",1993,"JI2221",57.830335,-170.62825,2.8
"2411",1993,"K-01",58.341585,-167.85775,1.4
"2412",1993,"K-02",58.33125,-167.184,3
"2413",1993,"K-18",58.332915,-168.46892,1.7
"2414",1993,"K-19",58.342165,-169.129,2.3
"2415",1993,"K-20",58.34025,-169.738085,2.2
"2416",1993,"K-21",58.327915,-170.41233,1.4
"2417",1993,"K-22",58.336335,-171.020585,2.3
"2418",1993,"K-23",58.331915,-171.641,2.6
"2419",1993,"K-24",58.325165,-172.298335,3
"2420",1993,"K-25",58.33133,-172.938165,3.2
"2421",1993,"K-26",58.315085,-173.56142,3.3
"2422",1993,"L-01",58.65667,-167.86375,3.9
"2423",1993,"L-18",58.67475,-168.499165,2.9
"2424",1993,"L-19",58.66575,-169.17975,1.7
"2425",1993,"L-20",58.664,-169.7815,1.8
"2426",1993,"L-21",58.6695,-170.4355,0.7
"2427",1993,"L-22",58.662,-171.084,1
"2428",1993,"L-23",58.670915,-171.73258,2.1
"2429",1993,"L-24",58.649665,-172.363085,2.6
"2430",1993,"L-25",58.66483,-173.00958,3
"2431",1993,"L-26",58.687335,-173.63925,3.2
"2432",1993,"L-29",58.671835,-175.57017,3
"2433",1993,"L-30",58.66925,-176.200915,3
"2434",1993,"L-31",58.675085,-176.85375,2.9
"2435",1993,"M-01",58.994915,-167.920915,4.2
"2436",1993,"M-19",58.99417,-169.194915,2.1
"2437",1993,"M-20",59.002835,-169.828335,1.8
"2438",1993,"M-21",59.002665,-170.48492,1.7
"2439",1993,"M-23",59.00092,-171.780085,1.2
"2440",1993,"M-24",59.008165,-172.432835,1.9
"2441",1993,"M-25",59.00133,-173.064585,2.5
"2442",1993,"M-26",59.01067,-173.72167,3
"2443",1993,"M-27",58.999085,-174.376665,3
"2444",1993,"M-28",59.002,-175.012,2.8
"2445",1993,"M-30",59.00467,-176.31075,2.7
"2446",1993,"M-31",58.99892,-176.943915,3.2
"2447",1993,"M-32",59.00125,-177.56042,3.1
"2448",1993,"N-01",59.339085,-167.94958,4.2
"2449",1993,"N-19",59.33908,-169.2455,2.7
"2450",1993,"N-20",59.344165,-169.88383,2
"2451",1993,"N-21",59.326835,-170.541335,1.3
"2452",1993,"N-22",59.34358,-171.1825,0.3
"2453",1993,"N-23",59.34075,-171.81808,0.1
"2454",1993,"N-24",59.329165,-172.497335,1.2
"2455",1993,"N-25",59.3355,-173.163415,2.1
"2456",1993,"N-26",59.332665,-173.79775,2.7
"2457",1993,"N-27",59.32758,-174.454085,2.8
"2458",1993,"N-28",59.34233,-175.110835,2.6
"2459",1993,"N-29",59.31433,-175.752835,2.2
"2460",1993,"N-30",59.34525,-176.334335,2
"2461",1993,"N-31",59.33917,-177.051585,3.2
"2462",1993,"O-01",59.67558,-167.9715,5
"2463",1993,"O-18",59.669085,-168.613585,4.6
"2464",1993,"O-19",59.67508,-169.269,3.3
"2465",1993,"O-20",59.66775,-169.92158,2.4
"2466",1993,"O-21",59.669335,-170.584165,1.1
"2467",1993,"O-23",59.6755,-171.89233,-0.1
"2468",1993,"O-24",59.66575,-172.569585,0.2
"2469",1993,"O-25",59.661915,-173.2365,1.6
"2470",1993,"O-26",59.66925,-173.891165,1.8
"2471",1993,"O-27",59.665165,-174.4615,2.7
"2472",1993,"O-28",59.660835,-175.108585,2.5
"2473",1993,"O-29",59.678,-175.85742,2.1
"2474",1993,"O-30",59.671915,-176.543165,1.6
"2475",1993,"O-31",59.662335,-177.13275,2.9
"2476",1993,"ON2524",59.498,-172.886085,1.5
"2477",1993,"ON2625",59.500165,-173.490835,1.8
"2478",1993,"P-18",60.02042,-168.64842,4.9
"2479",1993,"P-19",60.0005,-169.33975,3.6
"2480",1993,"P-20",60.001,-169.97425,2.9
"2481",1993,"P-21",60.00075,-170.63325,1
"2482",1993,"P-23",60.000085,-171.970415,1.1
"2483",1993,"P-25",60.000835,-173.3005,0
"2484",1993,"P-26",59.99175,-173.943085,1.7
"2485",1993,"P-27",60.008,-174.614665,2.2
"2486",1993,"P-29",59.99842,-175.91967,2.2
"2487",1993,"P-30",60.004085,-176.712085,1.6
"2488",1993,"P-31",59.97775,-177.194415,1.6
"2489",1993,"P-32",60.002335,-177.884335,1.8
"2490",1993,"PO2423",59.832585,-172.256,-0.1
"2491",1993,"PO2625",59.8325,-173.56692,1.5
"2492",1993,"PO2726",59.83542,-174.22725,1.9
"2493",1993,"Q-18",60.336665,-168.675165,1.4
"2494",1993,"Q-19",60.330915,-169.355915,3
"2495",1993,"Q-20",60.329585,-170.02592,2.3
"2496",1993,"Q-21",60.33425,-170.66325,0.9
"2497",1993,"Q-22",60.334585,-171.35617,0.1
"2498",1993,"Q-23",60.335335,-172.06425,0.4
"2499",1993,"Q-25",60.327835,-173.42275,1.2
"2500",1993,"Q-26",60.3335,-174.10025,1.3
"2501",1993,"Q-27",60.338,-174.762915,1.7
"2502",1993,"Q-28",60.32525,-175.3845,1.8
"2503",1993,"Q-29",60.3325,-176.02725,2
"2504",1993,"Q-30",60.33975,-176.71542,1.5
"2505",1993,"Q-31",60.33942,-177.38092,1.7
"2506",1993,"QP2423",60.153915,-172.335415,2.5
"2507",1993,"QP2625",60.127,-173.752085,0.9
"2508",1993,"QP2726",60.151665,-174.34875,1.8
"2509",1993,"R-22",60.679585,-171.429585,0.4
"2510",1993,"R-23",60.663165,-172.104835,-0.8
"2511",1993,"R-24",60.674335,-172.782915,2.7
"2512",1993,"R-25",60.672165,-173.473335,0.5
"2513",1993,"R-26",60.667415,-174.130585,0.5
"2514",1993,"R-27",60.66417,-174.827085,0.9
"2515",1993,"R-28",60.652665,-175.45658,1.6
"2516",1993,"R-29",60.6635,-176.197085,2
"2517",1993,"R-30",60.669415,-176.82933,2.2
"2518",1993,"R-32",60.66775,-178.20317,2
"2519",1993,"S-22",61.001,-171.4825,0.6
"2520",1993,"S-23",61.00075,-172.155915,-0.7
"2521",1993,"S-24",60.996585,-172.827085,-0.9
"2522",1993,"S-25",61.007665,-173.50425,-0.6
"2523",1993,"S-26",61.005585,-174.1945,0.4
"2524",1993,"S-27",60.988415,-174.87775,0.8
"2525",1993,"S-28",61.01,-175.464415,1.2
"2526",1993,"S-29",61.005915,-176.285585,1.9
"2527",1993,"S-30",61.00625,-176.981085,2.1
"2528",1993,"S-31",61.00308,-177.624,1.7
"2529",1993,"T-25",61.327835,-173.547085,-1.4
"2530",1993,"T-26",61.31467,-174.307585,-0.7
"2531",1993,"T-27",61.35575,-174.98225,-0.2
"2532",1993,"T-28",61.33125,-175.645,0.9
"2533",1993,"T-29",61.33,-176.31033,1.5
"2534",1993,"T-30",61.342415,-176.96375,1.9
"2535",1993,"U-25",61.650665,-173.5925,2.2
"2536",1993,"U-26",61.66717,-174.42925,-1.5
"2537",1993,"U-27",61.66942,-174.96375,-1.3
"2538",1993,"U-28",61.662,-175.7915,0.4
"2539",1993,"U-29",61.67325,-176.4575,1
"2540",1993,"V-25",61.985665,-173.59475,-1.2
"2541",1993,"V-26",62.00317,-174.469835,-1.4
"2542",1993,"V-28",61.998085,-175.882335,-0.3
"2543",1994,"C-01",55.6645,-167.594,3.5
"2544",1994,"C-02",55.66575,-166.96808,3.9
"2545",1994,"D-01",56.004335,-167.6225,3.6
"2546",1994,"D-02",55.998,-166.99625,3.9
"2547",1994,"D-18",55.995585,-168.222415,3.8
"2548",1994,"E-01",56.33092,-167.64075,3.5
"2549",1994,"E-03",56.33675,-166.425585,3.3
"2550",1994,"E-04",56.319335,-165.798415,3.5
"2551",1994,"E-18",56.33842,-168.239165,0
"2552",1994,"E-19",56.337335,-168.866,4.1
"2553",1994,"E-21",56.324835,-170.05717,3.3
"2554",1994,"F-01",56.66575,-167.66142,3.2
"2555",1994,"F-02",56.680585,-167.046835,3.3
"2556",1994,"F-03",56.675415,-166.427665,2.3
"2557",1994,"F-05",56.66225,-165.20725,1.5
"2558",1994,"F-18",56.65025,-168.29317,3.9
"2559",1994,"F-19",56.66525,-168.9105,2.5
"2560",1994,"F-21",56.657915,-170.106085,3.2
"2561",1994,"F-24",56.672165,-171.963085,2.9
"2562",1994,"G-01",57.00208,-167.70475,1.8
"2563",1994,"G-02",56.990585,-167.13375,2.4
"2564",1994,"G-04",57.009415,-165.832415,1.1
"2565",1994,"G-18",57.002415,-168.361585,2.8
"2566",1994,"G-19",57.00275,-168.943,2.4
"2567",1994,"G-21",57.00683,-170.15375,1.8
"2568",1994,"G-24",57.02375,-172.030835,2
"2569",1994,"G-26",57.00675,-173.24925,3.1
"2570",1994,"GF1918",56.82675,-168.613665,2.7
"2571",1994,"GF2120",56.82808,-169.867915,3.5
"2572",1994,"H-02",57.327335,-167.1425,1.2
"2573",1994,"H-03",57.338415,-166.488915,0
"2574",1994,"H-04",57.307665,-165.828915,0
"2575",1994,"H-07",57.337415,-164.002085,0.7
"2576",1994,"H-18",57.3255,-168.36725,1.4
"2577",1994,"H-21",57.32,-170.20892,2.5
"2578",1994,"H-24",57.340165,-172.10125,1.5
"2579",1994,"I-02",57.65267,-167.13475,0.5
"2580",1994,"I-03",57.67417,-166.499585,-0.4
"2581",1994,"I-04",57.663165,-165.868915,0
"2582",1994,"I-05",57.6665,-165.246915,-0.1
"2583",1994,"I-18",57.659335,-168.397915,1.4
"2584",1994,"I-19",57.6685,-169.021835,-1
"2585",1994,"I-21",57.658165,-170.26425,1.1
"2586",1994,"I-24",57.67125,-172.16933,1.2
"2587",1994,"IH2120",57.492,-169.984415,0.9
"2588",1994,"J-01",58.00067,-167.81225,-0.6
"2589",1994,"J-02",58.00275,-167.169415,-0.3
"2590",1994,"J-03",58.009835,-166.500335,0.3
"2591",1994,"J-04",57.97875,-165.88175,0.6
"2592",1994,"J-18",58.00017,-168.433585,-0.5
"2593",1994,"J-19",58.00842,-169.0665,-1
"2594",1994,"J-21",57.998915,-170.32817,-1.6
"2595",1994,"J-24",57.97625,-172.231835,0.7
"2596",1994,"JI1918",57.824665,-168.73292,-0.3
"2597",1994,"JI2120",57.82975,-169.980085,-1.4
"2598",1994,"K-01",58.333835,-167.84025,-0.7
"2599",1994,"K-18",58.33217,-168.46883,-1.1
"2600",1994,"K-19",58.32792,-169.11533,-1.1
"2601",1994,"K-21",58.328665,-170.378835,-1.6
"2602",1994,"K-24",58.333335,-172.29325,0.5
"2603",1994,"K-26",58.342415,-173.57175,2.2
"2604",1994,"L-01",58.669835,-167.867915,2
"2605",1994,"L-18",58.666835,-168.47683,0.2
"2606",1994,"L-19",58.663585,-169.15283,-1.2
"2607",1994,"L-21",58.66842,-170.43725,-1.8
"2608",1994,"L-24",58.66942,-172.362085,0.2
"2609",1994,"L-26",58.675915,-173.6375,2.3
"2610",1994,"L-31",58.674835,-176.829585,3.2
"2611",1994,"M-01",59.00008,-167.88833,2.3
"2612",1994,"M-18",58.999835,-168.53033,2
"2613",1994,"M-19",59.00292,-169.163335,0.3
"2614",1994,"M-21",59.005915,-170.47883,-1.8
"2615",1994,"M-24",58.99717,-172.43342,-0.3
"2616",1994,"M-26",58.994835,-173.724415,1.8
"2617",1994,"M-28",59.005085,-175.005,1.8
"2618",1994,"M-30",59.002665,-176.3115,2.5
"2619",1994,"M-31",59.0005,-176.96842,2.6
"2620",1994,"M-32",59.000335,-177.63175,2.7
"2621",1994,"N-01",59.32867,-167.91592,2.5
"2622",1994,"N-18",59.33642,-168.54742,1.9
"2623",1994,"N-19",59.341835,-169.228585,0.5
"2624",1994,"N-21",59.33733,-170.536165,-1.7
"2625",1994,"N-24",59.330665,-172.501085,-1.2
"2626",1994,"N-26",59.337835,-173.797585,0.7
"2627",1994,"N-28",59.341915,-175.057335,1.5
"2628",1994,"N-29",59.3265,-175.75383,2
"2629",1994,"N-31",59.33433,-177.0645,2.4
"2630",1994,"O-01",59.661835,-167.97725,2.8
"2631",1994,"O-18",59.648835,-168.6115,0.3
"2632",1994,"O-19",59.67742,-169.26325,0.7
"2633",1994,"O-21",59.666835,-170.57375,-1.7
"2634",1994,"O-24",59.666665,-172.56442,-1.3
"2635",1994,"O-26",59.66,-173.8695,0
"2636",1994,"O-28",59.67075,-175.11267,1.4
"2637",1994,"O-29",59.66175,-175.860335,2.2
"2638",1994,"O-30",59.664585,-176.545415,1.7
"2639",1994,"O-31",59.66867,-177.168835,2.4
"2640",1994,"ON2524",59.500335,-172.8795,-1
"2641",1994,"ON2625",59.48925,-173.51175,0.4
"2642",1994,"P-18",60.00025,-168.62608,-0.5
"2643",1994,"P-19",59.994165,-169.318165,-1.5
"2644",1994,"P-21",60.00875,-170.6285,-2
"2645",1994,"P-24",60.002915,-172.65875,-1.9
"2646",1994,"P-26",59.99842,-173.9545,-0.5
"2647",1994,"P-28",60.001085,-175.26325,1
"2648",1994,"P-29",59.9925,-175.93275,1.9
"2649",1994,"P-30",59.999585,-176.711415,1.9
"2650",1994,"P-31",59.999335,-177.242085,1.9
"2651",1994,"P-32",60.003165,-177.912835,1.6
"2652",1994,"PO2524",59.842585,-172.906835,-1.8
"2653",1994,"PO2726",59.8275,-174.223085,0
"2654",1994,"Q-18",60.32275,-168.68625,1
"2655",1994,"Q-19",60.329,-169.334165,-1.3
"2656",1994,"Q-21",60.334585,-170.664,-2
"2657",1994,"Q-22",60.329335,-171.361835,-2.1
"2658",1994,"Q-23",60.331415,-172.050915,-2
"2659",1994,"Q-26",60.32375,-174.094085,-1.2
"2660",1994,"Q-28",60.331415,-175.380835,0.3
"2661",1994,"Q-29",60.33083,-176.03575,1.7
"2662",1994,"Q-30",60.33275,-176.749165,1.6
"2663",1994,"Q-31",60.34467,-177.38883,1.4
"2664",1994,"QP2423",60.1675,-172.334665,-1.1
"2665",1994,"QP2625",60.127335,-173.74558,-1
"2666",1994,"QP2726",60.167085,-174.33125,-0.3
"2667",1994,"R-22",60.671085,-171.43717,-1.4
"2668",1994,"R-23",60.663335,-172.095585,-1.4
"2669",1994,"R-26",60.66058,-174.133415,-2
"2670",1994,"R-28",60.6525,-175.41858,-0.2
"2671",1994,"R-29",60.6615,-176.201165,1.2
"2672",1994,"R-30",60.667415,-176.7975,1.5
"2673",1994,"R-31",60.669585,-177.51875,1.3
"2674",1994,"R-32",60.67125,-178.18333,1.3
"2675",1994,"S-22",61.000665,-171.5055,-1.4
"2676",1994,"S-23",61.00125,-172.179835,-1.2
"2677",1994,"S-24",60.99775,-172.82858,-1.4
"2678",1994,"S-25",61.00233,-173.515835,-1.4
"2679",1994,"S-26",61.0205,-174.185415,-2.1
"2680",1994,"S-27",60.9965,-174.88817,-1.4
"2681",1994,"S-28",61.01225,-175.546665,-1.1
"2682",1994,"S-29",61.001585,-176.281085,0.7
"2683",1994,"S-30",60.98833,-176.9645,1.4
"2684",1994,"S-31",61.002415,-177.6385,0.8
"2685",1994,"T-25",61.34242,-173.59033,-1.4
"2686",1994,"T-26",61.345335,-174.33283,-2.1
"2687",1994,"T-27",61.32325,-175.0035,-1.4
"2688",1994,"T-28",61.325665,-175.66,-1.4
"2689",1994,"T-29",61.338835,-176.30433,0.3
"2690",1994,"T-30",61.329665,-176.977165,1.2
"2691",1994,"U-25",61.6755,-173.673915,-1.4
"2692",1994,"U-26",61.666,-174.43975,-2.1
"2693",1994,"U-27",61.659915,-175.08767,-1.4
"2694",1994,"U-28",61.658415,-175.779085,-2
"2695",1994,"U-29",61.665835,-176.4705,-0.6
"2696",1994,"V-25",62.005915,-173.756,-1.4
"2697",1994,"V-26",62.00525,-174.63025,-2.1
"2698",1994,"V-27",61.99942,-175.1755,-1.4
"2699",1994,"V-28",61.99375,-175.83358,-1.8
"2700",1995,"A-03",55.005435,-166.36668,3.6
"2701",1995,"C-01",55.662115,-167.587415,3.5
"2702",1995,"D-01",55.994975,-167.61053,3
"2703",1995,"D-05",55.99805,-165.18943,1.4
"2704",1995,"E-01",56.32914,-167.64922,2.4
"2705",1995,"E-03",56.33595,-166.413815,2.4
"2706",1995,"E-04",56.3315,-165.812085,1.8
"2707",1995,"E-05",56.3289,-165.194395,0.9
"2708",1995,"E-07",56.33741,-164.034985,0.7
"2709",1995,"E-19",56.347685,-168.874105,2.2
"2710",1995,"E-21",56.34375,-170.063995,3
"2711",1995,"E-22",56.32965,-170.66828,3.4
"2712",1995,"F-01",56.66238,-167.67973,1.2
"2713",1995,"F-02",56.64804,-167.077575,0.9
"2714",1995,"F-03",56.665175,-166.429665,0.9
"2715",1995,"F-04",56.671,-165.87175,-0.2
"2716",1995,"F-05",56.662605,-165.20954,-0.2
"2717",1995,"F-07",56.674485,-164.023,0.5
"2718",1995,"F-19",56.664515,-168.92145,1.2
"2719",1995,"F-21",56.669155,-170.11443,2.6
"2720",1995,"F-23",56.6647,-171.36465,3.2
"2721",1995,"F-24",56.660815,-171.97466,3.5
"2722",1995,"G-01",56.997535,-167.704765,0.3
"2723",1995,"G-02",56.985665,-167.088525,0.6
"2724",1995,"G-04",57.013265,-165.85838,-0.2
"2725",1995,"G-05",57.0008,-165.216835,-0.5
"2726",1995,"G-07",57.00298,-164.02898,0.1
"2727",1995,"G-18",57.0089,-168.35619,0.4
"2728",1995,"G-19",56.998775,-168.962915,0.6
"2729",1995,"G-20",56.986615,-169.575975,0.9
"2730",1995,"G-24",56.99825,-172.050665,3.4
"2731",1995,"G-26",57.003415,-173.2465,3.5
"2732",1995,"GF1918",56.82825,-168.612335,0.6
"2733",1995,"H-01",57.32956,-167.70287,0.3
"2734",1995,"H-02",57.327415,-167.10474,0.1
"2735",1995,"H-03",57.33891,-166.47816,0.8
"2736",1995,"H-04",57.34669,-165.86569,0.6
"2737",1995,"H-05",57.32931,-165.240965,-0.4
"2738",1995,"H-06",57.33104,-164.626685,0.1
"2739",1995,"H-08",57.316235,-163.36964,0.9
"2740",1995,"H-18",57.33325,-168.382765,0.3
"2741",1995,"H-20",57.339125,-169.631185,0.5
"2742",1995,"H-22",57.36728,-170.893765,2.5
"2743",1995,"H-23",57.34274,-171.464425,2.4
"2744",1995,"H-24",57.32505,-172.082175,2.7
"2745",1995,"H-25",57.33192,-172.665815,2.8
"2746",1995,"HG1918",57.16924,-168.631725,0.3
"2747",1995,"HG2019",57.178425,-169.315495,0.4
"2748",1995,"I-01",57.6642,-167.7631,0.6
"2749",1995,"I-02",57.655545,-167.135225,0.1
"2750",1995,"I-03",57.667245,-166.494535,0.4
"2751",1995,"I-05",57.66291,-165.265755,0.1
"2752",1995,"I-06",57.66642,-164.614095,0.4
"2753",1995,"I-19",57.6724,-169.079,0.1
"2754",1995,"I-20",57.6872,-169.652135,0.3
"2755",1995,"I-21",57.647745,-170.289475,1.2
"2756",1995,"I-22",57.672055,-170.8261,1.7
"2757",1995,"I-23",57.677485,-171.523975,1.6
"2758",1995,"I-24",57.67465,-172.18945,2.4
"2759",1995,"I-25",57.67489,-172.79957,2.9
"2760",1995,"I-26",57.66662,-173.392745,3.2
"2761",1995,"IH1918",57.487675,-168.74749,0.4
"2762",1995,"IH2019",57.510735,-169.361635,0.3
"2763",1995,"IH2120",57.50891,-169.980075,0.8
"2764",1995,"IH2221",57.493245,-170.5362,1.9
"2765",1995,"J-01",58.000315,-167.80005,0
"2766",1995,"J-02",57.997755,-167.16984,0
"2767",1995,"J-03",57.999155,-166.51649,0.5
"2768",1995,"J-18",58.004115,-168.43429,0.3
"2769",1995,"J-19",58.005425,-169.05956,-0.2
"2770",1995,"J-21",57.990685,-170.336135,0.1
"2771",1995,"J-22",58.007495,-170.949375,0.7
"2772",1995,"J-23",57.99975,-171.59581,1.1
"2773",1995,"J-25",57.98696,-172.868665,2.4
"2774",1995,"J-26",57.995715,-173.467775,3.3
"2775",1995,"JI1918",57.82529,-168.735365,0.2
"2776",1995,"JI2019",57.838145,-169.35397,0.2
"2777",1995,"JI2120",57.8373,-170.03408,0.1
"2778",1995,"JI2221",57.83019,-170.61426,1.2
"2779",1995,"K-01",58.331105,-167.842795,0.5
"2780",1995,"K-18",58.3416,-168.454715,0.6
"2781",1995,"K-19",58.333095,-169.12146,-0.4
"2782",1995,"K-20",58.330175,-169.741595,-0.9
"2783",1995,"K-21",58.331505,-170.3929,1.2
"2784",1995,"K-22",58.33395,-171.02869,-0.3
"2785",1995,"K-23",58.312255,-171.6298,0.3
"2786",1995,"K-24",58.337905,-172.30362,0.8
"2787",1995,"K-25",58.34425,-172.93671,2.1
"2788",1995,"K-26",58.3264,-173.56136,2.9
"2789",1995,"K-27",58.33568,-174.300635,3
"2790",1995,"L-19",58.66035,-169.155875,-0.2
"2791",1995,"L-20",58.664755,-169.809825,-1
"2792",1995,"L-21",58.67205,-170.433585,-1.1
"2793",1995,"L-22",58.655295,-171.05734,-1.2
"2794",1995,"L-23",58.670185,-171.70466,-1
"2795",1995,"L-24",58.66839,-172.362825,0.8
"2796",1995,"L-25",58.64727,-172.974335,1.9
"2797",1995,"L-26",58.65643,-173.62464,2.8
"2798",1995,"M-01",59.018285,-167.884575,3.6
"2799",1995,"M-18",59.006,-168.54298,3
"2800",1995,"M-19",59.006725,-169.181215,1.1
"2801",1995,"M-20",59.015595,-169.847815,-0.6
"2802",1995,"M-21",59.004965,-170.47982,-1.2
"2803",1995,"M-22",58.98936,-171.11704,-1.3
"2804",1995,"M-23",59.00545,-171.77184,-0.9
"2805",1995,"M-25",58.995585,-173.0667,1.2
"2806",1995,"M-26",58.993185,-173.70441,1.7
"2807",1995,"M-27",59.01675,-174.39384,2.5
"2808",1995,"M-29",58.998965,-175.733775,2.1
"2809",1995,"M-30",59.01096,-176.309685,2
"2810",1995,"N-19",59.32204,-169.23459,1.5
"2811",1995,"N-20",59.32903,-169.886475,-0.8
"2812",1995,"N-21",59.33915,-170.52404,-1.3
"2813",1995,"N-22",59.32545,-171.17721,-1.5
"2814",1995,"N-23",59.34634,-171.8257,-1.5
"2815",1995,"N-24",59.33405,-172.501225,-0.7
"2816",1995,"N-25",59.3467,-173.151555,0.1
"2817",1995,"N-26",59.333205,-173.795135,1.3
"2818",1995,"N-27",59.332375,-174.443215,2.1
"2819",1995,"N-28",59.33844,-175.09409,2
"2820",1995,"N-29",59.32825,-175.749565,1.9
"2821",1995,"N-30",59.354175,-176.38659,1.9
"2822",1995,"N-31",59.32197,-177.06349,2.2
"2823",1995,"O-19",59.670675,-169.27116,1.9
"2824",1995,"O-20",59.6683,-169.9638,-0.6
"2825",1995,"O-21",59.66861,-170.576775,-1.5
"2826",1995,"O-22",59.667325,-171.237265,-1.5
"2827",1995,"O-23",59.67337,-171.892405,-1.5
"2828",1995,"O-25",59.65995,-173.218835,-0.5
"2829",1995,"O-27",59.668345,-174.445285,0.9
"2830",1995,"O-28",59.67124,-175.096215,1.7
"2831",1995,"O-29",59.66529,-175.86866,1.6
"2832",1995,"O-30",59.674255,-176.52965,1.7
"2833",1995,"O-31",59.65561,-177.12821,2.2
"2834",1995,"ON2524",59.489715,-172.90329,-0.3
"2835",1995,"ON2625",59.505725,-173.483145,0.3
"2836",1995,"P-18",60.00238,-168.629215,3.7
"2837",1995,"P-19",59.95998,-169.31642,1.2
"2838",1995,"P-20",60.02516,-169.991195,-0.6
"2839",1995,"P-21",59.99389,-170.5875,-1.4
"2840",1995,"P-22",60.00086,-171.301925,-1.5
"2841",1995,"P-23",60.01156,-171.96371,-1
"2842",1995,"P-24",60.00646,-172.637825,-1
"2843",1995,"P-25",60.00442,-173.270835,-1.2
"2844",1995,"P-26",60.007275,-173.944465,0.8
"2845",1995,"P-27",60.013025,-174.597575,0.8
"2846",1995,"P-28",60.00285,-175.263675,1.1
"2847",1995,"P-29",59.98548,-175.921925,1.4
"2848",1995,"P-30",59.990075,-176.713785,1.6
"2849",1995,"P-31",59.98935,-177.21701,1.6
"2850",1995,"P-32",60.00169,-177.961925,1.6
"2851",1995,"PO2423",59.83909,-172.241145,-1.4
"2852",1995,"PO2524",59.82664,-172.9305,-1.5
"2853",1995,"PO2625",59.83374,-173.574025,-0.2
"2854",1995,"PO2726",59.852015,-174.25357,0.8
"2855",1995,"Q-19",60.33361,-169.334285,1.4
"2856",1995,"Q-20",60.327145,-170.05576,-0.6
"2857",1995,"Q-21",60.33485,-170.681065,-1.4
"2858",1995,"Q-22",60.323895,-171.36131,-1.5
"2859",1995,"Q-23",60.34421,-172.05582,-1.3
"2860",1995,"Q-27",60.34644,-174.729395,-0.3
"2861",1995,"Q-28",60.336435,-175.387775,0.5
"2862",1995,"Q-29",60.334845,-176.036425,1.1
"2863",1995,"Q-30",60.33226,-176.72788,1.5
"2864",1995,"Q-31",60.32839,-177.38665,1.3
"2865",1995,"QP2625",60.12788,-173.74479,-1.4
"2866",1995,"QP2726",60.18242,-174.376615,-1
"2867",1995,"R-22",60.67823,-171.44149,-1.5
"2868",1995,"R-23",60.680535,-172.119845,-1.3
"2869",1995,"R-25",60.6589,-173.46737,-1
"2870",1995,"R-26",60.6724,-174.110895,-1.5
"2871",1995,"R-27",60.677235,-174.79326,-1.3
"2872",1995,"R-28",60.673165,-175.45185,-0.9
"2873",1995,"R-29",60.673875,-176.201985,0.7
"2874",1995,"R-30",60.66965,-176.812875,0.9
"2875",1995,"R-31",60.65602,-177.497725,1.4
"2876",1995,"R-32",60.680455,-178.19051,2
"2877",1995,"S-22",60.991775,-171.484595,-1.3
"2878",1995,"S-23",61.00416,-172.13595,-1.3
"2879",1995,"S-24",61.00493,-172.81279,-1.2
"2880",1995,"S-25",60.99966,-173.50926,-1.5
"2881",1995,"S-26",60.99856,-174.166565,-1.6
"2882",1995,"S-27",60.992645,-174.878235,-1.5
"2883",1995,"S-28",61.003085,-175.536905,-1.2
"2884",1995,"S-29",61.01527,-176.28086,-0.6
"2885",1995,"S-30",60.993915,-176.971435,0.4
"2886",1995,"S-31",60.9981,-177.627555,1.2
"2887",1995,"T-25",61.33739,-173.583225,-1.5
"2888",1995,"T-26",61.33039,-174.32934,-1.5
"2889",1995,"T-27",61.33296,-174.99715,-1.2
"2890",1995,"T-28",61.33413,-175.653275,-1.2
"2891",1995,"T-29",61.339445,-176.290865,-1
"2892",1995,"T-30",61.32155,-176.952525,0.4
"2893",1995,"U-25",61.68379,-173.663655,-1.7
"2894",1995,"U-26",61.65533,-174.4175,-1.6
"2895",1995,"U-27",61.67094,-175.07295,-1.1
"2896",1995,"U-28",61.675995,-175.780835,-0.7
"2897",1995,"U-29",61.66834,-176.46405,-0.7
"2898",1995,"V-25",61.99656,-173.753985,-1.7
"2899",1995,"V-26",62.002855,-174.520165,-1.7
"2900",1995,"V-27",61.984205,-175.170345,-1.7
"2901",1995,"V-28",62.001435,-175.81396,-0.4
"2902",1996,"B-04",55.3304,-165.7794,4.3
"2903",1996,"C-01",55.66252,-167.58713,4.3
"2904",1996,"C-18",55.667755,-168.191205,4.1
"2905",1996,"D-01",55.995295,-167.62761,4.3
"2906",1996,"D-02",56.00609,-166.98695,4.4
"2907",1996,"D-03",56.00572,-166.402855,4.3
"2908",1996,"D-04",56.002985,-165.78285,4.2
"2909",1996,"D-18",56.005785,-168.244805,4
"2910",1996,"E-01",56.31812,-167.66684,4.1
"2911",1996,"E-02",56.33998,-167.037325,3.9
"2912",1996,"E-03",56.3339,-166.415675,3.3
"2913",1996,"E-04",56.33514,-165.7917,2.9
"2914",1996,"E-18",56.29816,-168.236785,4
"2915",1996,"E-19",56.34184,-168.8868,4
"2916",1996,"E-21",56.335935,-170.082375,4
"2917",1996,"F-01",56.665635,-167.66481,3.2
"2918",1996,"F-04",56.645535,-165.82725,1.4
"2919",1996,"F-18",56.67171,-168.292475,3.6
"2920",1996,"F-19",56.635175,-168.911385,3.5
"2921",1996,"F-22",56.671185,-170.72065,4.1
"2922",1996,"F-23",56.6659,-171.34229,4.1
"2923",1996,"G-04",57.00926,-165.842985,1.2
"2924",1996,"G-06",56.996415,-164.60197,1.2
"2925",1996,"G-18",57.00856,-168.33365,3.6
"2926",1996,"G-19",56.98721,-168.95499,3.4
"2927",1996,"G-22",56.99736,-170.788385,4.6
"2928",1996,"G-23",56.99895,-171.411225,4.1
"2929",1996,"G-24",57.007215,-172.018835,4
"2930",1996,"GF1918",56.838265,-168.617835,3.3
"2931",1996,"GF2019",56.836005,-169.296225,3.6
"2932",1996,"H-03",57.326565,-166.498835,1.6
"2933",1996,"H-07",57.33846,-164.000465,3.2
"2934",1996,"H-18",57.331695,-168.352885,3.6
"2935",1996,"H-22",57.34586,-170.842725,4.9
"2936",1996,"H-23",57.33705,-171.48659,3.8
"2937",1996,"H-24",57.329685,-172.07875,3.9
"2938",1996,"H-25",57.346105,-172.814465,3.8
"2939",1996,"H-26",57.329225,-173.338365,3.8
"2940",1996,"HG2019",57.15907,-169.313695,4.5
"2941",1996,"I-04",57.670945,-165.88709,2.3
"2942",1996,"I-19",57.65964,-169.03265,2.5
"2943",1996,"I-20",57.666025,-169.65086,3.3
"2944",1996,"I-21",57.67049,-170.2642,3.2
"2945",1996,"I-22",57.668125,-170.926415,4.4
"2946",1996,"I-23",57.6694,-171.53405,3.6
"2947",1996,"I-24",57.680085,-172.1705,3.7
"2948",1996,"I-25",57.660335,-172.790465,3.5
"2949",1996,"I-26",57.670835,-173.398945,3.7
"2950",1996,"IH1918",57.501615,-168.74263,3.1
"2951",1996,"IH2120",57.514075,-169.991225,3.7
"2952",1996,"IH2221",57.516145,-170.57537,4
"2953",1996,"J-04",58.004225,-165.896405,3.5
"2954",1996,"J-20",57.99254,-169.701875,2.4
"2955",1996,"J-21",58.00671,-170.352305,2.5
"2956",1996,"J-22",58.006635,-170.980535,3.6
"2957",1996,"J-23",58.002125,-171.591975,3.3
"2958",1996,"J-24",58.004135,-172.2455,3.3
"2959",1996,"J-25",58.00471,-172.874455,3.3
"2960",1996,"J-26",57.995445,-173.464285,3.7
"2961",1996,"JI2019",57.817275,-169.362015,2.6
"2962",1996,"JI2120",57.83425,-169.97872,2.8
"2963",1996,"JI2221",57.829745,-170.61896,2.7
"2964",1996,"K-20",58.336555,-169.740565,1.5
"2965",1996,"K-22",58.341295,-171.016165,2.3
"2966",1996,"K-23",58.336345,-171.6642,3.1
"2967",1996,"K-24",58.337735,-172.291065,3.2
"2968",1996,"K-25",58.32813,-172.935725,3.3
"2969",1996,"K-26",58.32395,-173.58245,3.7
"2970",1996,"L-20",58.66933,-169.79172,1.2
"2971",1996,"L-21",58.665995,-170.439365,1
"2972",1996,"L-22",58.66492,-171.090055,1.8
"2973",1996,"L-23",58.66835,-171.70554,2.5
"2974",1996,"L-24",58.674785,-172.371125,3.2
"2975",1996,"L-25",58.659685,-172.99701,3.2
"2976",1996,"L-26",58.669625,-173.63674,3.5
"2977",1996,"L-27",58.671335,-174.2638,3.5
"2978",1996,"L-29",58.67634,-175.55051,3.7
"2979",1996,"M-20",58.997435,-169.81995,1.9
"2980",1996,"M-21",59.001225,-170.46956,0.7
"2981",1996,"M-22",59.011155,-171.128615,0.4
"2982",1996,"M-23",58.99405,-171.790465,1.5
"2983",1996,"M-24",58.9947,-172.438875,2.3
"2984",1996,"M-25",58.9986,-173.07707,2.9
"2985",1996,"M-26",59.016075,-173.73087,3.4
"2986",1996,"M-27",59.012275,-174.395755,4.5
"2987",1996,"M-29",59.003355,-175.750585,3.3
"2988",1996,"M-31",58.994395,-176.950925,4.1
"2989",1996,"M-32",58.9998,-177.608565,4.3
"2990",1996,"N-20",59.334735,-169.84555,1.8
"2991",1996,"N-21",59.335225,-170.530925,0.3
"2992",1996,"N-22",59.33292,-171.192435,0.2
"2993",1996,"N-23",59.334615,-171.840185,0.5
"2994",1996,"N-25",59.3391,-173.155425,2.4
"2995",1996,"N-26",59.33746,-173.79087,3.2
"2996",1996,"N-27",59.29616,-174.453335,3.3
"2997",1996,"N-28",59.337715,-175.09561,4
"2998",1996,"N-29",59.34705,-175.95541,2.6
"2999",1996,"N-30",59.3493,-176.390985,2.4
"3000",1996,"N-31",59.331095,-177.0739,3.9
"3001",1996,"O-20",59.666245,-169.9058,1.8
"3002",1996,"O-21",59.665325,-170.58516,0.1
"3003",1996,"O-22",59.66334,-171.24801,0.1
"3004",1996,"O-23",59.670515,-171.88842,0.4
"3005",1996,"O-24",59.66286,-172.56509,0.7
"3006",1996,"O-25",59.668585,-173.245155,2.2
"3007",1996,"O-26",59.649425,-173.872685,2.7
"3008",1996,"O-27",59.65956,-174.414685,4
"3009",1996,"O-28",59.667235,-175.09086,4
"3010",1996,"O-29",59.676835,-175.862415,2.4
"3011",1996,"O-30",59.66807,-176.5276,2.3
"3012",1996,"O-31",59.66268,-177.15072,4
"3013",1996,"ON2524",59.494045,-172.8638,1.9
"3014",1996,"ON2625",59.496275,-173.496435,2.5
"3015",1996,"P-18",59.99539,-168.6589,3.6
"3016",1996,"P-21",59.99949,-170.634375,0
"3017",1996,"P-22",59.997585,-171.33587,0
"3018",1996,"P-23",60.002935,-171.95844,0.6
"3019",1996,"P-24",60.002725,-172.656705,0.7
"3020",1996,"P-25",59.989745,-173.28325,0.6
"3021",1996,"P-26",59.99538,-173.949065,2.3
"3022",1996,"P-27",60.00898,-174.604875,3.5
"3023",1996,"P-28",60.00824,-175.264125,3.9
"3024",1996,"P-29",60.00275,-175.93608,2.8
"3025",1996,"P-30",59.985495,-176.71051,2.9
"3026",1996,"P-31",60.0074,-177.22114,2.9
"3027",1996,"P-32",60.00155,-177.940235,3.2
"3028",1996,"PO2423",59.84243,-172.248885,0.3
"3029",1996,"PO2524",59.84141,-172.8989,0.7
"3030",1996,"PO2625",59.830395,-173.57406,1.9
"3031",1996,"PO2726",59.84245,-174.23525,2.6
"3032",1996,"Q-20",60.336625,-170.05305,0.8
"3033",1996,"Q-21",60.337315,-170.678175,-0.2
"3034",1996,"Q-22",60.33739,-171.356275,-0.4
"3035",1996,"Q-23",60.33321,-172.06771,-0.2
"3036",1996,"Q-26",60.325775,-174.085275,1.9
"3037",1996,"Q-27",60.33744,-174.70681,3.2
"3038",1996,"Q-28",60.336025,-175.378525,3.7
"3039",1996,"Q-29",60.346915,-176.031915,2.8
"3040",1996,"Q-30",60.32224,-176.693815,3.2
"3041",1996,"QP2524",60.161125,-172.994995,2
"3042",1996,"QP2625",60.133625,-173.73435,1.6
"3043",1996,"QP2726",60.1746,-174.35586,2.3
"3044",1996,"R-22",60.679475,-171.42834,-0.7
"3045",1996,"R-23",60.66439,-172.12086,-0.8
"3046",1996,"R-25",60.669425,-173.467825,1.7
"3047",1996,"R-26",60.674125,-174.13099,1.8
"3048",1996,"R-27",60.662325,-174.81231,3
"3049",1996,"R-28",60.665175,-175.45304,3.2
"3050",1996,"R-29",60.674885,-176.2083,2.6
"3051",1996,"R-30",60.67821,-176.81329,2.3
"3052",1996,"R-31",60.663425,-177.502925,1.8
"3053",1996,"R-32",60.66585,-178.17992,2.2
"3054",1996,"S-22",61.001435,-171.47667,-0.6
"3055",1996,"S-23",61.00228,-172.16467,0.3
"3056",1996,"S-24",61.00028,-172.800205,1.3
"3057",1996,"S-25",61.00415,-173.478825,1.4
"3058",1996,"S-26",60.99445,-174.18246,1.5
"3059",1996,"S-27",61.004815,-174.88149,2.3
"3060",1996,"S-28",60.989305,-175.57299,2.6
"3061",1996,"S-29",60.998035,-176.27604,2.3
"3062",1996,"S-30",60.99654,-176.9674,2.5
"3063",1996,"S-31",60.9953,-177.623065,1.9
"3064",1996,"T-25",61.32475,-173.598335,0.8
"3065",1996,"T-26",61.331535,-174.06231,0.9
"3066",1996,"T-27",61.346115,-174.99814,2
"3067",1996,"T-28",61.348885,-175.6586,1.2
"3068",1996,"T-29",61.33526,-176.304535,1.6
"3069",1996,"T-30",61.338875,-176.96362,2.1
"3070",1996,"U-25",61.666785,-173.693535,-0.7
"3071",1996,"U-26",61.66351,-174.44002,0.4
"3072",1996,"U-27",61.679525,-175.063835,0.7
"3073",1996,"U-28",61.674385,-175.780475,1.2
"3074",1996,"U-29",61.6703,-176.460815,0.8
"3075",1996,"V-25",61.984895,-173.74521,-1.2
"3076",1996,"V-26",62.00775,-174.47807,-0.6
"3077",1996,"V-27",61.99455,-175.178905,0
"3078",1996,"V-28",61.999685,-175.824275,0.7
"3079",1997,"A-03",55.015135,-166.344825,4.1
"3080",1997,"B-06",55.352385,-164.58044,5
"3081",1997,"C-01",55.64864,-167.580515,3.9
"3082",1997,"C-03",55.67741,-166.38985,3.5
"3083",1997,"C-05",55.641615,-165.156915,4.2
"3084",1997,"C-06",55.685175,-164.61325,4
"3085",1997,"C-18",55.667135,-168.1895,4.1
"3086",1997,"D-01",55.991175,-167.639965,4
"3087",1997,"D-02",55.996765,-167.014375,3.6
"3088",1997,"D-03",55.998915,-166.41825,3.1
"3089",1997,"D-04",56.001165,-165.78477,2.6
"3090",1997,"D-05",55.98907,-165.17659,2.3
"3091",1997,"D-07",56.0123,-163.958695,2.2
"3092",1997,"D-18",56.004585,-168.22824,4.2
"3093",1997,"E-01",56.334435,-167.659,2.5
"3094",1997,"E-02",56.3297,-167.041885,2.1
"3095",1997,"E-03",56.364525,-166.423275,2.1
"3096",1997,"E-04",56.33324,-165.805765,1.8
"3097",1997,"E-05",56.33323,-165.207025,1.8
"3098",1997,"E-06",56.300055,-164.5923,2
"3099",1997,"E-18",56.34245,-168.26733,4
"3100",1997,"E-19",56.343075,-168.87717,3.6
"3101",1997,"F-01",56.656225,-167.67152,2.4
"3102",1997,"F-02",56.666245,-167.068905,1.9
"3103",1997,"F-03",56.67471,-166.4387,1.7
"3104",1997,"F-04",56.655625,-165.831625,1.5
"3105",1997,"F-05",56.66056,-165.23913,1.5
"3106",1997,"F-18",56.66948,-168.276825,3
"3107",1997,"F-19",56.66181,-168.89351,3.1
"3108",1997,"F-21",56.66799,-170.143085,3.7
"3109",1997,"F-23",56.664185,-171.363135,4.1
"3110",1997,"G-02",57.00083,-167.135955,1.9
"3111",1997,"G-04",56.99969,-165.85289,0.9
"3112",1997,"G-18",57.002635,-168.35,2.8
"3113",1997,"G-19",56.996045,-168.965625,2.5
"3114",1997,"G-22",57.00905,-170.78615,3.9
"3115",1997,"G-24",56.9807,-172.037525,4.3
"3116",1997,"GF1918",56.8314,-168.62399,3.1
"3117",1997,"GF2019",56.8236,-169.30386,2.8
"3118",1997,"H-02",57.332295,-167.11707,1.5
"3119",1997,"H-04",57.333515,-165.869725,1
"3120",1997,"H-05",57.32574,-165.228375,0.9
"3121",1997,"H-06",57.33364,-164.61605,1
"3122",1997,"H-18",57.33176,-168.368995,2.4
"3123",1997,"H-20",57.32941,-169.60418,2
"3124",1997,"H-22",57.33764,-170.8461,3.8
"3125",1997,"H-24",57.33945,-172.107735,4
"3126",1997,"H-25",57.334975,-172.63111,4.1
"3127",1997,"H-26",57.330535,-173.33599,4.1
"3128",1997,"HG2019",57.1733,-169.332825,1.9
"3129",1997,"I-04",57.667595,-165.898275,1
"3130",1997,"I-19",57.654815,-169.02413,1.5
"3131",1997,"I-20",57.65634,-169.65671,1.3
"3132",1997,"I-21",57.66281,-170.29537,2.9
"3133",1997,"I-22",57.665765,-170.895615,3.6
"3134",1997,"I-24",57.6688,-172.200785,3.8
"3135",1997,"I-25",57.679465,-172.80283,4
"3136",1997,"I-26",57.663485,-173.410895,4
"3137",1997,"IH1918",57.493225,-168.74251,2.1
"3138",1997,"IH2120",57.503485,-169.9807,2.5
"3139",1997,"J-04",58.001785,-165.916235,1.7
"3140",1997,"J-20",58.004675,-169.698535,1.1
"3141",1997,"J-21",58.004115,-170.338425,2.3
"3142",1997,"J-22",58.00269,-170.969655,2.9
"3143",1997,"J-23",58.00785,-171.60084,3
"3144",1997,"J-24",58.012655,-172.23559,3.3
"3145",1997,"J-25",57.99566,-172.872215,3.2
"3146",1997,"J-26",57.961265,-173.4917,3.7
"3147",1997,"JI2120",57.83015,-169.978715,2.1
"3148",1997,"JI2221",57.82007,-170.6033,3.2
"3149",1997,"K-01",58.329845,-167.832225,1.2
"3150",1997,"K-02",58.33825,-167.187025,1.8
"3151",1997,"K-03",58.329945,-166.550115,2.4
"3152",1997,"K-20",58.336035,-169.741785,0.7
"3153",1997,"K-21",58.338295,-170.399775,1
"3154",1997,"K-22",58.325275,-171.02028,2.6
"3155",1997,"K-23",58.340345,-171.651575,2.5
"3156",1997,"K-24",58.334305,-172.306735,3
"3157",1997,"K-25",58.350675,-172.933485,2.8
"3158",1997,"K-26",58.33878,-173.564485,3.3
"3159",1997,"L-01",58.669225,-167.86284,3.5
"3160",1997,"L-20",58.67049,-169.786395,0.3
"3161",1997,"L-22",58.655375,-171.08779,2
"3162",1997,"L-24",58.66768,-172.3645,2.8
"3163",1997,"L-25",58.667575,-173.005695,2.7
"3164",1997,"L-26",58.677725,-173.6352,3.1
"3165",1997,"L-31",58.670025,-176.805525,3.5
"3166",1997,"M-19",58.995475,-169.17401,0.9
"3167",1997,"M-21",59.01015,-170.447425,-0.1
"3168",1997,"M-22",58.98555,-171.13472,0.8
"3169",1997,"M-23",59.00855,-171.78656,1.4
"3170",1997,"M-24",59.008615,-172.43213,2.2
"3171",1997,"M-25",59.0098,-173.07381,2.2
"3172",1997,"M-26",58.99893,-173.7249,2.9
"3173",1997,"M-27",59.003215,-174.377425,3
"3174",1997,"M-28",58.99567,-174.998295,2.8
"3175",1997,"M-30",58.999465,-176.311265,3.2
"3176",1997,"M-31",59.01735,-176.951675,3.3
"3177",1997,"N-18",59.339795,-168.556865,3.2
"3178",1997,"N-19",59.34046,-169.237535,1.7
"3179",1997,"N-22",59.322165,-171.18079,0.2
"3180",1997,"N-25",59.33395,-173.16317,1.7
"3181",1997,"N-26",59.336165,-173.81312,2.1
"3182",1997,"N-27",59.336105,-174.45434,2.2
"3183",1997,"N-28",59.336035,-175.1098,2.7
"3184",1997,"N-31",59.34221,-177.05169,3.3
"3185",1997,"O-18",59.681665,-168.59453,2.8
"3186",1997,"O-21",59.67296,-170.583755,-0.1
"3187",1997,"O-22",59.669055,-171.2623,-0.1
"3188",1997,"O-23",59.67484,-171.89998,-0.1
"3189",1997,"O-24",59.6746,-172.576825,0.6
"3190",1997,"O-25",59.6779,-173.23172,1.1
"3191",1997,"O-26",59.662195,-173.86285,2
"3192",1997,"O-27",59.672015,-174.45415,2.3
"3193",1997,"O-28",59.650595,-175.076565,2.6
"3194",1997,"O-31",59.671895,-177.150315,3
"3195",1997,"ON2524",59.50675,-172.899075,1.8
"3196",1997,"ON2625",59.49241,-173.49465,1.9
"3197",1997,"P-19",59.99741,-169.287845,0.7
"3198",1997,"P-21",59.993585,-170.622365,-0.5
"3199",1997,"P-22",59.988645,-171.303705,-1
"3200",1997,"P-25",59.997755,-173.276905,0.7
"3201",1997,"P-26",60.001125,-173.958045,1.5
"3202",1997,"P-27",60.005925,-174.60381,2
"3203",1997,"P-28",60.009265,-175.266765,2.3
"3204",1997,"P-30",60.00471,-176.74834,2.5
"3205",1997,"P-31",60.0004,-177.23561,2.8
"3206",1997,"P-32",60.001815,-177.949545,2.4
"3207",1997,"PO2524",59.832585,-172.920865,0.9
"3208",1997,"PO2625",59.83952,-173.590545,1.7
"3209",1997,"PO2726",59.824005,-174.253,2
"3210",1997,"Q-19",60.3346,-169.326315,0.3
"3211",1997,"Q-20",60.33511,-170.03125,-0.3
"3212",1997,"Q-21",60.326965,-170.6606,-1.1
"3213",1997,"Q-22",60.33543,-171.329975,-1.2
"3214",1997,"Q-23",60.336515,-172.07186,-1
"3215",1997,"Q-26",60.33246,-174.062615,1.2
"3216",1997,"Q-27",60.33324,-174.72399,1.6
"3217",1997,"Q-28",60.3189,-175.38748,2.2
"3218",1997,"Q-29",60.33305,-176.04015,2
"3219",1997,"Q-30",60.335215,-176.708725,2
"3220",1997,"QP2524",60.16563,-173.020085,0.5
"3221",1997,"QP2625",60.118485,-173.752975,0.9
"3222",1997,"QP2726",60.163145,-174.355675,1.5
"3223",1997,"R-22",60.66223,-171.42573,-1.2
"3224",1997,"R-23",60.673705,-172.11779,-0.9
"3225",1997,"R-24",60.662995,-172.783655,3.1
"3226",1997,"R-25",60.6669,-173.45756,1
"3227",1997,"R-26",60.66564,-174.130275,1.2
"3228",1997,"R-28",60.67881,-175.461225,1.9
"3229",1997,"R-29",60.671285,-176.192075,2.1
"3230",1997,"R-30",60.67415,-176.807425,2.1
"3231",1997,"R-31",60.67212,-177.50257,2.3
"3232",1997,"R-32",60.66399,-178.1939,3.2
"3233",1997,"S-22",60.99439,-171.48193,-1.3
"3234",1997,"S-23",60.99494,-172.156915,-1.4
"3235",1997,"S-24",61.002025,-172.822555,-1.2
"3236",1997,"S-25",60.99743,-173.48762,-0.8
"3237",1997,"S-26",61.006325,-174.191225,1.1
"3238",1997,"S-28",60.98439,-175.555065,1.8
"3239",1997,"S-29",60.99584,-176.2895,1.7
"3240",1997,"S-30",61.0125,-176.967775,2.1
"3241",1997,"T-25",61.332175,-173.57794,-1.3
"3242",1997,"T-26",61.332285,-174.335325,-1
"3243",1997,"T-27",61.336535,-175.02826,-0.2
"3244",1997,"T-28",61.33575,-175.673875,1.7
"3245",1997,"T-29",61.33899,-176.30375,1.7
"3246",1997,"U-25",61.666175,-173.67106,-1.4
"3247",1997,"U-26",61.66753,-174.433335,-0.8
"3248",1997,"U-27",61.65323,-175.08361,0.2
"3249",1997,"U-28",61.664135,-175.78217,0.9
"3250",1997,"U-29",61.66378,-176.4612,1.8
"3251",1997,"V-25",61.999625,-173.76122,-1.3
"3252",1997,"V-26",61.985165,-174.503935,-0.9
"3253",1997,"V-27",62.009855,-175.16712,-0.5
"3254",1997,"V-28",62.00947,-175.83626,0.6
"3255",1998,"B-03",55.338125,-166.35759,3.8
"3256",1998,"B-05",55.3301,-165.200275,4
"3257",1998,"B-06",55.31509,-164.592685,5.2
"3258",1998,"C-03",55.668755,-166.3868,3.9
"3259",1998,"C-04",55.65891,-165.809015,4.1
"3260",1998,"C-06",55.636025,-164.577,4.6
"3261",1998,"D-03",55.99615,-166.398405,3.9
"3262",1998,"D-04",56.016675,-165.796985,4.3
"3263",1998,"D-05",55.99914,-165.18649,3.8
"3264",1998,"E-03",56.337015,-166.412265,3.6
"3265",1998,"E-04",56.336655,-165.798675,3.5
"3266",1998,"E-05",56.329795,-165.205585,3
"3267",1998,"E-06",56.312,-164.600735,3.6
"3268",1998,"E-08",56.334185,-163.391775,3.3
"3269",1998,"E-19",56.331335,-168.873875,3.8
"3270",1998,"F-03",56.668025,-166.426465,3.3
"3271",1998,"F-04",56.651615,-165.819055,3.3
"3272",1998,"F-05",56.66161,-165.218635,3
"3273",1998,"F-06",56.654615,-164.60326,3.1
"3274",1998,"F-18",56.6695,-168.27725,3.8
"3275",1998,"F-19",56.67095,-168.894065,3.6
"3276",1998,"F-23",56.65934,-171.348805,3.6
"3277",1998,"F-24",56.669955,-171.973875,3.6
"3278",1998,"G-01",56.99479,-167.709235,3.6
"3279",1998,"G-02",57.00338,-167.10299,3.7
"3280",1998,"G-03",57.003245,-166.460565,3.6
"3281",1998,"G-04",56.99497,-165.864055,3
"3282",1998,"G-05",56.997185,-165.21418,2.2
"3283",1998,"G-06",56.99916,-164.60484,2.9
"3284",1998,"G-18",56.994425,-168.336,3.8
"3285",1998,"G-19",56.999885,-168.9468,3.8
"3286",1998,"G-21",57.00076,-170.155115,4.1
"3287",1998,"GF1918",56.8391,-168.6118,3.6
"3288",1998,"GF2019",56.835015,-169.300725,3.4
"3289",1998,"GF2221",56.837105,-170.484115,3.9
"3290",1998,"H-01",57.331235,-167.74409,3.4
"3291",1998,"H-02",57.33735,-167.10842,2.9
"3292",1998,"H-03",57.336805,-166.482835,3.3
"3293",1998,"H-04",57.324875,-165.872605,2
"3294",1998,"H-05",57.330305,-165.255105,2.6
"3295",1998,"H-06",57.32768,-164.6193,2.8
"3296",1998,"H-18",57.32687,-168.350785,3.6
"3297",1998,"H-21",57.32915,-170.21191,4.3
"3298",1998,"H-23",57.339335,-171.47202,3.4
"3299",1998,"H-24",57.331665,-172.094125,3.5
"3300",1998,"HG2019",57.16026,-169.33333,2.9
"3301",1998,"I-02",57.648805,-167.13918,3.3
"3302",1998,"I-03",57.67031,-166.50217,2.2
"3303",1998,"I-04",57.671465,-165.90234,2.3
"3304",1998,"I-05",57.66515,-165.26063,2.8
"3305",1998,"I-18",57.66289,-168.412995,3.4
"3306",1998,"I-19",57.669375,-169.04198,2.4
"3307",1998,"I-20",57.6675,-169.6543,2.1
"3308",1998,"I-21",57.668415,-170.28337,3.3
"3309",1998,"I-22",57.664665,-170.9009,3.1
"3310",1998,"I-23",57.67094,-171.535835,3.3
"3311",1998,"I-26",57.67657,-173.400215,3.3
"3312",1998,"IH1918",57.4971,-168.745395,3.2
"3313",1998,"IH2019",57.50387,-169.364465,2.7
"3314",1998,"IH2120",57.50122,-169.968235,3.1
"3315",1998,"J-02",58.01779,-167.174675,2.8
"3316",1998,"J-04",58.0035,-165.912875,3.5
"3317",1998,"J-20",58.001865,-169.70824,1.7
"3318",1998,"J-21",57.997605,-170.32881,2.2
"3319",1998,"J-24",57.9949,-172.228325,2.8
"3320",1998,"J-25",57.99971,-172.88126,2.8
"3321",1998,"J-26",57.980045,-173.48406,3
"3322",1998,"JI1918",57.83041,-168.728265,2.7
"3323",1998,"JI2019",57.835985,-169.37395,1.6
"3324",1998,"JI2221",57.83041,-170.60514,2.6
"3325",1998,"K-01",58.311505,-167.8344,2.8
"3326",1998,"K-02",58.335085,-167.2152,3.3
"3327",1998,"K-04",58.325375,-165.928575,4.1
"3328",1998,"K-18",58.31299,-168.469335,2.9
"3329",1998,"K-20",58.334235,-169.72751,1.3
"3330",1998,"K-22",58.3345,-171.01131,2.1
"3331",1998,"K-23",58.333515,-171.65511,2.2
"3332",1998,"K-24",58.329545,-172.29298,2.4
"3333",1998,"K-25",58.33689,-172.922725,2.5
"3334",1998,"K-26",58.32103,-173.567925,2.9
"3335",1998,"K-27",58.346525,-174.2983,3.2
"3336",1998,"L-18",58.66196,-168.49999,3.5
"3337",1998,"L-19",58.670385,-169.146865,2.7
"3338",1998,"L-22",58.663095,-171.08514,2
"3339",1998,"L-23",58.671425,-171.73144,1.9
"3340",1998,"L-24",58.662335,-172.364175,2.2
"3341",1998,"L-25",58.66835,-173.008485,2.3
"3342",1998,"L-26",58.666305,-173.63581,2.8
"3343",1998,"L-27",58.672845,-174.274635,2.8
"3344",1998,"L-28",58.738215,-174.981575,2.9
"3345",1998,"M-19",59.005505,-169.179025,3
"3346",1998,"M-20",59.00661,-169.836595,2.2
"3347",1998,"M-22",58.994645,-171.139915,1.5
"3348",1998,"M-23",59.00369,-171.7974,1.7
"3349",1998,"M-24",58.99776,-172.43445,2
"3350",1998,"M-25",59.003915,-173.08829,2
"3351",1998,"M-26",59.00325,-173.71317,2.5
"3352",1998,"M-27",58.998355,-174.366125,2.5
"3353",1998,"M-31",58.9976,-176.94308,2.8
"3354",1998,"M-32",58.991555,-177.5879,2.8
"3355",1998,"N-18",59.32585,-168.57745,4
"3356",1998,"N-19",59.3338,-169.23246,3.4
"3357",1998,"N-20",59.33185,-169.87568,2.8
"3358",1998,"N-21",59.335465,-170.53022,1.9
"3359",1998,"N-22",59.331015,-171.187135,1.3
"3360",1998,"N-23",59.339595,-171.83479,1.3
"3361",1998,"N-24",59.334975,-172.5054,1.6
"3362",1998,"N-25",59.328875,-173.158545,1.7
"3363",1998,"N-27",59.330825,-174.439325,2
"3364",1998,"N-28",59.335535,-175.097245,2.3
"3365",1998,"N-29",59.33527,-175.747325,2.3
"3366",1998,"O-19",59.668185,-169.275385,3.6
"3367",1998,"O-20",59.66234,-169.91864,3
"3368",1998,"O-21",59.66365,-170.58766,2.2
"3369",1998,"O-22",59.66711,-171.23726,1.1
"3370",1998,"O-23",59.667605,-171.896965,1.1
"3371",1998,"O-24",59.664975,-172.57629,1.5
"3372",1998,"O-25",59.669165,-173.23615,1.8
"3373",1998,"O-27",59.663125,-174.45235,1.7
"3374",1998,"O-28",59.652575,-175.115225,1.8
"3375",1998,"O-31",59.66668,-177.1458,2.7
"3376",1998,"ON2524",59.499255,-172.890805,1.6
"3377",1998,"P-19",60.00168,-169.32344,3.3
"3378",1998,"P-20",60.00682,-169.975505,2.9
"3379",1998,"P-21",59.998735,-170.625875,2.2
"3380",1998,"P-22",59.99951,-171.29754,1
"3381",1998,"P-23",59.99975,-171.96344,0.7
"3382",1998,"P-24",60.005205,-172.646325,1
"3383",1998,"P-25",59.997265,-173.329815,1.2
"3384",1998,"P-26",60.000355,-173.94058,1.7
"3385",1998,"P-27",59.99708,-174.595275,1.4
"3386",1998,"P-28",60.001215,-175.27169,1.5
"3387",1998,"P-29",59.97576,-175.9404,1.7
"3388",1998,"P-30",60.00239,-176.71543,2.4
"3389",1998,"P-31",60.001895,-177.22141,2.5
"3390",1998,"P-32",59.998335,-177.933105,2
"3391",1998,"PO2423",59.834695,-172.252585,1.1
"3392",1998,"PO2524",59.833915,-172.86987,1.2
"3393",1998,"PO2625",59.83694,-173.589875,1.8
"3394",1998,"PO2726",59.83023,-174.243165,1.6
"3395",1998,"Q-18",60.3235,-168.671915,4.8
"3396",1998,"Q-20",60.32811,-170.053715,2.8
"3397",1998,"Q-21",60.339835,-170.66215,2.2
"3398",1998,"Q-22",60.32921,-171.3573,1
"3399",1998,"Q-23",60.33135,-172.06835,0.9
"3400",1998,"Q-25",60.3262,-173.42131,1.3
"3401",1998,"Q-26",60.33904,-174.081035,1.6
"3402",1998,"Q-27",60.333125,-174.68843,1.6
"3403",1998,"Q-28",60.33626,-175.397105,1.5
"3404",1998,"Q-29",60.33037,-176.04829,1.9
"3405",1998,"Q-30",60.337965,-176.73027,2.4
"3406",1998,"Q-31",60.337225,-177.393955,2.5
"3407",1998,"QP2423",60.17073,-172.35086,2.4
"3408",1998,"QP2524",60.17465,-173.01381,1.5
"3409",1998,"QP2625",60.15789,-173.782785,1.4
"3410",1998,"QP2726",60.163375,-174.352025,1.6
"3411",1998,"R-22",60.66067,-171.43591,1.4
"3412",1998,"R-23",60.66905,-172.129065,0.5
"3413",1998,"R-24",60.675375,-172.77449,3.2
"3414",1998,"R-25",60.671935,-173.47029,1.4
"3415",1998,"R-26",60.67076,-174.136695,1.4
"3416",1998,"R-27",60.663525,-174.80934,1.6
"3417",1998,"R-28",60.66994,-175.442015,1.6
"3418",1998,"R-29",60.66959,-176.217125,1.4
"3419",1998,"R-30",60.66173,-176.79317,2.2
"3420",1998,"R-31",60.66338,-177.48933,2.3
"3421",1998,"R-32",60.665785,-178.15881,2.5
"3422",1998,"S-22",60.994035,-171.48861,2
"3423",1998,"S-23",61.0024,-172.154265,0.5
"3424",1998,"S-24",61.001415,-172.818615,1.3
"3425",1998,"S-25",60.99962,-173.488405,0.6
"3426",1998,"S-26",60.99695,-174.17926,1.4
"3427",1998,"S-27",61.001275,-174.88075,1.5
"3428",1998,"S-28",60.999145,-175.548775,1.6
"3429",1998,"S-29",61.00404,-176.286875,1.6
"3430",1998,"S-30",61.00017,-176.977525,2
"3431",1998,"S-31",60.992705,-177.650355,2.1
"3432",1998,"T-25",61.3298,-173.59076,-0.3
"3433",1998,"T-26",61.33071,-174.351275,0.5
"3434",1998,"T-27",61.3419,-175.015625,1
"3435",1998,"T-29",61.33307,-176.301055,1.6
"3436",1998,"T-30",61.331215,-176.962965,1.9
"3437",1998,"U-25",61.65809,-173.66794,-0.5
"3438",1998,"U-26",61.66927,-174.421975,0.1
"3439",1998,"U-27",61.665775,-175.071485,0.7
"3440",1998,"U-28",61.683245,-175.806985,1
"3441",1998,"U-29",61.6656,-176.433615,1.4
"3442",1998,"V-25",61.996085,-173.767785,-0.1
"3443",1998,"V-26",62.00313,-174.501305,-0.1
"3444",1998,"V-27",62.000985,-175.21276,0.6
"3445",1998,"V-28",62.0034,-175.836015,1
"3446",1999,"A-03",54.998395,-166.348995,3.3
"3447",1999,"D-04",55.997615,-165.795055,3.1
"3448",1999,"E-05",56.33556,-165.19725,1.1
"3449",1999,"E-07",56.333305,-163.9729,0.9
"3450",1999,"E-18",56.335805,-168.26345,3.2
"3451",1999,"E-21",56.33459,-170.080905,2.7
"3452",1999,"F-04",56.66905,-165.863655,1
"3453",1999,"F-05",56.668,-165.20925,1.3
"3454",1999,"F-06",56.673535,-164.602995,0.6
"3455",1999,"F-07",56.666685,-163.98505,0.6
"3456",1999,"F-18",56.651755,-168.3049,2.4
"3457",1999,"F-23",56.657105,-171.351605,2.7
"3458",1999,"G-01",57.00914,-167.69735,2.2
"3459",1999,"G-02",56.98571,-167.10495,2.1
"3460",1999,"G-03",57.00011,-166.464995,1.5
"3461",1999,"G-04",56.998775,-165.8397,0
"3462",1999,"G-05",56.99853,-165.2147,0.7
"3463",1999,"G-06",56.992775,-164.607795,-0.2
"3464",1999,"G-07",56.988775,-164.0333,-0.8
"3465",1999,"G-08",57.02056,-163.38565,-0.3
"3466",1999,"G-09",57.001575,-162.7849,0
"3467",1999,"G-19",56.994995,-168.95845,2.5
"3468",1999,"GF1918",56.83917,-168.622905,2.2
"3469",1999,"GF2221",56.81975,-170.49605,2.7
"3470",1999,"H-03",57.335735,-166.4796,0.4
"3471",1999,"H-05",57.332865,-165.232695,-1.2
"3472",1999,"H-06",57.34985,-164.61905,-1.3
"3473",1999,"H-07",57.33205,-164.0206,-0.9
"3474",1999,"H-08",57.34491,-163.39195,0.3
"3475",1999,"H-20",57.327575,-169.5895,1.5
"3476",1999,"H-23",57.328525,-171.471605,2.5
"3477",1999,"H-24",57.339025,-172.160805,1.9
"3478",1999,"HG2019",57.16364,-169.3138,2.3
"3479",1999,"HG2120",57.157665,-169.88384,2.3
"3480",1999,"I-01",57.669485,-167.77045,1.4
"3481",1999,"I-02",57.652835,-167.1559,0.2
"3482",1999,"I-03",57.66658,-166.501,-0.4
"3483",1999,"I-04",57.66911,-165.891395,-0.7
"3484",1999,"I-05",57.66641,-165.2565,-1.5
"3485",1999,"I-06",57.661405,-164.61525,-0.3
"3486",1999,"I-20",57.65924,-169.64404,0.8
"3487",1999,"I-21",57.68441,-170.324855,0.5
"3488",1999,"I-22",57.655205,-170.886845,2
"3489",1999,"I-23",57.663895,-171.5346,1.7
"3490",1999,"I-24",57.66152,-172.20005,1.5
"3491",1999,"I-25",57.694125,-172.8191,2.2
"3492",1999,"I-26",57.687035,-173.36935,2.7
"3493",1999,"IH2120",57.49722,-169.97694,0.9
"3494",1999,"IH2221",57.521345,-170.579445,2.1
"3495",1999,"J-01",58.0021,-167.8062,0.3
"3496",1999,"J-02",58.008155,-167.18335,-0.3
"3497",1999,"J-03",57.99746,-166.519955,-0.3
"3498",1999,"J-04",57.99539,-165.89515,-0.2
"3499",1999,"J-05",58.00276,-165.25195,-0.2
"3500",1999,"J-18",58.00446,-168.44479,1.6
"3501",1999,"J-21",58.02277,-170.348405,0.2
"3502",1999,"J-23",57.998465,-171.593655,1.2
"3503",1999,"J-24",57.952405,-172.2743,1.7
"3504",1999,"J-25",58.00806,-172.93705,1.9
"3505",1999,"J-26",57.98429,-173.45665,2.2
"3506",1999,"JI1918",57.82776,-168.750405,1.5
"3507",1999,"JI2019",57.82674,-169.380005,0
"3508",1999,"JI2120",57.830465,-169.97815,0.2
"3509",1999,"JI2221",57.857105,-170.61025,0.6
"3510",1999,"K-01",58.34401,-167.83815,-0.8
"3511",1999,"K-02",58.335865,-167.211545,0.5
"3512",1999,"K-06",58.34657,-164.662455,0.1
"3513",1999,"K-18",58.336465,-168.4691,-0.5
"3514",1999,"K-21",58.3662,-170.383995,-0.4
"3515",1999,"K-22",58.33192,-171.0271,0.2
"3516",1999,"K-23",58.330635,-171.661145,0.7
"3517",1999,"K-24",58.341295,-172.36605,1.1
"3518",1999,"K-25",58.315365,-172.92255,1.6
"3519",1999,"K-26",58.33983,-173.57085,2.2
"3520",1999,"L-01",58.66552,-167.869095,0.6
"3521",1999,"L-18",58.6661,-168.4939,0.4
"3522",1999,"L-19",58.66513,-169.145205,-1.1
"3523",1999,"L-20",58.66689,-169.78236,-1.2
"3524",1999,"L-22",58.66793,-171.0876,-0.5
"3525",1999,"L-23",58.66312,-171.711655,0.1
"3526",1999,"L-25",58.677375,-172.96125,1.4
"3527",1999,"L-26",58.676045,-173.6307,1.9
"3528",1999,"M-18",58.995835,-168.532755,0.6
"3529",1999,"M-19",58.996725,-169.189995,-0.3
"3530",1999,"M-20",58.994725,-169.8274,-1.3
"3531",1999,"M-22",59.004285,-171.1372,-1.5
"3532",1999,"M-23",58.99827,-171.790255,-0.6
"3533",1999,"M-26",59.00498,-173.71685,1.7
"3534",1999,"M-27",59.01183,-174.3713,1.6
"3535",1999,"N-19",59.33343,-169.2408,-0.7
"3536",1999,"N-20",59.33851,-169.8686,-1.2
"3537",1999,"N-21",59.344685,-170.5409,-1.5
"3538",1999,"N-22",59.331185,-171.17335,-1.6
"3539",1999,"N-23",59.33452,-171.83445,-1.2
"3540",1999,"N-24",59.30245,-172.49146,-0.5
"3541",1999,"N-25",59.339835,-173.130445,0.4
"3542",1999,"N-26",59.341445,-173.8043,1.1
"3543",1999,"N-27",59.34945,-174.42155,1.1
"3544",1999,"N-30",59.29565,-176.38615,0.2
"3545",1999,"O-19",59.662805,-169.26935,-1.3
"3546",1999,"O-20",59.67059,-169.913705,-1.3
"3547",1999,"O-21",59.691085,-170.590195,-1.6
"3548",1999,"O-22",59.664615,-171.253755,-1.6
"3549",1999,"O-23",59.665725,-171.887255,-1.6
"3550",1999,"O-24",59.6653,-172.55645,-0.9
"3551",1999,"O-25",59.649685,-173.241305,0.1
"3552",1999,"O-26",59.666705,-173.8705,0.9
"3553",1999,"O-27",59.677945,-174.4532,0.7
"3554",1999,"O-28",59.66317,-175.10741,1.3
"3555",1999,"O-29",59.66568,-175.87035,1.9
"3556",1999,"O-30",59.666445,-176.5982,-0.3
"3557",1999,"O-31",59.644615,-177.0956,1.4
"3558",1999,"ON2524",59.472955,-172.9384,0.1
"3559",1999,"ON2625",59.494605,-173.4516,0.4
"3560",1999,"P-18",59.994995,-168.6315,-0.1
"3561",1999,"P-19",59.995945,-169.3151,-1.4
"3562",1999,"P-20",60.00655,-169.96325,-1.4
"3563",1999,"P-21",60.023555,-170.613845,-1.6
"3564",1999,"P-22",59.99937,-171.29825,-1.6
"3565",1999,"P-23",60.00655,-171.94624,-1.4
"3566",1999,"P-24",60.00176,-172.622705,-1.4
"3567",1999,"P-26",60.007985,-173.9527,0.2
"3568",1999,"P-27",60.005175,-174.55735,0.5
"3569",1999,"P-28",60.00474,-175.24385,1.2
"3570",1999,"P-29",60.00527,-175.93465,1.6
"3571",1999,"P-30",59.97114,-176.7472,0.3
"3572",1999,"P-31",59.999725,-177.2211,0.5
"3573",1999,"P-32",60.02381,-177.8635,0.2
"3574",1999,"PO2423",59.842245,-172.26185,-1.6
"3575",1999,"PO2524",59.8302,-172.92395,-1
"3576",1999,"PO2625",59.817245,-173.573305,0.2
"3577",1999,"PO2726",59.84212,-174.25915,0.5
"3578",1999,"Q-18",60.32325,-168.6807,0.3
"3579",1999,"Q-19",60.31895,-169.3359,-1.1
"3580",1999,"Q-20",60.33481,-170.024555,-1.5
"3581",1999,"Q-21",60.340935,-170.652945,-1.6
"3582",1999,"Q-22",60.330165,-171.36145,-1.6
"3583",1999,"Q-23",60.334845,-172.0614,-1.5
"3584",1999,"Q-25",60.300145,-173.3784,-1.3
"3585",1999,"Q-26",60.34172,-174.0616,-0.3
"3586",1999,"Q-27",60.348675,-174.69725,0.5
"3587",1999,"Q-28",60.348715,-175.394445,0.7
"3588",1999,"Q-29",60.340585,-176.04425,1
"3589",1999,"Q-30",60.34401,-176.7848,0.2
"3590",1999,"Q-31",60.30642,-177.3587,0.5
"3591",1999,"QP2524",60.171285,-173.04215,-1.1
"3592",1999,"QP2625",60.11679,-173.76785,-0.1
"3593",1999,"QP2726",60.187275,-174.394,0.3
"3594",1999,"R-23",60.665385,-172.12535,-1.7
"3595",1999,"R-24",60.653555,-172.74685,-0.1
"3596",1999,"R-25",60.671015,-173.46561,-1.1
"3597",1999,"R-26",60.679675,-174.20345,-0.1
"3598",1999,"R-27",60.660345,-174.7461,0.1
"3599",1999,"R-28",60.66673,-175.47829,0.6
"3600",1999,"R-29",60.66976,-176.193005,0.5
"3601",1999,"R-30",60.660875,-176.82275,0.4
"3602",1999,"R-31",60.671165,-177.52205,0.7
"3603",1999,"R-32",60.669235,-178.1319,0.2
"3604",1999,"S-22",60.999785,-171.502,-1.6
"3605",1999,"S-23",61.0005,-172.16425,-1.6
"3606",1999,"S-24",61.002645,-172.823455,-1.3
"3607",1999,"S-25",60.996565,-173.502505,-1.7
"3608",1999,"S-26",61.008695,-174.19725,-1.6
"3609",1999,"S-27",61.00687,-174.87505,-0.5
"3610",1999,"S-28",61.002705,-175.55665,-0.1
"3611",1999,"S-29",61.00034,-176.260445,0.3
"3612",1999,"S-30",61.026905,-176.9759,0.2
"3613",1999,"S-31",60.978805,-177.6343,0.4
"3614",1999,"T-25",61.340695,-173.567945,-1.7
"3615",1999,"T-26",61.366245,-174.27715,-1.8
"3616",1999,"T-27",61.31477,-174.9505,-1.5
"3617",1999,"T-30",61.34871,-176.9955,0.2
"3618",1999,"U-25",61.66944,-173.66061,-1.7
"3619",1999,"U-26",61.646575,-174.4666,-1.7
"3620",1999,"U-27",61.674345,-175.08175,-1.6
"3621",1999,"U-28",61.681185,-175.7954,-0.7
"3622",1999,"U-29",61.65767,-176.46865,-0.2
"3623",1999,"V-25",62.006445,-173.74305,-1.7
"3624",1999,"V-26",62.002325,-174.511595,-1.7
"3625",1999,"V-27",62.01175,-175.1838,-1.7
"3626",1999,"V-28",61.97108,-175.8297,-1.2
"3627",2000,"B-03",55.345375,-166.35465,3.6
"3628",2000,"C-03",55.659035,-166.3841,3.5
"3629",2000,"D-02",55.985575,-167.020195,3.4
"3630",2000,"D-03",56.007465,-166.3803,3.5
"3631",2000,"D-05",56.00924,-165.1806,2.3
"3632",2000,"E-01",56.346615,-167.655995,3.2
"3633",2000,"E-02",56.338995,-167.034245,3.1
"3634",2000,"E-03",56.34371,-166.4196,3.4
"3635",2000,"E-19",56.333535,-168.870455,3.4
"3636",2000,"E-21",56.333615,-170.06731,3.5
"3637",2000,"F-01",56.649035,-167.6695,2.4
"3638",2000,"F-02",56.669365,-167.0653,2.3
"3639",2000,"G-01",56.990885,-167.70745,2.5
"3640",2000,"G-03",57.008225,-166.4703,2.1
"3641",2000,"G-04",56.996185,-165.8564,1.9
"3642",2000,"G-07",56.99173,-163.9029,1.4
"3643",2000,"G-18",57.00248,-168.336945,2.5
"3644",2000,"G-19",56.99594,-168.946545,2.7
"3645",2000,"G-22",56.996065,-170.779295,3.1
"3646",2000,"G-23",56.993805,-171.3987,3.5
"3647",2000,"GF2221",56.83143,-170.46505,3
"3648",2000,"H-02",57.33366,-167.122845,1.9
"3649",2000,"H-04",57.33221,-165.8656,1.9
"3650",2000,"H-05",57.313125,-165.228695,1.3
"3651",2000,"H-06",57.33511,-164.617545,0.7
"3652",2000,"H-21",57.341975,-170.19835,4.2
"3653",2000,"H-23",57.323715,-171.45925,3.3
"3654",2000,"HG1918",57.15928,-168.630645,2.9
"3655",2000,"I-01",57.65545,-167.7682,2.3
"3656",2000,"I-02",57.66964,-167.137795,1.3
"3657",2000,"I-03",57.673055,-166.508595,1.7
"3658",2000,"I-04",57.663975,-165.8849,1.3
"3659",2000,"I-05",57.65912,-165.248005,1.1
"3660",2000,"I-06",57.671775,-164.61195,1.9
"3661",2000,"I-19",57.656245,-169.0215,3
"3662",2000,"I-21",57.671305,-170.258245,2.8
"3663",2000,"I-22",57.66681,-170.901945,2.9
"3664",2000,"I-23",57.66431,-171.52575,3.1
"3665",2000,"IH2120",57.503295,-169.996805,3.1
"3666",2000,"IH2221",57.499625,-170.58376,3.1
"3667",2000,"J-02",57.997045,-167.17435,1.1
"3668",2000,"J-03",58.009565,-166.528745,1.3
"3669",2000,"J-04",57.998345,-165.902155,2.1
"3670",2000,"J-06",58.000885,-164.613155,2.7
"3671",2000,"J-18",58.00182,-168.43335,2
"3672",2000,"J-19",57.99587,-169.05215,2.6
"3673",2000,"J-21",57.998335,-170.335045,2.4
"3674",2000,"J-22",58.00389,-170.96765,2.7
"3675",2000,"J-23",57.99959,-171.597805,2.8
"3676",2000,"JI1918",57.82825,-168.7323,2.6
"3677",2000,"JI2120",57.831295,-169.962545,3
"3678",2000,"JI2221",57.83405,-170.61695,2.4
"3679",2000,"K-01",58.325855,-167.840655,1.3
"3680",2000,"K-02",58.330865,-167.1822,1.7
"3681",2000,"K-03",58.339185,-166.547655,2.2
"3682",2000,"K-04",58.33122,-165.9236,2.3
"3683",2000,"K-18",58.33339,-168.4687,1.5
"3684",2000,"K-21",58.33697,-170.39145,2.1
"3685",2000,"K-22",58.33374,-171.025,2
"3686",2000,"K-23",58.335095,-171.65365,2.5
"3687",2000,"K-25",58.334985,-172.87965,2.8
"3688",2000,"K-26",58.331065,-173.568405,2.9
"3689",2000,"L-01",58.66722,-167.86905,2.4
"3690",2000,"L-02",58.662905,-167.217945,2.2
"3691",2000,"L-18",58.659915,-168.498345,1.6
"3692",2000,"L-20",58.668355,-169.7834,1.8
"3693",2000,"L-21",58.669365,-170.434645,1.8
"3694",2000,"L-23",58.667875,-171.72455,2.1
"3695",2000,"L-24",58.66933,-172.36455,2.4
"3696",2000,"L-25",58.668615,-172.994645,2.7
"3697",2000,"M-18",58.996325,-168.537155,1.9
"3698",2000,"M-19",58.9876,-169.172895,2
"3699",2000,"M-20",59.00136,-169.843355,1.4
"3700",2000,"M-21",59.001585,-170.482705,1.8
"3701",2000,"M-23",59.04324,-171.7932,1.1
"3702",2000,"M-24",59.00393,-172.437095,1.9
"3703",2000,"M-25",58.999015,-173.083845,2.2
"3704",2000,"M-26",58.997065,-173.714655,2.5
"3705",2000,"N-18",59.330195,-168.5682,2.2
"3706",2000,"N-19",59.322675,-169.23645,2
"3707",2000,"N-21",59.322215,-170.5337,1.9
"3708",2000,"N-22",59.33388,-171.18705,1.2
"3709",2000,"N-23",59.330305,-171.82774,0.9
"3710",2000,"N-24",59.336575,-172.49845,1.5
"3711",2000,"N-25",59.334005,-173.156105,2
"3712",2000,"N-26",59.334385,-173.8009,2.1
"3713",2000,"N-28",59.32986,-175.111395,1.9
"3714",2000,"N-29",59.34333,-175.74965,1.8
"3715",2000,"N-30",59.32658,-176.383255,1.1
"3716",2000,"O-19",59.661785,-169.2718,1.9
"3717",2000,"O-20",59.67114,-169.918405,1.2
"3718",2000,"O-21",59.67208,-170.59195,1.2
"3719",2000,"O-22",59.66401,-171.253505,0.1
"3720",2000,"O-23",59.635985,-171.88975,0.3
"3721",2000,"O-24",59.664175,-172.56675,0.6
"3722",2000,"O-25",59.665805,-173.2391,1.4
"3723",2000,"O-26",59.667985,-173.868895,1.9
"3724",2000,"O-27",59.67166,-174.449295,1.9
"3725",2000,"O-28",59.678375,-175.1197,1.6
"3726",2000,"O-29",59.67713,-175.86205,1.7
"3727",2000,"ON2524",59.502015,-172.882345,1.3
"3728",2000,"ON2625",59.49799,-173.504855,1.9
"3729",2000,"P-18",60.00435,-168.65145,2.3
"3730",2000,"P-19",59.99365,-169.31295,2
"3731",2000,"P-20",60.00262,-169.96575,1
"3732",2000,"P-21",60.00263,-170.6345,0.6
"3733",2000,"P-22",59.99881,-171.30435,-0.5
"3734",2000,"P-23",59.99067,-171.986605,0.3
"3735",2000,"P-24",59.991685,-172.6389,0.3
"3736",2000,"P-25",60.010755,-173.313005,0.3
"3737",2000,"P-26",60.00135,-173.94836,1.3
"3738",2000,"P-27",59.99979,-174.61845,1.9
"3739",2000,"P-28",59.992875,-175.269795,1.6
"3740",2000,"P-29",60.01065,-175.927695,1.4
"3741",2000,"P-30",60.00673,-176.7157,0.4
"3742",2000,"P-31",60.000325,-177.21405,0.3
"3743",2000,"P-32",60.00283,-177.93985,0.5
"3744",2000,"PO2423",59.83161,-172.251195,0
"3745",2000,"PO2524",59.83612,-172.9097,0
"3746",2000,"PO2625",59.833495,-173.5812,1.2
"3747",2000,"PO2726",59.839705,-174.2289,1.9
"3748",2000,"Q-18",60.333155,-168.68585,2.8
"3749",2000,"Q-19",60.329925,-169.31555,1.9
"3750",2000,"Q-20",60.33598,-170.0324,0.6
"3751",2000,"Q-21",60.327515,-170.664695,0.5
"3752",2000,"Q-22",60.324185,-171.3694,-0.4
"3753",2000,"Q-25",60.299605,-173.382795,0.6
"3754",2000,"Q-26",60.332575,-174.065,1.1
"3755",2000,"Q-27",60.3241,-174.71925,1.4
"3756",2000,"Q-28",60.3301,-175.38865,1.4
"3757",2000,"Q-29",60.333085,-176.04715,1.3
"3758",2000,"Q-30",60.33245,-176.721745,0.8
"3759",2000,"Q-31",60.329805,-177.3853,0.8
"3760",2000,"QP2423",60.16613,-172.34129,1.8
"3761",2000,"QP2524",60.17791,-173.039145,1.1
"3762",2000,"QP2625",60.127405,-173.7693,1
"3763",2000,"QP2726",60.16935,-174.3509,1.6
"3764",2000,"R-22",60.66393,-171.436755,-1
"3765",2000,"R-23",60.66404,-172.10555,-1.2
"3766",2000,"R-24",60.667905,-172.784305,2
"3767",2000,"R-25",60.673165,-173.439255,0.8
"3768",2000,"R-26",60.67372,-174.135795,0.4
"3769",2000,"R-27",60.665935,-174.8265,1.2
"3770",2000,"R-28",60.671975,-175.4549,0.6
"3771",2000,"R-29",60.67228,-176.206905,1.2
"3772",2000,"R-30",60.67443,-176.80445,1.3
"3773",2000,"R-31",60.66595,-177.489795,0.2
"3774",2000,"R-32",60.6588,-178.1869,1.3
"3775",2000,"S-22",61.00052,-171.5111,-1.3
"3776",2000,"S-23",60.999425,-172.177,-1.1
"3777",2000,"S-24",60.999425,-172.829945,-0.6
"3778",2000,"S-25",61.001775,-173.476105,-1.2
"3779",2000,"S-26",61.00093,-174.185205,-0.4
"3780",2000,"S-27",61.0053,-174.88765,0.1
"3781",2000,"S-28",61.00095,-175.554695,0.4
"3782",2000,"S-29",61.009965,-176.28625,0.5
"3783",2000,"S-30",61.004255,-176.972,0.9
"3784",2000,"S-31",60.996295,-177.633895,0.9
"3785",2000,"T-25",61.342245,-173.596055,-1.5
"3786",2000,"T-26",61.33278,-174.333,-1.3
"3787",2000,"T-27",61.32625,-175.0262,-0.9
"3788",2000,"T-28",61.340325,-175.67149,-0.5
"3789",2000,"T-29",61.33857,-176.301555,0.1
"3790",2000,"T-30",61.334365,-176.96815,0.2
"3791",2000,"U-26",61.66661,-174.433555,-1.6
"3792",2000,"U-27",61.67289,-175.092455,-1.2
"3793",2000,"U-28",61.66274,-175.80485,-0.3
"3794",2000,"U-29",61.66402,-176.471,-0.2
"3795",2000,"V-25",61.996375,-173.74865,-1.6
"3796",2000,"V-26",62.00061,-174.4995,-1.6
"3797",2000,"V-27",61.98991,-175.1679,-1.6
"3798",2000,"V-28",61.99459,-175.83645,-1.5
"3799",2001,"D-03",55.99644,-166.3889,4.1
"3800",2001,"D-06",55.99676,-164.6091,3.5
"3801",2001,"E-02",56.353595,-167.04395,4.1
"3802",2001,"E-03",56.339745,-166.415245,4
"3803",2001,"E-04",56.330265,-165.807865,3.4
"3804",2001,"E-21",56.339845,-170.08935,3.5
"3805",2001,"F-05",56.67629,-165.2124,2.9
"3806",2001,"G-01",57.00463,-167.704205,3.2
"3807",2001,"G-05",57.00178,-165.21075,2.8
"3808",2001,"G-18",56.990665,-168.31665,3.1
"3809",2001,"G-19",56.99479,-168.94665,3.3
"3810",2001,"G-23",57.00399,-171.39485,3.3
"3811",2001,"GF1918",56.8363,-168.623,3.2
"3812",2001,"H-02",57.341035,-167.1045,2.7
"3813",2001,"H-03",57.33466,-166.476545,2.7
"3814",2001,"H-04",57.338785,-165.85281,2.5
"3815",2001,"H-05",57.334005,-165.2335,2.4
"3816",2001,"H-06",57.322865,-164.617455,1.7
"3817",2001,"H-07",57.328895,-164.00825,2
"3818",2001,"H-19",57.32641,-168.99225,2.8
"3819",2001,"H-24",57.34015,-172.09454,3.2
"3820",2001,"HG1918",57.161535,-168.667645,3.1
"3821",2001,"HG2019",57.16274,-169.3157,3.1
"3822",2001,"I-03",57.66513,-166.4899,2.5
"3823",2001,"I-05",57.66809,-165.2509,1.4
"3824",2001,"I-19",57.66535,-169.04335,2.1
"3825",2001,"I-20",57.66422,-169.65605,2.5
"3826",2001,"I-21",57.6639,-170.272355,2.1
"3827",2001,"I-22",57.66222,-170.889,2.9
"3828",2001,"I-23",57.66797,-171.5336,2.8
"3829",2001,"I-24",57.66735,-172.164,3.2
"3830",2001,"I-25",57.67157,-172.805,3.4
"3831",2001,"IH2019",57.492925,-169.365205,2.6
"3832",2001,"J-02",58.00204,-167.15815,1.7
"3833",2001,"J-03",58.00196,-166.51905,1.5
"3834",2001,"J-04",57.9879,-165.89515,1.2
"3835",2001,"J-05",57.9927,-165.2472,1.7
"3836",2001,"J-19",57.99651,-169.05185,1.8
"3837",2001,"J-20",57.99199,-169.68066,1.8
"3838",2001,"J-21",58.00095,-170.333755,1.9
"3839",2001,"J-22",58.00185,-170.975195,2.3
"3840",2001,"J-25",58.00254,-172.8612,3
"3841",2001,"J-26",58.000255,-173.48,3.3
"3842",2001,"JI2019",57.824655,-169.36605,2
"3843",2001,"JI2120",57.83824,-169.99725,2.3
"3844",2001,"K-01",58.33762,-167.8404,1.5
"3845",2001,"K-02",58.3219,-167.205605,1.4
"3846",2001,"K-04",58.316215,-165.9322,1.4
"3847",2001,"K-05",58.335465,-165.28965,1.6
"3848",2001,"K-18",58.32432,-168.46935,1.5
"3849",2001,"K-19",58.327595,-169.116905,1.5
"3850",2001,"K-20",58.33203,-169.71761,1.7
"3851",2001,"K-22",58.333475,-171.022045,1.8
"3852",2001,"K-23",58.33585,-171.6563,2
"3853",2001,"K-24",58.333925,-172.293955,2.4
"3854",2001,"K-25",58.33404,-172.93214,2.8
"3855",2001,"K-27",58.335755,-174.299695,3.6
"3856",2001,"L-01",58.67162,-167.871605,1.8
"3857",2001,"L-18",58.665735,-168.532395,1
"3858",2001,"L-19",58.66087,-169.14975,1.1
"3859",2001,"L-20",58.66744,-169.79335,1.3
"3860",2001,"L-21",58.67217,-170.433705,1.4
"3861",2001,"L-22",58.66495,-171.081085,1.3
"3862",2001,"L-23",58.667035,-171.715855,2
"3863",2001,"L-24",58.66089,-172.376755,2.1
"3864",2001,"L-25",58.66782,-173.00305,2.7
"3865",2001,"L-26",58.672235,-173.6161,3.5
"3866",2001,"M-18",58.994955,-168.55475,1.2
"3867",2001,"M-19",59.001725,-169.2171,0.4
"3868",2001,"M-20",58.996975,-169.82505,0.8
"3869",2001,"M-21",59.001325,-170.483595,1.2
"3870",2001,"M-22",59.000745,-171.11805,1.1
"3871",2001,"M-23",59.000175,-171.78045,1.5
"3872",2001,"M-24",58.99868,-172.436645,1.7
"3873",2001,"M-25",59.003315,-173.085205,2.5
"3874",2001,"M-26",59.002655,-173.7187,3
"3875",2001,"M-27",59.00116,-174.3666,3
"3876",2001,"M-30",58.977065,-176.3156,1.7
"3877",2001,"M-32",59.00604,-177.58825,2.7
"3878",2001,"N-18",59.335065,-168.573,0.2
"3879",2001,"N-19",59.331365,-169.2425,-0.6
"3880",2001,"N-20",59.33155,-169.867355,-0.2
"3881",2001,"N-21",59.333145,-170.53445,1
"3882",2001,"N-22",59.330715,-171.1826,1.1
"3883",2001,"N-23",59.335305,-171.837655,1.1
"3884",2001,"N-24",59.333275,-172.49755,1.5
"3885",2001,"N-25",59.334005,-173.151395,1.9
"3886",2001,"N-26",59.32654,-173.79775,2.7
"3887",2001,"N-27",59.328945,-174.448445,3
"3888",2001,"N-28",59.331125,-175.113,2.8
"3889",2001,"N-29",59.33647,-175.755355,1.8
"3890",2001,"N-30",59.334715,-176.3965,1.3
"3891",2001,"O-19",59.674835,-169.218355,-1.2
"3892",2001,"O-20",59.66752,-169.9169,-0.8
"3893",2001,"O-21",59.66774,-170.5803,0
"3894",2001,"O-22",59.66967,-171.2358,0.9
"3895",2001,"O-23",59.671765,-171.89965,0.8
"3896",2001,"O-24",59.667015,-172.5637,1.3
"3897",2001,"O-25",59.66641,-173.2323,1.6
"3898",2001,"O-26",59.66509,-173.86705,2.4
"3899",2001,"O-27",59.66012,-174.451695,2.6
"3900",2001,"O-28",59.66429,-175.101905,2.8
"3901",2001,"O-30",59.67052,-176.52545,1
"3902",2001,"O-31",59.67138,-177.148355,1.2
"3903",2001,"ON2524",59.504105,-172.875755,1.6
"3904",2001,"ON2625",59.502865,-173.496705,2.2
"3905",2001,"P-19",60.012015,-169.319255,-1.3
"3906",2001,"P-20",60.00807,-169.954595,-1
"3907",2001,"P-21",60.00062,-170.6253,-0.3
"3908",2001,"P-22",60.01252,-171.333755,0.7
"3909",2001,"P-23",59.996915,-171.963545,0.5
"3910",2001,"P-24",60.001125,-172.631645,0.3
"3911",2001,"P-25",60.00172,-173.306545,0.9
"3912",2001,"P-26",59.999425,-173.956505,1.6
"3913",2001,"P-27",60.003005,-174.60045,2.1
"3914",2001,"P-28",60.01173,-175.217795,2.6
"3915",2001,"P-29",60.001695,-175.930055,2.3
"3916",2001,"P-30",60.00085,-176.714855,1.4
"3917",2001,"P-31",59.999705,-177.2114,0.8
"3918",2001,"P-32",60.004265,-177.912205,0.8
"3919",2001,"PO2423",59.834615,-172.25275,0.7
"3920",2001,"PO2726",59.834815,-174.246455,2.3
"3921",2001,"Q-18",60.32518,-168.71575,0.7
"3922",2001,"Q-19",60.300165,-169.32705,-1.3
"3923",2001,"Q-20",60.32968,-170.0306,-1.2
"3924",2001,"Q-21",60.329755,-170.6642,-0.8
"3925",2001,"Q-22",60.355815,-171.31765,0.3
"3926",2001,"Q-25",60.33349,-173.424255,1.3
"3927",2001,"Q-26",60.33419,-174.08445,1.5
"3928",2001,"Q-27",60.31884,-174.7212,1.7
"3929",2001,"Q-28",60.34978,-175.376395,2.2
"3930",2001,"Q-29",60.33951,-176.030755,2.2
"3931",2001,"Q-30",60.338035,-176.72215,1.4
"3932",2001,"Q-31",60.322565,-177.379055,0.8
"3933",2001,"QP2423",60.1615,-172.32585,0.9
"3934",2001,"QP2524",60.187095,-173.030745,1.3
"3935",2001,"QP2726",60.17178,-174.3649,1.7
"3936",2001,"R-22",60.69094,-171.4745,-0.6
"3937",2001,"R-23",60.66854,-172.114945,-1.2
"3938",2001,"R-24",60.667275,-172.785205,2.9
"3939",2001,"R-25",60.66872,-173.4655,2.7
"3940",2001,"R-26",60.66777,-174.15125,1
"3941",2001,"R-27",60.66519,-174.826645,1.4
"3942",2001,"R-28",60.66075,-175.456745,1.9
"3943",2001,"R-29",60.67393,-176.20265,1.9
"3944",2001,"R-30",60.670275,-176.82145,1.1
"3945",2001,"R-31",60.66759,-177.5046,0.8
"3946",2001,"R-32",60.667765,-178.18065,0.5
"3947",2001,"S-22",60.98797,-171.5006,-1.2
"3948",2001,"S-23",61.006235,-172.19165,-1.2
"3949",2001,"S-24",61.002225,-172.81385,2.3
"3950",2001,"S-25",61.02371,-173.487495,0
"3951",2001,"S-26",60.994185,-174.195,0.8
"3952",2001,"S-27",60.995005,-174.886455,1
"3953",2001,"S-29",61.002575,-176.2847,1.5
"3954",2001,"S-30",61.00132,-176.97145,1.7
"3955",2001,"S-31",60.99694,-177.633755,0.8
"3956",2001,"T-25",61.329975,-173.58384,-0.9
"3957",2001,"T-26",61.334675,-174.3416,0
"3958",2001,"T-27",61.33475,-175.01175,1
"3959",2001,"T-28",61.329715,-175.6743,1.1
"3960",2001,"T-29",61.33588,-176.30785,1.3
"3961",2001,"T-30",61.336675,-176.98005,1.5
"3962",2001,"U-25",61.66488,-173.67004,-1.4
"3963",2001,"U-26",61.664475,-174.4441,-0.9
"3964",2001,"U-27",61.66849,-175.0859,0.3
"3965",2001,"U-28",61.66443,-175.77925,1
"3966",2001,"U-29",61.672935,-176.461955,1
"3967",2001,"V-25",61.9995,-173.8432,-1.4
"3968",2001,"V-26",62.00219,-174.533345,-1.3
"3969",2001,"V-27",62.00157,-175.1688,-0.8
"3970",2002,"C-09",55.674295,-162.83645,4.3
"3971",2002,"D-08",56.004235,-163.406445,2.7
"3972",2002,"E-02",56.33485,-167.026355,3.5
"3973",2002,"E-04",56.32553,-165.81036,2.8
"3974",2002,"F-04",56.665695,-165.8537,3
"3975",2002,"F-18",56.665335,-168.283295,3.3
"3976",2002,"F-22",56.67304,-170.7243,3.5
"3977",2002,"G-18",56.99784,-168.327005,3.3
"3978",2002,"G-19",57.00189,-168.99191,3.6
"3979",2002,"G-22",57.00078,-170.800555,3.9
"3980",2002,"G-23",56.99054,-171.381345,3.4
"3981",2002,"G-24",57.00016,-171.99185,3.5
"3982",2002,"GF1918",56.831485,-168.637355,3.3
"3983",2002,"GF2120",56.83195,-169.88744,4.6
"3984",2002,"H-06",57.308935,-164.61235,3.2
"3985",2002,"H-19",57.32739,-168.977855,3.8
"3986",2002,"H-22",57.33856,-170.851095,4.1
"3987",2002,"H-23",57.3294,-171.45765,3.4
"3988",2002,"H-24",57.337845,-172.08095,3.5
"3989",2002,"H-26",57.334125,-173.32115,3.7
"3990",2002,"HG2019",57.16146,-169.317745,3.7
"3991",2002,"I-02",57.6436,-167.163605,1.9
"3992",2002,"I-19",57.67203,-169.03105,3.8
"3993",2002,"I-20",57.66941,-169.64585,3
"3994",2002,"I-22",57.66759,-170.88474,3.4
"3995",2002,"I-24",57.690825,-172.194545,3.3
"3996",2002,"I-25",57.66471,-172.8027,3.4
"3997",2002,"IH1918",57.49842,-168.734695,3.7
"3998",2002,"IH2019",57.494195,-169.392195,3.6
"3999",2002,"IH2120",57.50511,-169.9746,2.6
"4000",2002,"IH2221",57.508665,-170.580595,3.8
"4001",2002,"J-03",57.995905,-166.526355,3.3
"4002",2002,"J-04",57.99345,-165.90865,3.3
"4003",2002,"J-18",57.99667,-168.4361,2.6
"4004",2002,"J-19",57.997835,-169.077205,3.1
"4005",2002,"J-20",57.999505,-169.7123,1.9
"4006",2002,"J-21",57.998625,-170.327345,2
"4007",2002,"J-23",57.9908,-171.594745,3.1
"4008",2002,"J-24",57.99627,-172.25165,3.2
"4009",2002,"J-25",57.998555,-172.862,3.3
"4010",2002,"J-26",58.00176,-173.48021,3.3
"4011",2002,"JI1918",57.82982,-168.742545,3.2
"4012",2002,"JI2019",57.83559,-169.378195,3.4
"4013",2002,"JI2120",57.83269,-169.987405,2.3
"4014",2002,"K-04",58.33475,-165.9223,3.5
"4015",2002,"K-18",58.32869,-168.466695,2.3
"4016",2002,"K-19",58.33329,-169.12425,2.5
"4017",2002,"K-20",58.34165,-169.7318,3.1
"4018",2002,"K-21",58.331375,-170.38455,0.9
"4019",2002,"K-22",58.32668,-171.01735,2.6
"4020",2002,"K-23",58.3345,-171.6558,2.7
"4021",2002,"K-24",58.340095,-172.291295,3
"4022",2002,"K-25",58.32854,-172.92935,3.3
"4023",2002,"K-26",58.3428,-173.572845,3.4
"4024",2002,"L-01",58.66718,-167.86,4.3
"4025",2002,"L-19",58.667065,-169.1479,2.2
"4026",2002,"L-20",58.668265,-169.793195,2.4
"4027",2002,"L-22",58.662665,-171.07875,1.2
"4028",2002,"L-23",58.662715,-171.7207,2.4
"4029",2002,"L-24",58.675575,-172.375945,2.6
"4030",2002,"L-25",58.66565,-173.0011,3.3
"4031",2002,"L-26",58.690085,-173.6353,3.3
"4032",2002,"M-01",58.995685,-167.87915,4.2
"4033",2002,"M-18",58.984915,-168.5308,3.9
"4034",2002,"M-19",58.9971,-169.18684,2.5
"4035",2002,"M-20",58.996235,-169.853055,2.3
"4036",2002,"M-22",58.99217,-171.11225,0.8
"4037",2002,"M-23",58.999095,-171.791195,1.3
"4038",2002,"M-25",58.997655,-173.0866,3
"4039",2002,"M-26",58.990125,-173.72145,3.2
"4040",2002,"M-29",58.99867,-175.73405,2.4
"4041",2002,"M-32",59.007685,-177.610805,2.8
"4042",2002,"N-18",59.33224,-168.5537,4.2
"4043",2002,"N-19",59.337965,-169.237495,2.3
"4044",2002,"N-22",59.315525,-171.1848,0.7
"4045",2002,"N-23",59.327,-171.83065,0.9
"4046",2002,"N-25",59.338535,-173.1539,2.4
"4047",2002,"N-26",59.33447,-173.796655,2.8
"4048",2002,"N-27",59.34021,-174.4689,3.2
"4049",2002,"N-28",59.33857,-175.10095,3
"4050",2002,"N-29",59.336095,-175.751495,2.5
"4051",2002,"N-30",59.332635,-176.3762,2
"4052",2002,"O-19",59.658095,-169.2854,2.2
"4053",2002,"O-21",59.6674,-170.571505,2.1
"4054",2002,"O-22",59.663815,-171.24515,1.9
"4055",2002,"O-23",59.67947,-171.88795,1.1
"4056",2002,"O-26",59.672115,-173.84345,2
"4057",2002,"O-27",59.66889,-174.43755,2.5
"4058",2002,"O-28",59.66825,-175.1059,2.5
"4059",2002,"O-29",59.66417,-175.872745,2.1
"4060",2002,"ON2625",59.502695,-173.50185,2.2
"4061",2002,"P-19",60.00067,-169.328315,2.3
"4062",2002,"P-21",60.013575,-170.633985,1.4
"4063",2002,"P-23",59.97796,-171.9448,2.3
"4064",2002,"P-24",59.996525,-172.6398,2
"4065",2002,"P-25",60.004325,-173.3106,1.6
"4066",2002,"P-27",60.02513,-174.5858,2
"4067",2002,"P-28",60.00938,-175.272905,2.1
"4068",2002,"P-29",59.99254,-175.92135,2.3
"4069",2002,"P-30",60.00176,-176.72196,1.5
"4070",2002,"PO2524",59.82337,-172.900255,1.5
"4071",2002,"PO2625",59.832465,-173.60345,1.6
"4072",2002,"PO2726",59.850415,-174.2295,2
"4073",2002,"Q-20",60.34215,-170.0509,1.6
"4074",2002,"Q-22",60.3316,-171.3535,0.8
"4075",2002,"Q-23",60.33369,-172.067695,1
"4076",2002,"Q-25",60.33099,-173.42865,2.2
"4077",2002,"Q-26",60.316915,-174.061645,1.7
"4078",2002,"Q-27",60.342725,-174.713005,1.7
"4079",2002,"Q-28",60.332745,-175.386255,1.7
"4080",2002,"Q-29",60.33407,-176.0183,1.9
"4081",2002,"Q-30",60.335405,-176.717355,1.5
"4082",2002,"QP2423",60.1688,-172.33345,2.5
"4083",2002,"QP2524",60.175205,-173.01781,2.5
"4084",2002,"QP2625",60.160655,-173.572845,1.7
"4085",2002,"QP2726",60.168815,-174.33525,1.8
"4086",2002,"R-22",60.66391,-171.433405,0.8
"4087",2002,"R-23",60.6707,-172.13,0.5
"4088",2002,"R-25",60.676445,-173.493855,1.9
"4089",2002,"R-26",60.662225,-174.146205,1.8
"4090",2002,"R-27",60.667825,-174.816555,1.6
"4091",2002,"R-28",60.67297,-175.46155,1.7
"4092",2002,"R-29",60.6672,-176.222695,1.6
"4093",2002,"R-30",60.667965,-176.802985,1.8
"4094",2002,"R-31",60.670705,-177.50045,1.4
"4095",2002,"R-32",60.66909,-178.1728,2.1
"4096",2002,"S-22",60.98498,-171.4876,0.4
"4097",2002,"S-23",60.995435,-172.172095,0.4
"4098",2002,"S-24",60.99088,-172.819945,1.8
"4099",2002,"S-25",60.99829,-173.479335,1
"4100",2002,"S-26",61.0056,-174.18615,0.6
"4101",2002,"S-27",61.011165,-174.868995,0.7
"4102",2002,"S-28",61.006465,-175.5485,1.2
"4103",2002,"S-29",61.0074,-176.29705,1.5
"4104",2002,"S-30",61.01403,-176.95095,1.5
"4105",2002,"S-31",61.00269,-177.62365,1.7
"4106",2002,"T-25",61.33748,-173.5805,0
"4107",2002,"T-26",61.33671,-174.33315,-0.3
"4108",2002,"T-27",61.325325,-174.965485,-0.8
"4109",2002,"T-28",61.331235,-175.63385,0.4
"4110",2002,"T-29",61.329265,-176.275245,1.2
"4111",2002,"T-30",61.331345,-176.951595,1.4
"4112",2002,"U-25",61.667355,-173.66915,-0.3
"4113",2002,"U-26",61.66758,-174.4441,-0.4
"4114",2002,"U-27",61.665995,-175.0841,-0.9
"4115",2002,"U-28",61.66659,-175.780495,-0.9
"4116",2002,"U-29",61.670825,-176.456295,0.1
"4117",2002,"V-25",61.98831,-173.747745,-0.3
"4118",2002,"V-26",61.999235,-174.4964,-0.4
"4119",2002,"V-27",61.999915,-175.169135,-1
"4120",2002,"V-28",62.00037,-175.83405,-1.5
"4121",2003,"D-03",56.00898,-166.403705,4.6
"4122",2003,"E-02",56.33208,-167.042605,4.5
"4123",2003,"E-04",56.33548,-165.80085,3.7
"4124",2003,"G-20",56.996585,-169.548745,5.4
"4125",2003,"G-22",56.96961,-170.78945,4.6
"4126",2003,"GF2221",56.83404,-170.48106,4.4
"4127",2003,"H-06",57.336045,-164.620655,1.9
"4128",2003,"H-22",57.35235,-170.848505,5.3
"4129",2003,"H-23",57.335365,-171.467155,4.5
"4130",2003,"H-24",57.331505,-172.0991,4.6
"4131",2003,"H-25",57.348845,-172.82095,4.5
"4132",2003,"HG2019",57.16506,-169.31605,4.2
"4133",2003,"I-01",57.665915,-167.767505,3.1
"4134",2003,"I-02",57.66508,-167.119805,3
"4135",2003,"I-03",57.667995,-166.507445,3.3
"4136",2003,"I-04",57.668575,-165.879655,2.7
"4137",2003,"I-19",57.659095,-169.041195,3.7
"4138",2003,"I-23",57.67178,-171.528405,4.5
"4139",2003,"I-24",57.66614,-172.179595,4.5
"4140",2003,"I-25",57.66636,-172.807755,4.4
"4141",2003,"IH2019",57.50519,-169.37225,3.9
"4142",2003,"IH2221",57.498315,-170.59235,4.7
"4143",2003,"J-01",58.001635,-167.7993,2.9
"4144",2003,"J-02",57.997765,-167.16755,3
"4145",2003,"J-19",58.001885,-169.06025,2.7
"4146",2003,"J-20",57.99717,-169.694,3.5
"4147",2003,"J-21",58.00109,-170.328355,3.2
"4148",2003,"J-22",58.000395,-170.96815,4
"4149",2003,"J-23",58.000415,-171.59725,4.4
"4150",2003,"J-24",57.991445,-172.2536,4.3
"4151",2003,"J-25",57.999375,-172.867545,4.4
"4152",2003,"J-26",58.001425,-173.448305,4.4
"4153",2003,"JI1918",57.8286,-168.735,3
"4154",2003,"JI2019",57.833825,-169.3619,3.8
"4155",2003,"JI2120",57.83663,-169.9883,3.4
"4156",2003,"JI2221",57.832325,-170.61195,4
"4157",2003,"K-01",58.333815,-167.818005,2.9
"4158",2003,"K-02",58.339615,-167.174205,3.2
"4159",2003,"K-20",58.33164,-169.730405,3.1
"4160",2003,"K-21",58.33224,-170.38105,2.9
"4161",2003,"K-22",58.34385,-171.00941,3.6
"4162",2003,"K-23",58.33972,-171.654515,4.1
"4163",2003,"K-24",58.332175,-172.3051,4.1
"4164",2003,"K-25",58.334165,-172.936295,4.3
"4165",2003,"K-26",58.328775,-173.56979,4.4
"4166",2003,"L-19",58.662455,-169.155495,2.6
"4167",2003,"L-21",58.667925,-170.43345,2.4
"4168",2003,"L-22",58.670425,-171.086755,3.2
"4169",2003,"L-23",58.66949,-171.71645,3
"4170",2003,"L-25",58.66787,-173.00325,4.3
"4171",2003,"L-26",58.657245,-173.614645,4.3
"4172",2003,"M-19",58.995535,-169.192005,3.2
"4173",2003,"M-21",59.00139,-170.47995,2.4
"4174",2003,"M-22",58.998715,-171.13835,2.2
"4175",2003,"M-23",59.001475,-171.7916,2.7
"4176",2003,"M-24",58.994165,-172.42329,3.5
"4177",2003,"M-25",59.00113,-173.090345,4.1
"4178",2003,"M-26",58.996395,-173.722645,4.2
"4179",2003,"M-27",59.000805,-174.361845,4.2
"4180",2003,"M-31",59.00854,-176.929955,3.6
"4181",2003,"N-20",59.33506,-169.859955,2.4
"4182",2003,"N-21",59.33559,-170.53245,2.1
"4183",2003,"N-22",59.34117,-171.18325,2.1
"4184",2003,"N-23",59.337965,-171.845255,2.2
"4185",2003,"N-24",59.33785,-172.509705,2.6
"4186",2003,"N-25",59.334555,-173.173245,3.6
"4187",2003,"N-26",59.33531,-173.80345,4.1
"4188",2003,"N-27",59.34142,-174.450545,4
"4189",2003,"N-30",59.340445,-176.374155,2.7
"4190",2003,"O-22",59.6721,-171.241555,2
"4191",2003,"O-23",59.669365,-171.9004,1.8
"4192",2003,"O-24",59.66541,-172.572655,2.4
"4193",2003,"O-26",59.66833,-173.879645,3.1
"4194",2003,"O-27",59.667965,-174.4516,3.9
"4195",2003,"O-28",59.66615,-175.104,3.9
"4196",2003,"O-29",59.66878,-175.88979,3.2
"4197",2003,"ON2625",59.49819,-173.50504,3.7
"4198",2003,"P-20",60.000615,-169.952005,1.6
"4199",2003,"P-21",59.999375,-170.635495,1.5
"4200",2003,"P-24",59.999805,-172.6445,2.2
"4201",2003,"P-25",60.00104,-173.3081,2
"4202",2003,"P-26",60.008025,-173.96135,1.6
"4203",2003,"P-27",60.001305,-174.606605,2.1
"4204",2003,"P-28",60.001885,-175.2471,3.9
"4205",2003,"P-29",59.996995,-175.9233,3.6
"4206",2003,"P-30",59.995005,-176.69795,2.2
"4207",2003,"P-31",59.995765,-177.18595,2.4
"4208",2003,"PO2423",59.832255,-172.24655,1.8
"4209",2003,"PO2524",59.83509,-172.92525,2.1
"4210",2003,"PO2625",59.83625,-173.58455,2.3
"4211",2003,"Q-19",60.333115,-169.33545,3.4
"4212",2003,"Q-20",60.3312,-170.0393,1.2
"4213",2003,"Q-21",60.328505,-170.672555,1.1
"4214",2003,"Q-22",60.336275,-171.3684,2.1
"4215",2003,"Q-23",60.332705,-172.06461,0.8
"4216",2003,"Q-26",60.336555,-174.06525,1.4
"4217",2003,"Q-29",60.33276,-176.026045,3.5
"4218",2003,"Q-30",60.335405,-176.706395,2.3
"4219",2003,"QP2423",60.161125,-172.32401,2.9
"4220",2003,"QP2524",60.181755,-173.044955,2.5
"4221",2003,"QP2625",60.121425,-173.77205,1.7
"4222",2003,"R-22",60.66575,-171.4288,1
"4223",2003,"R-23",60.668965,-172.1291,0.7
"4224",2003,"R-24",60.67593,-172.77195,4.4
"4225",2003,"R-26",60.675975,-174.140845,1.2
"4226",2003,"R-27",60.66451,-174.838995,1.2
"4227",2003,"R-30",60.669285,-176.805145,2.9
"4228",2003,"R-32",60.67105,-178.184855,2.8
"4229",2003,"S-22",61.00027,-171.481,0.2
"4230",2003,"S-23",61.00223,-172.171505,0.3
"4231",2003,"S-24",61.001435,-172.81005,2.5
"4232",2003,"S-25",61.001905,-173.505005,1.2
"4233",2003,"S-26",61.005435,-174.176005,1.2
"4234",2003,"S-27",60.991125,-174.894645,1.5
"4235",2003,"S-28",60.99399,-175.554945,2.7
"4236",2003,"S-29",61.005625,-176.2855,3.4
"4237",2003,"S-30",60.99979,-176.979255,3
"4238",2003,"S-31",61.00146,-177.646205,2.2
"4239",2003,"T-25",61.33643,-173.58881,-0.1
"4240",2003,"T-26",61.333555,-174.331805,1
"4241",2003,"T-27",61.331045,-175.002505,1.8
"4242",2003,"T-28",61.328115,-175.679055,2.6
"4243",2003,"T-29",61.33813,-176.30715,3.2
"4244",2003,"T-30",61.338905,-176.971455,3.2
"4245",2003,"U-25",61.669685,-173.66745,-0.5
"4246",2003,"U-26",61.670595,-174.436245,-0.1
"4247",2003,"U-27",61.66286,-175.08725,1.2
"4248",2003,"U-28",61.667635,-175.8131,1.9
"4249",2003,"U-29",61.668405,-176.4751,2.8
"4250",2003,"V-25",61.994125,-173.74785,-0.8
"4251",2003,"V-26",62.005525,-174.4977,-0.4
"4252",2003,"V-27",61.990575,-175.168045,0.5
"4253",2003,"V-28",62.00405,-175.826195,1.6
"4254",2004,"C-03",55.67305,-166.385045,4.1
"4255",2004,"E-18",56.33963,-168.25325,4.1
"4256",2004,"F-02",56.6673,-167.0635,3.3
"4257",2004,"F-03",56.66548,-166.427455,3
"4258",2004,"G-19",57.0103,-168.960705,3.7
"4259",2004,"G-22",57.010745,-170.80155,4.5
"4260",2004,"G-24",57.00784,-172.02545,4.2
"4261",2004,"GF2221",56.828545,-170.480305,4.1
"4262",2004,"H-01",57.33042,-167.73835,2.8
"4263",2004,"H-19",57.326845,-169.009805,3.9
"4264",2004,"H-22",57.342035,-170.8604,4.9
"4265",2004,"H-23",57.329295,-171.46455,4.2
"4266",2004,"H-24",57.34148,-172.09655,4.2
"4267",2004,"I-01",57.66608,-167.7652,2.1
"4268",2004,"I-02",57.656695,-167.1616,2.1
"4269",2004,"I-18",57.66761,-168.3918,3
"4270",2004,"I-19",57.67823,-169.029,3.8
"4271",2004,"I-20",57.66494,-169.653405,3.4
"4272",2004,"I-21",57.661305,-170.266655,3.3
"4273",2004,"I-23",57.66368,-171.541845,4
"4274",2004,"I-24",57.66689,-172.181505,4
"4275",2004,"IH2019",57.49879,-169.361955,3.7
"4276",2004,"IH2120",57.50646,-169.990155,2.8
"4277",2004,"IH2221",57.50263,-170.60886,4.8
"4278",2004,"J-01",57.999855,-167.80396,2.5
"4279",2004,"J-18",58.00342,-168.44355,2.6
"4280",2004,"J-19",58.002255,-169.079,2.8
"4281",2004,"J-20",57.99779,-169.69659,3.4
"4282",2004,"J-21",57.988055,-170.32829,1.1
"4283",2004,"J-22",58.00234,-170.960705,2.2
"4284",2004,"J-23",58.000575,-171.569245,3.5
"4285",2004,"J-24",57.99484,-172.259495,3.4
"4286",2004,"J-25",57.99918,-172.8778,3.7
"4287",2004,"J-26",57.989925,-173.4879,3.7
"4288",2004,"JI1918",57.828435,-168.733905,3.2
"4289",2004,"JI2019",57.844245,-169.370595,3.8
"4290",2004,"JI2120",57.824595,-169.988155,1.9
"4291",2004,"JI2221",57.838545,-170.63195,2.4
"4292",2004,"K-18",58.3356,-168.480705,2.7
"4293",2004,"K-19",58.328215,-169.1326,2.1
"4294",2004,"K-20",58.332805,-169.7211,3.1
"4295",2004,"K-21",58.327835,-170.37995,1.2
"4296",2004,"K-22",58.33662,-171.0129,1.4
"4297",2004,"K-23",58.310445,-171.634005,2.5
"4298",2004,"K-24",58.332025,-172.29939,3
"4299",2004,"K-25",58.338945,-172.93165,3.4
"4300",2004,"K-26",58.332005,-173.573305,3.6
"4301",2004,"K-27",58.346695,-174.314045,3.7
"4302",2004,"L-19",58.648335,-169.1391,2
"4303",2004,"L-20",58.664805,-169.782995,2.2
"4304",2004,"L-21",58.65383,-170.4212,1.9
"4305",2004,"L-22",58.67594,-171.076545,0.8
"4306",2004,"L-23",58.6692,-171.714555,1.4
"4307",2004,"L-24",58.66673,-172.3686,2.9
"4308",2004,"L-25",58.66856,-173.0028,3.3
"4309",2004,"L-26",58.66675,-173.6418,3.4
"4310",2004,"M-20",58.999215,-169.84225,2.1
"4311",2004,"M-21",58.988565,-170.495905,2.1
"4312",2004,"M-22",58.997675,-171.13554,1.2
"4313",2004,"M-23",58.989485,-171.78875,0.8
"4314",2004,"M-24",59.00274,-172.410355,2.2
"4315",2004,"M-25",58.999825,-173.089055,2.9
"4316",2004,"M-26",59.001315,-173.720405,3.3
"4317",2004,"N-20",59.33197,-169.8769,1.1
"4318",2004,"N-21",59.333835,-170.54145,0.9
"4319",2004,"N-22",59.331335,-171.1828,-0.2
"4320",2004,"N-23",59.33012,-171.83726,0.1
"4321",2004,"N-24",59.332055,-172.49821,1.4
"4322",2004,"N-25",59.33707,-173.145245,2
"4323",2004,"N-27",59.32877,-174.45095,3.1
"4324",2004,"N-28",59.332955,-175.09925,2.9
"4325",2004,"N-29",59.33455,-175.748395,2.4
"4326",2004,"N-30",59.333335,-176.383245,2.6
"4327",2004,"O-20",59.66533,-169.914,1
"4328",2004,"O-21",59.654595,-170.58041,0.1
"4329",2004,"O-22",59.67371,-171.25291,-0.2
"4330",2004,"O-23",59.669665,-171.8985,-0.1
"4331",2004,"O-24",59.66609,-172.57191,0.6
"4332",2004,"O-25",59.66164,-173.2383,1.7
"4333",2004,"O-26",59.66341,-173.85485,2.2
"4334",2004,"O-27",59.671,-174.4416,3
"4335",2004,"O-28",59.66658,-175.10025,2.9
"4336",2004,"O-29",59.66857,-175.8657,2.3
"4337",2004,"O-30",59.66556,-176.536655,2.3
"4338",2004,"ON2524",59.49787,-172.88115,1.5
"4339",2004,"ON2625",59.49905,-173.499,2.6
"4340",2004,"P-21",60.022095,-170.6259,0.3
"4341",2004,"P-22",59.99555,-171.2984,-0.2
"4342",2004,"P-23",59.994825,-171.964645,0.4
"4343",2004,"P-24",59.9865,-172.60505,0.4
"4344",2004,"P-25",60.00049,-173.3179,0.5
"4345",2004,"P-26",60.001965,-173.953255,1.8
"4346",2004,"P-27",60.003015,-174.597305,2.4
"4347",2004,"P-28",59.99887,-175.2658,2.8
"4348",2004,"P-29",59.999005,-175.93225,2.5
"4349",2004,"P-30",59.99984,-176.7086,2.1
"4350",2004,"P-31",60.003555,-177.2247,2.1
"4351",2004,"P-32",60.00307,-177.915055,2.3
"4352",2004,"PO2423",59.82848,-172.267205,0.1
"4353",2004,"PO2524",59.822755,-172.90225,0.4
"4354",2004,"PO2625",59.832655,-173.58535,1.8
"4355",2004,"PO2726",59.8417,-174.2492,2.2
"4356",2004,"Q-21",60.333975,-170.641745,0.4
"4357",2004,"Q-22",60.330905,-171.35461,-0.2
"4358",2004,"Q-23",60.333635,-172.06295,0.2
"4359",2004,"Q-25",60.445005,-173.46255,1.8
"4360",2004,"Q-26",60.334635,-174.062455,1.6
"4361",2004,"Q-28",60.33213,-175.385145,2.6
"4362",2004,"Q-29",60.33447,-176.028145,2.6
"4363",2004,"Q-30",60.337035,-176.712155,2
"4364",2004,"Q-31",60.32999,-177.3836,1.9
"4365",2004,"QP2423",60.166445,-172.314555,2.6
"4366",2004,"QP2524",60.177305,-173.02265,1
"4367",2004,"QP2625",60.12438,-173.774955,1.3
"4368",2004,"QP2726",60.18214,-174.350755,1.9
"4369",2004,"R-22",60.664645,-171.4329,0
"4370",2004,"R-23",60.667885,-172.116295,-0.2
"4371",2004,"R-24",60.65733,-172.7404,3.6
"4372",2004,"R-25",60.67954,-173.4673,1.9
"4373",2004,"R-27",60.66783,-174.833,1.3
"4374",2004,"R-28",60.67048,-175.4488,1.9
"4375",2004,"R-29",60.66681,-176.206,2.4
"4376",2004,"R-30",60.669075,-176.80085,2.3
"4377",2004,"R-32",60.66713,-178.1778,2.6
"4378",2004,"S-22",61.00696,-171.4861,0.1
"4379",2004,"S-23",61.00217,-172.16765,-0.4
"4380",2004,"S-24",60.997835,-172.83025,0.2
"4381",2004,"S-25",60.998465,-173.4986,0.7
"4382",2004,"S-26",61.00258,-174.189995,0.9
"4383",2004,"S-27",61.000795,-174.878845,1
"4384",2004,"S-28",60.99689,-175.51365,1.5
"4385",2004,"S-29",60.995665,-176.291,1.8
"4386",2004,"S-30",61.00721,-176.948845,2.3
"4387",2004,"S-31",61.007555,-177.63136,2
"4388",2004,"T-25",61.32986,-173.6152,-1.2
"4389",2004,"T-27",61.34149,-175.008945,0.7
"4390",2004,"T-28",61.340725,-175.714995,1.2
"4391",2004,"T-29",61.33312,-176.32111,1.5
"4392",2004,"T-30",61.330015,-177.000855,1.8
"4393",2004,"U-25",61.66897,-173.69105,-1.3
"4394",2004,"U-26",61.66791,-174.427345,-1.5
"4395",2004,"U-27",61.66995,-175.072495,-0.7
"4396",2004,"U-28",61.66627,-175.78225,0.9
"4397",2004,"U-29",61.682115,-176.429,1.4
"4398",2004,"V-25",62.00096,-173.76865,-1.1
"4399",2004,"V-26",62.001,-174.503895,-1.4
"4400",2004,"V-27",62.00097,-175.184555,-1.3
"4401",2004,"V-28",62.00126,-175.83085,-0.2
"4402",2005,"C-02",55.66299,-166.98175,4.3
"4403",2005,"E-02",56.344675,-167.0352,4.2
"4404",2005,"E-22",56.336625,-170.691355,4.3
"4405",2005,"F-19",56.674,-168.91015,4.1
"4406",2005,"G-03",56.996075,-166.47435,3.4
"4407",2005,"G-19",56.993175,-168.94759,4.1
"4408",2005,"G-20",56.998115,-169.54975,5.4
"4409",2005,"G-23",57.010835,-171.403605,4
"4410",2005,"GF1918",56.831355,-168.6098,3.7
"4411",2005,"GF2019",56.830385,-169.30295,5
"4412",2005,"H-01",57.325105,-167.74315,3.1
"4413",2005,"H-18",57.32303,-168.3814,3.4
"4414",2005,"H-19",57.332435,-168.9883,3.8
"4415",2005,"H-20",57.34632,-169.58265,4.2
"4416",2005,"H-22",57.33168,-170.861,4.8
"4417",2005,"H-23",57.33799,-171.4739,4.1
"4418",2005,"H-24",57.332035,-172.098605,4.1
"4419",2005,"HG2120",57.16049,-169.888155,6.2
"4420",2005,"I-01",57.66595,-167.767205,3
"4421",2005,"I-02",57.667845,-167.1228,2.6
"4422",2005,"I-18",57.66355,-168.3951,3.3
"4423",2005,"I-19",57.688425,-169.035045,3.2
"4424",2005,"I-20",57.65791,-169.66325,3.6
"4425",2005,"I-22",57.656285,-170.89559,4.4
"4426",2005,"I-23",57.65254,-171.53785,4
"4427",2005,"IH1918",57.494895,-168.75005,3.4
"4428",2005,"IH2019",57.49538,-169.361145,3.7
"4429",2005,"J-01",57.989995,-167.80535,2.4
"4430",2005,"J-18",57.998875,-168.4345,2.2
"4431",2005,"J-19",57.988115,-169.08125,2.7
"4432",2005,"J-20",57.99597,-169.695295,3
"4433",2005,"J-21",57.99498,-170.346845,3.5
"4434",2005,"J-22",57.99492,-170.9608,3.6
"4435",2005,"J-23",58.003,-171.6,3.6
"4436",2005,"J-24",58.007905,-172.249305,3.4
"4437",2005,"J-25",58.006225,-172.862305,3.6
"4438",2005,"JI1918",57.83429,-168.764605,2.8
"4439",2005,"JI2019",57.84821,-169.386895,3.2
"4440",2005,"JI2120",57.82227,-169.983445,3.4
"4441",2005,"JI2221",57.830755,-170.609145,4
"4442",2005,"K-01",58.33524,-167.833045,2.5
"4443",2005,"K-18",58.329385,-168.48265,2.1
"4444",2005,"K-19",58.32995,-169.125,2.2
"4445",2005,"K-20",58.34495,-169.74125,2.6
"4446",2005,"K-21",58.334875,-170.388255,3
"4447",2005,"K-22",58.353085,-171.0168,3
"4448",2005,"K-23",58.34051,-171.651805,2.9
"4449",2005,"K-24",58.334305,-172.30715,3.2
"4450",2005,"L-19",58.667935,-169.150455,1.7
"4451",2005,"L-20",58.66821,-169.79559,2.1
"4452",2005,"L-21",58.67761,-170.43905,2.5
"4453",2005,"L-22",58.667965,-171.08465,2.6
"4454",2005,"L-23",58.666465,-171.719005,2.4
"4455",2005,"L-24",58.67023,-172.350405,3
"4456",2005,"L-25",58.668705,-172.9997,3.6
"4457",2005,"L-26",58.66613,-173.64325,4.1
"4458",2005,"L-27",58.66727,-174.2698,4
"4459",2005,"M-21",59.00317,-170.472755,1.8
"4460",2005,"M-22",58.998385,-171.141855,2.1
"4461",2005,"M-23",58.99995,-171.787805,2.1
"4462",2005,"M-24",58.980195,-172.4542,2.7
"4463",2005,"M-25",59.003155,-173.082245,3
"4464",2005,"M-26",58.996575,-173.725105,3.6
"4465",2005,"M-27",58.99833,-174.3883,3.9
"4466",2005,"N-19",59.34107,-169.252305,1.3
"4467",2005,"N-20",59.35219,-169.888355,1.1
"4468",2005,"N-21",59.33256,-170.53505,0.8
"4469",2005,"N-22",59.320665,-171.18345,1.6
"4470",2005,"N-23",59.33111,-171.83705,1.6
"4471",2005,"N-24",59.318285,-172.485195,1.8
"4472",2005,"N-25",59.33521,-173.15475,2.7
"4473",2005,"N-26",59.33577,-173.807055,2.9
"4474",2005,"N-27",59.32695,-174.4508,3.5
"4475",2005,"O-19",59.67007,-169.27631,1.3
"4476",2005,"O-20",59.666395,-169.913245,0.9
"4477",2005,"O-21",59.66821,-170.585145,0
"4478",2005,"O-22",59.664105,-171.25259,0
"4479",2005,"O-23",59.666135,-171.902845,0.5
"4480",2005,"O-24",59.671095,-172.544955,1.5
"4481",2005,"O-25",59.6686,-173.232795,1.6
"4482",2005,"O-27",59.665555,-174.4502,2.9
"4483",2005,"O-28",59.668465,-175.097355,3.3
"4484",2005,"O-30",59.663115,-176.532555,2.5
"4485",2005,"ON2524",59.506065,-172.9069,1.8
"4486",2005,"ON2625",59.502875,-173.495945,2.8
"4487",2005,"P-19",59.994235,-169.32665,0.7
"4488",2005,"P-20",59.996165,-169.9645,0.7
"4489",2005,"P-21",59.996565,-170.63496,-0.4
"4490",2005,"P-22",60.005425,-171.29995,-0.8
"4491",2005,"P-23",60.0087,-171.9586,0.1
"4492",2005,"P-24",59.987815,-172.58055,0.1
"4493",2005,"P-25",60.005015,-173.315555,0.7
"4494",2005,"P-26",60.002915,-173.941705,1.6
"4495",2005,"P-27",59.999895,-174.6023,2.4
"4496",2005,"P-28",60.00275,-175.2662,3
"4497",2005,"P-29",60.004545,-175.931855,3.1
"4498",2005,"P-30",60.00383,-176.71695,2
"4499",2005,"PO2423",59.829675,-172.22985,0.3
"4500",2005,"PO2524",59.83153,-172.9208,1.2
"4501",2005,"PO2625",59.833085,-173.564595,1.7
"4502",2005,"PO2726",59.840375,-174.2501,2.6
"4503",2005,"Q-20",60.326655,-170.006195,-0.5
"4504",2005,"Q-21",60.331005,-170.651595,-1.2
"4505",2005,"Q-22",60.33584,-171.35495,-1.4
"4506",2005,"Q-23",60.32676,-172.063695,-1.3
"4507",2005,"Q-26",60.33153,-174.069845,1.2
"4508",2005,"Q-27",60.33589,-174.7276,2
"4509",2005,"Q-28",60.341435,-175.38641,2.5
"4510",2005,"Q-29",60.33508,-176.057155,3
"4511",2005,"Q-30",60.34617,-176.7228,2.5
"4512",2005,"QP2423",60.162295,-172.306295,0.5
"4513",2005,"QP2524",60.161435,-172.9872,0.5
"4514",2005,"QP2625",60.127365,-173.777605,1.1
"4515",2005,"QP2726",60.160595,-174.35915,1.7
"4516",2005,"R-22",60.663985,-171.416805,-1.1
"4517",2005,"R-23",60.665045,-172.119805,-1.4
"4518",2005,"R-24",60.6688,-172.755445,2.8
"4519",2005,"R-25",60.66991,-173.47065,1.8
"4520",2005,"R-26",60.666965,-174.129855,0.8
"4521",2005,"R-27",60.660645,-174.822605,1.3
"4522",2005,"R-28",60.67327,-175.452805,1.9
"4523",2005,"R-29",60.671025,-176.201405,2.8
"4524",2005,"R-30",60.668285,-176.787655,2.6
"4525",2005,"R-31",60.66635,-177.514405,2
"4526",2005,"S-22",61.002405,-171.487945,-0.9
"4527",2005,"S-23",61.00232,-172.1404,-1.5
"4528",2005,"S-24",61.00017,-172.85145,-1.1
"4529",2005,"S-25",61.009485,-173.5108,0.2
"4530",2005,"S-26",61.003965,-174.16225,0.7
"4531",2005,"S-27",61.02301,-174.890155,1
"4532",2005,"S-28",60.999595,-175.55365,1.3
"4533",2005,"S-29",61.00373,-176.270095,2.2
"4534",2005,"S-30",60.999575,-176.961655,2.7
"4535",2005,"S-31",60.990775,-177.62286,1.9
"4536",2005,"T-25",61.33266,-173.611305,-0.6
"4537",2005,"T-26",61.331725,-174.341695,0.1
"4538",2005,"T-27",61.325435,-174.998495,0.9
"4539",2005,"T-28",61.334115,-175.6295,1
"4540",2005,"T-29",61.323535,-176.298595,1.4
"4541",2005,"T-30",61.32669,-176.999255,2
"4542",2005,"U-25",61.670785,-173.6544,-1.4
"4543",2005,"U-26",61.667975,-174.43425,-1.5
"4544",2005,"U-27",61.667825,-175.064945,-0.3
"4545",2005,"U-28",61.6762,-175.78495,0.5
"4546",2005,"U-29",61.66644,-176.47465,1.2
"4547",2005,"V-25",62.00207,-173.733455,-0.6
"4548",2005,"V-26",61.99777,-174.49855,-1.4
"4549",2005,"V-27",61.99634,-175.1668,-1.4
"4550",2005,"V-28",61.994735,-175.804695,-0.4
"4551",2006,"A-03",54.996995,-166.3403,3.8
"4552",2006,"B-03",55.35139,-166.34745,4.1
"4553",2006,"E-01",56.336155,-167.65375,3.9
"4554",2006,"E-03",56.33533,-166.410245,3.2
"4555",2006,"E-07",56.3391,-164.0065,2.1
"4556",2006,"E-21",56.33922,-170.0736,3.7
"4557",2006,"E-22",56.333425,-170.68435,4
"4558",2006,"F-01",56.661375,-167.669095,2.9
"4559",2006,"F-21",56.669385,-170.1238,3.7
"4560",2006,"F-25",56.67319,-172.568645,3.8
"4561",2006,"G-18",56.98088,-168.339305,3.1
"4562",2006,"G-20",57.00024,-169.55815,2.3
"4563",2006,"G-22",56.99973,-170.7805,3.1
"4564",2006,"G-26",56.995825,-173.2573,3.7
"4565",2006,"GF2221",56.83373,-170.4938,3.5
"4566",2006,"H-01",57.32854,-167.7351,1.2
"4567",2006,"H-09",57.329255,-162.7663,1.4
"4568",2006,"H-18",57.33287,-168.37645,2.2
"4569",2006,"H-20",57.336575,-169.580595,0.7
"4570",2006,"I-01",57.668375,-167.763805,0.2
"4571",2006,"I-02",57.68114,-167.107055,-0.4
"4572",2006,"I-04",57.664035,-165.878445,0.2
"4573",2006,"I-19",57.667015,-169.03205,-0.2
"4574",2006,"I-20",57.666495,-169.6618,0.7
"4575",2006,"I-21",57.66817,-170.26685,0.2
"4576",2006,"I-23",57.665845,-171.531405,2.5
"4577",2006,"IH1918",57.49997,-168.7558,1.8
"4578",2006,"IH2019",57.499165,-169.371495,0.8
"4579",2006,"IH2120",57.502785,-170.005295,1.8
"4580",2006,"J-01",57.994215,-167.800145,-0.3
"4581",2006,"J-02",58.026095,-167.18885,-0.4
"4582",2006,"J-03",57.996495,-166.5195,-0.1
"4583",2006,"J-04",57.99557,-165.9028,0
"4584",2006,"J-18",57.991475,-168.431505,0.6
"4585",2006,"J-19",58.002785,-169.06575,-0.7
"4586",2006,"J-20",57.99934,-169.6948,-0.8
"4587",2006,"J-21",57.998215,-170.338205,-0.7
"4588",2006,"J-22",57.999285,-170.9732,0.2
"4589",2006,"J-23",58.00155,-171.607105,2.2
"4590",2006,"J-25",57.99702,-172.8647,2.4
"4591",2006,"JI1918",57.822855,-168.737055,0.2
"4592",2006,"JI2019",57.8386,-169.3501,-0.6
"4593",2006,"JI2120",57.830345,-169.9936,-0.9
"4594",2006,"JI2221",57.833695,-170.617305,0.3
"4595",2006,"K-01",58.330835,-167.830255,-0.1
"4596",2006,"K-02",58.33136,-167.2039,1.1
"4597",2006,"K-18",58.320865,-168.45734,-0.7
"4598",2006,"K-19",58.332955,-169.1142,-0.9
"4599",2006,"K-20",58.33663,-169.7324,-0.8
"4600",2006,"K-21",58.32413,-170.380305,-0.9
"4601",2006,"K-22",58.33343,-171.035895,0.3
"4602",2006,"K-23",58.34293,-171.65215,0.9
"4603",2006,"K-24",58.333975,-172.3005,1.6
"4604",2006,"K-25",58.33442,-172.93415,2.3
"4605",2006,"K-26",58.32886,-173.57505,2.7
"4606",2006,"L-18",58.65546,-168.533305,0.3
"4607",2006,"L-19",58.65321,-169.1661,-1
"4608",2006,"L-20",58.65039,-169.779055,-1
"4609",2006,"L-21",58.66866,-170.43215,-1.2
"4610",2006,"L-22",58.664535,-171.0847,-0.3
"4611",2006,"L-23",58.67031,-171.71505,0.2
"4612",2006,"L-24",58.683435,-172.364195,1.3
"4613",2006,"L-25",58.66743,-173.00005,2.2
"4614",2006,"M-18",58.99007,-168.5309,1.4
"4615",2006,"M-19",58.995115,-169.177595,0.1
"4616",2006,"M-20",59.006005,-169.8815,-0.7
"4617",2006,"M-22",58.999305,-171.132005,-1.2
"4618",2006,"M-23",58.993905,-171.7834,-0.3
"4619",2006,"M-24",59.001125,-172.419205,0.6
"4620",2006,"M-25",58.99156,-173.0792,2
"4621",2006,"M-26",59.007765,-173.717455,2.2
"4622",2006,"M-27",58.98115,-174.364545,2.5
"4623",2006,"N-18",59.3396,-168.55525,1.2
"4624",2006,"N-19",59.32622,-169.23275,0.2
"4625",2006,"N-20",59.334235,-169.883655,-0.7
"4626",2006,"N-21",59.327805,-170.532395,-1.5
"4627",2006,"N-22",59.337655,-171.182,-1.4
"4628",2006,"N-23",59.331605,-171.831805,-1.2
"4629",2006,"N-24",59.33426,-172.49245,-0.2
"4630",2006,"N-25",59.330405,-173.15445,0.5
"4631",2006,"N-26",59.335075,-173.8082,1.7
"4632",2006,"N-27",59.328785,-174.43255,2.3
"4633",2006,"N-28",59.328295,-175.10415,2
"4634",2006,"N-29",59.3334,-175.75785,2
"4635",2006,"O-20",59.670295,-169.951355,-1.1
"4636",2006,"O-21",59.665295,-170.5811,-1.5
"4637",2006,"O-22",59.667575,-171.2444,-1.5
"4638",2006,"O-23",59.66719,-171.890745,-1.4
"4639",2006,"O-24",59.67122,-172.542495,-1.1
"4640",2006,"O-25",59.67214,-173.2407,0.1
"4641",2006,"O-26",59.67017,-173.886255,0.7
"4642",2006,"O-27",59.66432,-174.445295,1.8
"4643",2006,"O-28",59.65333,-175.11065,1.9
"4644",2006,"O-30",59.662205,-176.533655,1.7
"4645",2006,"O-31",59.664145,-177.137455,2.6
"4646",2006,"ON2524",59.506675,-172.8759,-0.3
"4647",2006,"ON2625",59.501165,-173.5016,0.9
"4648",2006,"P-19",59.99838,-169.3219,-1
"4649",2006,"P-20",59.99131,-169.96695,-1.3
"4650",2006,"P-21",60.00626,-170.632105,-1.6
"4651",2006,"P-22",60.002305,-171.300105,-1.6
"4652",2006,"P-23",59.99321,-171.959195,-1.3
"4653",2006,"P-24",59.987765,-172.581355,-1.3
"4654",2006,"P-25",59.99787,-173.2764,-1.4
"4655",2006,"P-26",59.99918,-173.94645,0.2
"4656",2006,"P-27",59.996525,-174.603005,1
"4657",2006,"P-28",59.99226,-175.264155,1.6
"4658",2006,"P-29",60.00603,-175.929845,1.9
"4659",2006,"P-30",59.995675,-176.709055,1.7
"4660",2006,"PO2423",59.83636,-172.2531,-1.5
"4661",2006,"PO2524",59.82428,-172.90085,-0.5
"4662",2006,"PO2625",59.8376,-173.5822,0.5
"4663",2006,"PO2726",59.83252,-174.22345,1
"4664",2006,"Q-19",60.32528,-169.3329,-0.8
"4665",2006,"Q-20",60.33353,-170.0321,-1.4
"4666",2006,"Q-21",60.32755,-170.6607,-1.6
"4667",2006,"Q-22",60.330915,-171.3772,-1.6
"4668",2006,"Q-23",60.33155,-172.0651,-1.6
"4669",2006,"Q-25",60.295975,-173.37855,-1
"4670",2006,"Q-26",60.336455,-174.071895,-0.9
"4671",2006,"Q-27",60.331155,-174.71635,0.8
"4672",2006,"Q-28",60.328905,-175.385245,1.3
"4673",2006,"Q-29",60.33743,-176.034655,1.6
"4674",2006,"Q-30",60.338815,-176.719,1.9
"4675",2006,"Q-31",60.324935,-177.371495,1.7
"4676",2006,"QP2423",60.162335,-172.32705,0.4
"4677",2006,"QP2524",60.177645,-173.01905,-1.1
"4678",2006,"QP2625",60.120645,-173.7638,-1.1
"4679",2006,"QP2726",60.180215,-174.3505,0.6
"4680",2006,"R-22",60.664585,-171.4441,-1.6
"4681",2006,"R-23",60.660615,-172.117655,-1.6
"4682",2006,"R-24",60.65927,-172.742355,0.4
"4683",2006,"R-25",60.675315,-173.4684,-0.9
"4684",2006,"R-26",60.6677,-174.1361,-1.2
"4685",2006,"R-27",60.666015,-174.82055,-0.1
"4686",2006,"R-28",60.66326,-175.45115,0.6
"4687",2006,"R-29",60.67579,-176.204145,1.7
"4688",2006,"R-30",60.670255,-176.8091,1.9
"4689",2006,"R-31",60.66867,-177.51335,1.7
"4690",2006,"R-32",60.665035,-178.18279,2.1
"4691",2006,"S-22",60.99002,-171.452255,-1.6
"4692",2006,"S-23",60.99937,-172.172445,-1.7
"4693",2006,"S-24",61.000925,-172.8116,-1.3
"4694",2006,"S-25",61.005525,-173.5009,-1.5
"4695",2006,"S-26",60.99706,-174.18545,-1.6
"4696",2006,"S-27",60.99115,-174.884945,-1.5
"4697",2006,"S-28",61.00481,-175.55565,-0.5
"4698",2006,"S-29",60.9965,-176.298695,0.8
"4699",2006,"S-30",60.996955,-176.9723,1.5
"4700",2006,"S-31",60.99888,-177.62955,1.3
"4701",2006,"T-25",61.33099,-173.58165,-1.6
"4702",2006,"T-26",61.32848,-174.33945,-1.6
"4703",2006,"T-27",61.33251,-175.001745,-1.7
"4704",2006,"T-28",61.2964,-175.6481,-1.4
"4705",2006,"T-29",61.334855,-176.29884,0.3
"4706",2006,"T-30",61.334655,-176.974655,1
"4707",2006,"U-25",61.66573,-173.6677,-1.7
"4708",2006,"U-26",61.660895,-174.4409,-1.7
"4709",2006,"U-27",61.664035,-175.0923,-1.7
"4710",2006,"U-28",61.673925,-175.780845,-1.6
"4711",2006,"U-29",61.661825,-176.46475,0.1
"4712",2006,"V-25",62.00856,-173.756245,-1.4
"4713",2006,"V-26",61.995035,-174.496145,-1.6
"4714",2006,"V-27",61.99767,-175.17485,-1.6
"4715",2006,"V-28",61.999535,-175.830445,-1.6
"4716",2007,"A-02",55.012875,-166.940905,3.6
"4717",2007,"E-01",56.352165,-167.650895,3.6
"4718",2007,"E-02",56.336845,-167.02985,3.5
"4719",2007,"E-04",56.33554,-165.8008,1.4
"4720",2007,"E-18",56.311555,-168.24725,3.5
"4721",2007,"E-21",56.33697,-170.0652,3.5
"4722",2007,"E-22",56.332475,-170.68345,3.5
"4723",2007,"F-01",56.67201,-167.6615,2
"4724",2007,"F-02",56.662725,-167.064655,2.1
"4725",2007,"F-18",56.66051,-168.2871,3.1
"4726",2007,"F-21",56.668595,-170.117195,2.9
"4727",2007,"F-23",56.66369,-171.347605,3.3
"4728",2007,"G-01",57.00057,-167.7054,1.3
"4729",2007,"G-02",57.003075,-167.095455,1.2
"4730",2007,"G-18",56.986955,-168.3405,1.9
"4731",2007,"G-19",57.008695,-168.968245,1.3
"4732",2007,"G-21",56.996345,-170.16125,1.7
"4733",2007,"G-22",57.00414,-170.77935,2.3
"4734",2007,"G-23",57.002815,-171.386845,2.5
"4735",2007,"G-26",56.998295,-173.253,3.5
"4736",2007,"GF1918",56.816625,-168.61335,2.3
"4737",2007,"GF2221",56.835815,-170.476655,2.7
"4738",2007,"H-03",57.329505,-166.4835,0.7
"4739",2007,"H-20",57.32185,-169.6129,0.1
"4740",2007,"H-22",57.337095,-170.85745,1.9
"4741",2007,"H-23",57.332495,-171.470355,2.2
"4742",2007,"H-24",57.344215,-172.095695,2.3
"4743",2007,"HG1918",57.16274,-168.63825,0.9
"4744",2007,"HG2019",57.16312,-169.33425,0.4
"4745",2007,"I-02",57.670855,-167.118695,0.5
"4746",2007,"I-03",57.669155,-166.510445,0.3
"4747",2007,"I-18",57.66811,-168.405255,0.4
"4748",2007,"I-19",57.661905,-169.021405,-0.1
"4749",2007,"I-20",57.66377,-169.651695,-0.7
"4750",2007,"I-21",57.65641,-170.2557,-0.2
"4751",2007,"I-22",57.66758,-170.904495,1.3
"4752",2007,"I-23",57.66294,-171.536905,1.6
"4753",2007,"I-24",57.66311,-172.18055,1.6
"4754",2007,"IH2019",57.49097,-169.3544,-0.1
"4755",2007,"IH2120",57.50744,-169.983505,0.3
"4756",2007,"IH2221",57.497405,-170.58705,1.7
"4757",2007,"J-01",57.999105,-167.8013,0.3
"4758",2007,"J-02",58.005405,-167.17315,0.4
"4759",2007,"J-03",58.00519,-166.528,0.3
"4760",2007,"J-18",57.997615,-168.4391,0.5
"4761",2007,"J-19",57.99816,-169.084505,-0.3
"4762",2007,"J-20",58.001795,-169.69575,-0.9
"4763",2007,"J-21",57.99682,-170.345355,-1.1
"4764",2007,"J-22",57.99856,-170.975055,0.4
"4765",2007,"J-23",58.00214,-171.596595,0.9
"4766",2007,"J-24",57.993675,-172.25865,1.4
"4767",2007,"J-25",58.002945,-172.858595,2
"4768",2007,"JI1918",57.814145,-168.73544,0.1
"4769",2007,"JI2019",57.834805,-169.3699,-0.5
"4770",2007,"JI2120",57.83036,-169.9927,-0.9
"4771",2007,"JI2221",57.83963,-170.601305,-0.1
"4772",2007,"K-01",58.335445,-167.84295,0.6
"4773",2007,"K-02",58.33654,-167.186655,1.2
"4774",2007,"K-18",58.325685,-168.46625,0.4
"4775",2007,"K-19",58.3306,-169.12489,-0.1
"4776",2007,"K-20",58.334145,-169.7346,-0.7
"4777",2007,"K-21",58.32687,-170.379855,-1.2
"4778",2007,"K-22",58.336485,-171.016505,-0.5
"4779",2007,"K-23",58.32837,-171.651055,0.5
"4780",2007,"K-24",58.33308,-172.2988,1
"4781",2007,"K-25",58.328285,-172.92955,1.9
"4782",2007,"K-26",58.34096,-173.560855,2.6
"4783",2007,"L-18",58.668105,-168.50114,1.4
"4784",2007,"L-19",58.66703,-169.162705,0.1
"4785",2007,"L-20",58.667565,-169.79315,-0.7
"4786",2007,"L-21",58.672285,-170.429345,-1.3
"4787",2007,"L-22",58.6698,-171.0912,-0.7
"4788",2007,"L-23",58.670955,-171.75065,-0.1
"4789",2007,"L-24",58.666805,-172.37075,0.6
"4790",2007,"L-25",58.663165,-172.9973,1.9
"4791",2007,"L-29",58.67172,-175.53435,2.7
"4792",2007,"M-19",59.000085,-169.189145,0.5
"4793",2007,"M-20",59.00181,-169.82815,-1.1
"4794",2007,"M-21",58.99896,-170.48295,-1.4
"4795",2007,"M-22",59.00209,-171.130455,-1
"4796",2007,"M-23",58.991785,-171.78345,-0.2
"4797",2007,"M-24",59.00749,-172.4298,0.1
"4798",2007,"M-25",58.99022,-173.1046,1.6
"4799",2007,"M-26",59.003165,-173.724745,1.6
"4800",2007,"M-29",59.002735,-175.7145,2.3
"4801",2007,"N-19",59.33761,-169.250395,-0.5
"4802",2007,"N-20",59.33911,-169.867295,-1.5
"4803",2007,"N-21",59.33568,-170.53195,-1.5
"4804",2007,"N-22",59.33533,-171.1821,-1.2
"4805",2007,"N-23",59.333895,-171.8311,-0.9
"4806",2007,"N-24",59.335535,-172.508755,-0.5
"4807",2007,"N-25",59.33507,-173.16195,0.7
"4808",2007,"N-26",59.328535,-173.801395,1.3
"4809",2007,"N-28",59.350135,-175.099205,2
"4810",2007,"O-20",59.67594,-169.916495,-1.4
"4811",2007,"O-21",59.6633,-170.581805,-1.5
"4812",2007,"O-22",59.665515,-171.266605,-1.4
"4813",2007,"O-23",59.662985,-171.9028,-0.7
"4814",2007,"O-24",59.672405,-172.57214,-0.2
"4815",2007,"O-25",59.66442,-173.225605,0.4
"4816",2007,"O-26",59.67505,-173.8769,0.9
"4817",2007,"O-27",59.668425,-174.452545,1.4
"4818",2007,"O-28",59.663455,-175.103345,1.7
"4819",2007,"O-30",59.66993,-176.523355,1.9
"4820",2007,"ON2524",59.503575,-172.875,0
"4821",2007,"ON2625",59.51135,-173.501845,0.7
"4822",2007,"P-19",59.99726,-169.314245,0.2
"4823",2007,"P-20",60.00365,-169.969055,-1.4
"4824",2007,"P-21",59.99721,-170.630005,-1.5
"4825",2007,"P-22",60.00169,-171.299595,-1.2
"4826",2007,"P-23",59.97865,-171.94065,-1.1
"4827",2007,"P-24",59.98896,-172.5858,-0.7
"4828",2007,"P-25",60.011405,-173.31305,-1
"4829",2007,"P-26",60.013465,-173.942005,0.5
"4830",2007,"P-27",59.995665,-174.60885,0.9
"4831",2007,"P-28",60.00367,-175.273005,1.1
"4832",2007,"P-29",59.99025,-175.986195,1.9
"4833",2007,"PO2423",59.835565,-172.25045,-0.9
"4834",2007,"PO2524",59.82845,-172.9263,-0.2
"4835",2007,"PO2625",59.842535,-173.56765,0.2
"4836",2007,"Q-20",60.32904,-170.029195,-1.2
"4837",2007,"Q-21",60.328665,-170.63965,-1.4
"4838",2007,"Q-22",60.33304,-171.360295,-1.5
"4839",2007,"Q-23",60.32982,-172.064795,-1.3
"4840",2007,"Q-25",60.317125,-173.40205,0.3
"4841",2007,"Q-26",60.328785,-174.0697,-0.2
"4842",2007,"Q-27",60.341515,-174.720455,0.5
"4843",2007,"Q-28",60.331475,-175.401705,1
"4844",2007,"Q-29",60.33769,-176.03425,1.2
"4845",2007,"Q-30",60.33458,-176.701195,1.5
"4846",2007,"Q-31",60.35128,-177.364945,1.6
"4847",2007,"QP2423",60.160895,-172.319495,1.7
"4848",2007,"QP2524",60.191855,-173.034145,-0.2
"4849",2007,"QP2625",60.114905,-173.780755,-0.2
"4850",2007,"QP2726",60.166585,-174.34675,0.7
"4851",2007,"R-22",60.66273,-171.44025,-1.6
"4852",2007,"R-23",60.671925,-172.13025,-1.5
"4853",2007,"R-24",60.661205,-172.74285,2.3
"4854",2007,"R-25",60.68026,-173.4684,-0.4
"4855",2007,"R-26",60.65918,-174.1095,-1.1
"4856",2007,"R-27",60.670635,-174.8157,-0.4
"4857",2007,"R-28",60.66786,-175.457755,0.8
"4858",2007,"R-30",60.670615,-176.77805,1.2
"4859",2007,"R-31",60.664285,-177.49205,1.4
"4860",2007,"R-32",60.66631,-178.18045,2.4
"4861",2007,"S-22",60.97864,-171.489955,-1.3
"4862",2007,"S-23",61.00119,-172.1596,-1.6
"4863",2007,"S-24",61.000125,-172.815205,-0.8
"4864",2007,"S-25",60.995715,-173.507105,-1.6
"4865",2007,"S-26",60.998685,-174.170895,-1.6
"4866",2007,"S-27",60.992595,-174.88105,-1.3
"4867",2007,"S-28",60.99942,-175.554155,0
"4868",2007,"S-29",60.985545,-176.284005,0.9
"4869",2007,"S-30",61.00106,-176.974295,1.1
"4870",2007,"T-25",61.334285,-173.5762,-1.6
"4871",2007,"T-26",61.33284,-174.328045,-1.5
"4872",2007,"T-27",61.325225,-175.0158,-1.4
"4873",2007,"T-28",61.329975,-175.663905,-0.4
"4874",2007,"T-29",61.32525,-176.304245,0.6
"4875",2007,"T-30",61.328265,-176.9654,1
"4876",2007,"U-25",61.66633,-173.680505,-1.4
"4877",2007,"U-26",61.66835,-174.44485,-1.3
"4878",2007,"U-27",61.66428,-175.0912,-1.4
"4879",2007,"U-28",61.65994,-175.7698,-1.2
"4880",2007,"U-29",61.649505,-176.478245,0.4
"4881",2007,"V-25",62.003185,-173.734645,-1.5
"4882",2007,"V-26",62.00087,-174.5035,-1.5
"4883",2007,"V-27",62.000825,-175.176095,-1.4
"4884",2007,"V-28",62.002815,-175.83075,-1.2
"4885",2008,"D-10",55.994745,-162.272995,2.6
"4886",2008,"E-01",56.33291,-167.655545,3.1
"4887",2008,"E-18",56.338365,-168.233905,3.2
"4888",2008,"E-21",56.335745,-170.057405,3.3
"4889",2008,"F-01",56.66977,-167.671245,2.3
"4890",2008,"F-18",56.65354,-168.307545,2
"4891",2008,"F-19",56.66673,-168.8964,2.5
"4892",2008,"F-22",56.680945,-170.739705,3
"4893",2008,"F-23",56.668565,-171.358005,3
"4894",2008,"G-01",57.00228,-167.7153,0.4
"4895",2008,"G-04",56.99185,-165.8479,0.2
"4896",2008,"G-12",56.999245,-160.9641,1.1
"4897",2008,"G-18",56.999915,-168.307945,0.7
"4898",2008,"G-19",57.00948,-168.963795,0.5
"4899",2008,"G-21",56.998755,-170.193905,2.4
"4900",2008,"G-22",56.99673,-170.78595,2.1
"4901",2008,"G-23",57.0043,-171.3852,2.7
"4902",2008,"GF1918",56.829495,-168.61355,1.5
"4903",2008,"GF2019",56.82926,-169.298305,0.9
"4904",2008,"H-01",57.33371,-167.7355,0.2
"4905",2008,"H-02",57.336875,-167.1121,0.7
"4906",2008,"H-03",57.33181,-166.489205,0.7
"4907",2008,"H-04",57.328665,-165.870005,0.6
"4908",2008,"H-19",57.334985,-168.978105,0.5
"4909",2008,"H-20",57.33379,-169.60181,0.9
"4910",2008,"H-22",57.334295,-170.85326,1.5
"4911",2008,"H-23",57.32799,-171.463295,2.4
"4912",2008,"H-24",57.343905,-172.09105,2.6
"4913",2008,"HG1918",57.163135,-168.64785,0.4
"4914",2008,"HG2019",57.16272,-169.3236,0.5
"4915",2008,"I-01",57.66444,-167.767505,0.7
"4916",2008,"I-02",57.69435,-167.099305,0.6
"4917",2008,"I-03",57.66736,-166.512595,0.6
"4918",2008,"I-06",57.670275,-164.623745,1.1
"4919",2008,"I-18",57.666135,-168.394695,0.2
"4920",2008,"I-19",57.66255,-169.02385,-0.4
"4921",2008,"I-20",57.672445,-169.652495,0.5
"4922",2008,"I-21",57.6627,-170.26525,0.8
"4923",2008,"I-22",57.6659,-170.8968,1.1
"4924",2008,"I-23",57.660235,-171.538345,2
"4925",2008,"I-24",57.66344,-172.1706,2.3
"4926",2008,"I-26",57.658575,-173.3809,2.8
"4927",2008,"IH1918",57.4964,-168.739605,0.4
"4928",2008,"IH2019",57.49584,-169.3661,0.3
"4929",2008,"IH2120",57.507385,-169.991695,1
"4930",2008,"J-01",57.99486,-167.8081,0.6
"4931",2008,"J-02",57.99869,-167.1627,0.5
"4932",2008,"J-03",57.99839,-166.527395,0.8
"4933",2008,"J-04",58.007275,-165.906605,1
"4934",2008,"J-19",58.00443,-169.070255,-0.3
"4935",2008,"J-20",58.000675,-169.702805,0.1
"4936",2008,"J-21",57.998065,-170.337795,0.7
"4937",2008,"J-22",57.995515,-170.97895,1.1
"4938",2008,"J-23",57.99283,-171.5967,1.5
"4939",2008,"J-24",58.00426,-172.2559,1.5
"4940",2008,"J-25",58.00373,-172.86215,1.9
"4941",2008,"JI1918",57.84866,-168.739795,-0.3
"4942",2008,"JI2019",57.84219,-169.37185,0.2
"4943",2008,"JI2120",57.827835,-169.99675,0.2
"4944",2008,"JI2221",57.83248,-170.615395,0.8
"4945",2008,"K-01",58.331055,-167.837,0.5
"4946",2008,"K-02",58.329535,-167.197605,0.8
"4947",2008,"K-03",58.32866,-166.557295,1.3
"4948",2008,"K-18",58.33759,-168.50225,0
"4949",2008,"K-19",58.331065,-169.1251,-0.2
"4950",2008,"K-20",58.34202,-169.74461,-0.8
"4951",2008,"K-21",58.333325,-170.385255,-0.5
"4952",2008,"K-22",58.343365,-171.019445,0.9
"4953",2008,"K-23",58.32849,-171.653155,1.1
"4954",2008,"K-24",58.33497,-172.2959,1.4
"4955",2008,"K-25",58.33833,-172.922745,1.6
"4956",2008,"K-26",58.34858,-173.54385,2
"4957",2008,"K-27",58.33405,-174.29805,2.8
"4958",2008,"L-18",58.6644,-168.4966,0.5
"4959",2008,"L-19",58.665435,-169.157845,-0.1
"4960",2008,"L-20",58.67416,-169.78185,-0.9
"4961",2008,"L-21",58.68956,-170.431605,-0.8
"4962",2008,"L-22",58.667185,-171.082355,-0.4
"4963",2008,"L-23",58.661995,-171.72121,0.5
"4964",2008,"L-24",58.666865,-172.371155,1.2
"4965",2008,"L-25",58.67135,-172.99395,1.6
"4966",2008,"L-26",58.665685,-173.622805,2
"4967",2008,"L-28",58.74263,-174.952545,2.5
"4968",2008,"M-18",59.00742,-168.52345,0.7
"4969",2008,"M-19",59.005235,-169.188455,0.3
"4970",2008,"M-20",58.998375,-169.83421,-0.9
"4971",2008,"M-21",59.002455,-170.4888,-1.2
"4972",2008,"M-22",59.0016,-171.1351,-1
"4973",2008,"M-23",58.99923,-171.793,0.2
"4974",2008,"M-24",58.99434,-172.40715,0.7
"4975",2008,"M-25",59.00606,-173.089555,1.2
"4976",2008,"M-26",59.004635,-173.730345,1.5
"4977",2008,"M-27",58.993855,-174.38755,1.7
"4978",2008,"M-28",59.000125,-175.030295,1.7
"4979",2008,"M-29",59.002515,-175.72884,1.7
"4980",2008,"M-30",59.00135,-176.33105,1.6
"4981",2008,"M-31",58.99805,-176.954155,2.2
"4982",2008,"N-18",59.33839,-168.556305,1
"4983",2008,"N-19",59.339195,-169.231255,-0.3
"4984",2008,"N-20",59.332615,-169.87395,-1.3
"4985",2008,"N-21",59.33937,-170.5401,-1.3
"4986",2008,"N-22",59.33646,-171.18435,-1.3
"4987",2008,"N-23",59.327055,-171.841105,-1
"4988",2008,"N-24",59.331585,-172.495355,-0.8
"4989",2008,"N-25",59.33366,-173.1462,0.8
"4990",2008,"N-26",59.33907,-173.796955,1.2
"4991",2008,"N-27",59.334315,-174.422455,1.3
"4992",2008,"N-28",59.338465,-175.096,1.4
"4993",2008,"N-29",59.336205,-175.746795,1.6
"4994",2008,"N-30",59.33388,-176.38,1.3
"4995",2008,"N-31",59.33393,-177.066155,2.2
"4996",2008,"O-19",59.670305,-169.266055,-0.1
"4997",2008,"O-20",59.669995,-169.918155,-0.9
"4998",2008,"O-21",59.66875,-170.580505,-1.5
"4999",2008,"O-22",59.666965,-171.26895,-1.4
"5000",2008,"O-23",59.66739,-171.89885,-1.2
"5001",2008,"O-24",59.66741,-172.55445,-1.2
"5002",2008,"O-25",59.675405,-173.2575,-0.7
"5003",2008,"O-26",59.673395,-173.84415,0.1
"5004",2008,"O-27",59.66792,-174.44315,1.1
"5005",2008,"O-28",59.65244,-175.11861,1.3
"5006",2008,"O-29",59.6653,-175.880755,1.4
"5007",2008,"O-30",59.666295,-176.538045,1.2
"5008",2008,"O-31",59.664235,-177.1455,2.2
"5009",2008,"ON2524",59.511225,-172.879395,-0.7
"5010",2008,"ON2625",59.518805,-173.51345,0.4
"5011",2008,"P-20",59.99718,-169.9562,-0.9
"5012",2008,"P-21",59.996295,-170.6298,-1.5
"5013",2008,"P-22",60.00309,-171.29155,-1.4
"5014",2008,"P-23",60.00928,-171.96125,-1.5
"5015",2008,"P-24",59.98933,-172.58365,-1.5
"5016",2008,"P-25",60.00212,-173.31564,-1.2
"5017",2008,"P-26",60.002035,-173.95105,-0.1
"5018",2008,"P-27",59.990735,-174.594905,0.5
"5019",2008,"P-28",60.002285,-175.27675,0.9
"5020",2008,"P-29",59.99403,-175.9236,1.2
"5021",2008,"P-30",60.003175,-176.713305,1
"5022",2008,"P-31",60.004285,-177.207745,1
"5023",2008,"PO2423",59.82885,-172.256205,-1.2
"5024",2008,"PO2524",59.835505,-172.9207,-1.2
"5025",2008,"PO2625",59.832645,-173.56095,-0.5
"5026",2008,"PO2726",59.829985,-174.241745,0.4
"5027",2008,"Q-20",60.33474,-170.03915,-1.3
"5028",2008,"Q-21",60.3375,-170.63765,-1.5
"5029",2008,"Q-22",60.3374,-171.35315,-1.6
"5030",2008,"Q-23",60.33308,-172.07005,-1.6
"5031",2008,"Q-25",60.298975,-173.379205,-1.3
"5032",2008,"Q-26",60.33398,-174.0699,-0.4
"5033",2008,"Q-27",60.33062,-174.7033,-0.6
"5034",2008,"Q-28",60.33432,-175.3869,0.4
"5035",2008,"Q-29",60.3351,-176.03135,0.7
"5036",2008,"Q-30",60.335145,-176.714905,0.9
"5037",2008,"Q-31",60.32666,-177.373745,0.7
"5038",2008,"QP2423",60.16385,-172.329245,-0.6
"5039",2008,"QP2524",60.177145,-173.020645,-1.1
"5040",2008,"QP2625",60.11261,-173.771895,-0.8
"5041",2008,"QP2726",60.1701,-174.352895,0.2
"5042",2008,"R-22",60.665995,-171.43585,-1.6
"5043",2008,"R-23",60.668315,-172.117745,-1.6
"5044",2008,"R-24",60.665655,-172.74895,-0.3
"5045",2008,"R-25",60.682865,-173.468105,-1.4
"5046",2008,"R-26",60.668515,-174.11645,-1.2
"5047",2008,"R-27",60.662625,-174.797005,-1.6
"5048",2008,"R-28",60.661325,-175.4394,-1.2
"5049",2008,"R-29",60.67611,-176.2073,0.1
"5050",2008,"R-30",60.668165,-176.7965,0.7
"5051",2008,"R-31",60.670325,-177.507195,0.7
"5052",2008,"R-32",60.66913,-178.178845,1.6
"5053",2008,"S-22",60.99132,-171.45565,-1.6
"5054",2008,"S-23",61.0035,-172.17475,-1.6
"5055",2008,"S-24",60.99987,-172.813595,-1.5
"5056",2008,"S-25",61.006615,-173.50225,-1.6
"5057",2008,"S-26",61.00365,-174.18695,-1.7
"5058",2008,"S-27",60.99659,-174.90285,-1.6
"5059",2008,"S-28",61.00144,-175.521405,-0.7
"5060",2008,"S-29",60.99728,-176.29165,-0.3
"5061",2008,"S-30",61.00088,-176.968945,0.5
"5062",2008,"S-31",60.991815,-177.612605,0.7
"5063",2008,"T-25",61.337965,-173.58495,-1.7
"5064",2008,"T-26",61.33373,-174.329495,-1.7
"5065",2008,"T-27",61.32857,-175.0054,-1.7
"5066",2008,"T-28",61.28902,-175.6539,-1.2
"5067",2008,"T-29",61.33302,-176.320495,-0.6
"5068",2008,"T-30",61.330615,-176.9542,0.2
"5069",2008,"U-25",61.668,-173.6682,-1.6
"5070",2008,"U-26",61.661775,-174.42505,-1.6
"5071",2008,"U-27",61.66789,-175.06765,-1.4
"5072",2008,"U-28",61.676085,-175.7862,-1.3
"5073",2008,"U-29",61.67027,-176.457,-0.8
"5074",2008,"V-25",61.98887,-173.749645,-1.6
"5075",2008,"V-26",61.997935,-174.506295,-1.6
"5076",2008,"V-27",62.002195,-175.18475,-1.4
"5077",2008,"V-28",61.99778,-175.829895,-1
"5078",2009,"C-01",55.67285,-167.58635,3.4
"5079",2009,"C-03",55.672645,-166.3935,3.2
"5080",2009,"D-01",56.016145,-167.608695,3.5
"5081",2009,"D-02",56.059295,-166.987095,3.1
"5082",2009,"D-03",55.999195,-166.3987,3
"5083",2009,"E-01",56.34752,-167.66195,2.6
"5084",2009,"E-02",56.33223,-167.049,1.9
"5085",2009,"E-03",56.33801,-166.3991,1.8
"5086",2009,"E-21",56.33709,-170.0658,3
"5087",2009,"E-22",56.33538,-170.694545,3.2
"5088",2009,"F-01",56.673125,-167.678,1.4
"5089",2009,"F-02",56.656875,-167.0698,0.9
"5090",2009,"F-05",56.66885,-165.203905,-1.1
"5091",2009,"F-11",56.67819,-161.600505,0.7
"5092",2009,"F-18",56.658505,-168.287945,1.8
"5093",2009,"F-19",56.660635,-168.9058,2
"5094",2009,"F-21",56.67363,-170.13575,2.6
"5095",2009,"F-22",56.67761,-170.73915,2.8
"5096",2009,"F-23",56.664265,-171.3479,3.3
"5097",2009,"G-01",57.00415,-167.6994,-0.5
"5098",2009,"G-02",56.984785,-167.087855,-0.8
"5099",2009,"G-03",57.00996,-166.4352,-1
"5100",2009,"G-04",56.9992,-165.8479,-1
"5101",2009,"G-18",56.98921,-168.3383,-0.1
"5102",2009,"G-19",57.00557,-168.94005,0.1
"5103",2009,"G-21",57.00009,-170.178905,2.3
"5104",2009,"G-22",56.991415,-170.784145,2.8
"5105",2009,"G-23",57.00333,-171.38545,3.1
"5106",2009,"G-24",57.012155,-172.025155,3.2
"5107",2009,"GF1918",56.82789,-168.6262,1.1
"5108",2009,"GF2221",56.83986,-170.513295,2.8
"5109",2009,"H-01",57.33446,-167.746895,-0.9
"5110",2009,"H-02",57.32991,-167.119995,-1.1
"5111",2009,"H-03",57.32406,-166.480355,-1.1
"5112",2009,"H-04",57.335395,-165.863855,-1
"5113",2009,"H-18",57.331545,-168.365455,-0.7
"5114",2009,"H-19",57.3279,-168.983805,-0.2
"5115",2009,"H-20",57.338635,-169.587545,0
"5116",2009,"H-21",57.337515,-170.231895,3
"5117",2009,"H-22",57.33771,-170.85921,2.7
"5118",2009,"H-23",57.33068,-171.465805,2.7
"5119",2009,"H-24",57.32664,-172.1104,2.7
"5120",2009,"HG1918",57.1651,-168.6522,-0.3
"5121",2009,"HG2019",57.17334,-169.32305,-0.2
"5122",2009,"I-01",57.67109,-167.78125,-0.5
"5123",2009,"I-02",57.657985,-167.122455,-0.6
"5124",2009,"I-03",57.66949,-166.515945,-1.1
"5125",2009,"I-18",57.656275,-168.401055,-0.7
"5126",2009,"I-19",57.66404,-169.01885,-0.6
"5127",2009,"I-20",57.67015,-169.64565,-0.4
"5128",2009,"I-21",57.65777,-170.25655,0.7
"5129",2009,"I-22",57.676825,-170.9028,1.7
"5130",2009,"I-23",57.660155,-171.553005,1.7
"5131",2009,"I-24",57.674585,-172.168395,1.8
"5132",2009,"I-25",57.674075,-172.817045,2.4
"5133",2009,"IH1918",57.499015,-168.75986,-0.4
"5134",2009,"IH2019",57.49383,-169.35915,-0.3
"5135",2009,"IH2120",57.508125,-169.9972,1.1
"5136",2009,"J-01",57.99176,-167.812095,-0.7
"5137",2009,"J-02",57.990865,-167.17295,-1
"5138",2009,"J-03",58.00384,-166.531295,-0.6
"5139",2009,"J-04",58.005385,-165.90255,1
"5140",2009,"J-18",57.996315,-168.4384,-0.8
"5141",2009,"J-19",58.00321,-169.070305,-0.8
"5142",2009,"J-20",57.995805,-169.69131,-0.5
"5143",2009,"J-21",58.002675,-170.337105,-0.5
"5144",2009,"J-22",57.997145,-170.95785,-0.2
"5145",2009,"J-23",57.99188,-171.586405,1.2
"5146",2009,"J-24",58.004625,-172.244205,1.7
"5147",2009,"J-25",57.99335,-172.871,1.9
"5148",2009,"JI1918",57.8401,-168.75405,-0.8
"5149",2009,"JI2019",57.8413,-169.364845,-0.4
"5150",2009,"JI2120",57.82235,-169.975645,-0.1
"5151",2009,"JI2221",57.835645,-170.624145,-0.5
"5152",2009,"K-01",58.324105,-167.839405,0.7
"5153",2009,"K-02",58.331335,-167.18775,0.6
"5154",2009,"K-03",58.33378,-166.556995,1.8
"5155",2009,"K-18",58.32434,-168.475105,-0.8
"5156",2009,"K-19",58.326865,-169.1315,-0.6
"5157",2009,"K-20",58.343755,-169.74605,-0.3
"5158",2009,"K-21",58.333595,-170.38655,-0.4
"5159",2009,"K-22",58.3586,-171.0071,-0.9
"5160",2009,"K-23",58.335975,-171.6427,-0.3
"5161",2009,"K-24",58.344515,-172.308555,0.8
"5162",2009,"K-25",58.338325,-172.94835,1.6
"5163",2009,"K-26",58.34242,-173.561105,2.7
"5164",2009,"L-18",58.659695,-168.49625,0.8
"5165",2009,"L-19",58.66231,-169.1647,-0.3
"5166",2009,"L-20",58.669815,-169.777605,0
"5167",2009,"L-21",58.67371,-170.43515,-0.5
"5168",2009,"L-22",58.675145,-171.09489,-0.9
"5169",2009,"L-23",58.65783,-171.719695,-0.3
"5170",2009,"L-24",58.67378,-172.374055,0.7
"5171",2009,"L-25",58.667635,-173.02535,1.4
"5172",2009,"L-28",58.750415,-174.9464,2.7
"5173",2009,"L-29",58.671335,-175.543055,2.5
"5174",2009,"M-18",58.996335,-168.529305,2
"5175",2009,"M-19",59.00393,-169.184405,1
"5176",2009,"M-20",59.009745,-169.83635,-0.3
"5177",2009,"M-21",59.007245,-170.48175,-0.8
"5178",2009,"M-22",59.009215,-171.131205,-0.8
"5179",2009,"M-23",59.001865,-171.794155,-0.6
"5180",2009,"M-24",59.01023,-172.4254,0.4
"5181",2009,"M-25",59.006555,-173.100745,1
"5182",2009,"M-26",59.004935,-173.72189,1.9
"5183",2009,"M-27",59.00645,-174.386395,2.3
"5184",2009,"M-29",58.994345,-175.7336,1.3
"5185",2009,"M-31",58.995105,-176.95866,1.7
"5186",2009,"M-32",58.99857,-177.59935,2.2
"5187",2009,"N-18",59.337585,-168.552355,2.5
"5188",2009,"N-19",59.3364,-169.2267,1.3
"5189",2009,"N-20",59.336195,-169.8617,-0.8
"5190",2009,"N-21",59.33233,-170.5594,-1.4
"5191",2009,"N-22",59.33409,-171.176395,-1.3
"5192",2009,"N-23",59.336455,-171.847055,-1.2
"5193",2009,"N-24",59.335555,-172.4792,-0.2
"5194",2009,"N-25",59.332745,-173.14725,0.5
"5195",2009,"N-26",59.336585,-173.789295,1.1
"5196",2009,"N-27",59.32626,-174.430495,1.9
"5197",2009,"N-28",59.326015,-175.09765,1.7
"5198",2009,"N-29",59.33051,-175.7423,1.2
"5199",2009,"N-30",59.32971,-176.37425,1
"5200",2009,"O-19",59.668345,-169.26894,1.3
"5201",2009,"O-20",59.682975,-169.93795,-0.8
"5202",2009,"O-21",59.6697,-170.5886,-1.3
"5203",2009,"O-22",59.660455,-171.255005,-1.5
"5204",2009,"O-23",59.664505,-171.9029,-1.3
"5205",2009,"O-24",59.66911,-172.5709,-1.1
"5206",2009,"O-25",59.654365,-173.241345,0.3
"5207",2009,"O-26",59.66873,-173.849295,0.9
"5208",2009,"O-27",59.672655,-174.44795,1.3
"5209",2009,"O-28",59.655605,-175.110045,1.7
"5210",2009,"O-29",59.667465,-175.884045,1.5
"5211",2009,"O-30",59.666145,-176.52405,1
"5212",2009,"O-31",59.66279,-177.13785,1.7
"5213",2009,"ON2524",59.508635,-172.880295,0.1
"5214",2009,"ON2625",59.53519,-173.48715,0.5
"5215",2009,"P-18",60.001285,-168.65826,2.6
"5216",2009,"P-19",60.009605,-169.333855,0.1
"5217",2009,"P-20",60.00035,-169.97725,-1.1
"5218",2009,"P-21",59.996075,-170.63885,-1.4
"5219",2009,"P-22",59.999175,-171.313545,-1.5
"5220",2009,"P-23",59.97726,-171.945155,-1.4
"5221",2009,"P-24",60.00324,-172.639545,-1.2
"5222",2009,"P-25",60.00555,-173.319595,-1.1
"5223",2009,"P-26",60.00823,-173.9361,0.4
"5224",2009,"P-27",59.993935,-174.605005,1
"5225",2009,"P-28",60.007315,-175.27265,1.3
"5226",2009,"P-29",60.00033,-175.9374,1.8
"5227",2009,"P-30",59.98911,-176.715195,0.9
"5228",2009,"P-31",59.994455,-177.217805,0.9
"5229",2009,"P-32",60.007,-177.916,1.2
"5230",2009,"PO2423",59.83705,-172.255195,-1.4
"5231",2009,"PO2524",59.825235,-172.9048,-1.2
"5232",2009,"PO2625",59.84354,-173.57775,0.4
"5233",2009,"PO2726",59.8386,-174.2351,1
"5234",2009,"Q-18",60.329145,-168.688245,2.3
"5235",2009,"Q-19",60.32228,-169.353245,-0.4
"5236",2009,"Q-20",60.330565,-170.010795,-1.3
"5237",2009,"Q-21",60.328265,-170.659645,-1.4
"5238",2009,"Q-22",60.33509,-171.38865,-1.5
"5239",2009,"Q-23",60.33262,-172.0654,-0.7
"5240",2009,"Q-25",60.295675,-173.3789,-0.8
"5241",2009,"Q-26",60.339085,-174.0699,0.5
"5242",2009,"Q-27",60.336165,-174.712945,0.8
"5243",2009,"Q-28",60.33481,-175.39895,1.1
"5244",2009,"Q-29",60.33475,-176.032295,1.4
"5245",2009,"Q-30",60.33701,-176.716695,1.2
"5246",2009,"Q-31",60.32256,-177.369705,1
"5247",2009,"QP2423",60.162705,-172.326455,0.5
"5248",2009,"QP2524",60.15839,-172.979145,0.7
"5249",2009,"QP2625",60.128505,-173.778195,-0.7
"5250",2009,"QP2726",60.172965,-174.35575,0.5
"5251",2009,"R-22",60.666945,-171.446495,-1.5
"5252",2009,"R-23",60.676005,-172.13395,-1.5
"5253",2009,"R-24",60.66155,-172.74375,0.5
"5254",2009,"R-25",60.68798,-173.46806,-0.6
"5255",2009,"R-26",60.666625,-174.1229,-1.3
"5256",2009,"R-27",60.665015,-174.79335,0.1
"5257",2009,"R-28",60.664295,-175.4479,1
"5258",2009,"R-29",60.67822,-176.21355,1.2
"5259",2009,"R-30",60.668315,-176.802155,1.2
"5260",2009,"R-31",60.671655,-177.50795,1.1
"5261",2009,"R-32",60.653765,-178.17265,1.2
"5262",2009,"S-22",60.99635,-171.4908,-1.6
"5263",2009,"S-23",61.00858,-172.165795,-1.5
"5264",2009,"S-24",61.00086,-172.825105,-1
"5265",2009,"S-25",60.995685,-173.51971,-1.5
"5266",2009,"S-26",61.00292,-174.181305,-1.6
"5267",2009,"S-27",61.000745,-174.880555,-1.2
"5268",2009,"S-28",61.005465,-175.55585,-0.1
"5269",2009,"S-29",60.998555,-176.2956,0.9
"5270",2009,"S-30",61.00981,-176.99035,1.2
"5271",2009,"S-31",60.99744,-177.6282,1.2
"5272",2009,"T-25",61.331785,-173.6035,-1.6
"5273",2009,"T-26",61.33157,-174.32665,-1.6
"5274",2009,"T-27",61.335695,-175.02261,-1.6
"5275",2009,"T-28",61.330785,-175.6203,-1.7
"5276",2009,"T-29",61.33991,-176.298805,-0.9
"5277",2009,"T-30",61.32884,-176.978195,1.1
"5278",2009,"U-25",61.66818,-173.67506,-1.7
"5279",2009,"U-26",61.668625,-174.45365,-1.7
"5280",2009,"U-27",61.68049,-175.0988,-1.7
"5281",2009,"U-28",61.66902,-175.8337,-1.6
"5282",2009,"U-29",61.660045,-176.4657,-1.3
"5283",2009,"V-25",62.014785,-173.758655,-1.7
"5284",2009,"V-26",62.002235,-174.50285,-1.7
"5285",2009,"V-27",62.009095,-175.1841,-1.6
"5286",2009,"V-28",62.012065,-175.8872,-1.6
"5287",2010,"A-03",55.003225,-166.345475,4
"5288",2010,"D-02",56.003345,-167.0062,3.7
"5289",2010,"E-02",56.33091,-167.02635,2.8
"5290",2010,"E-21",56.337525,-170.05021,3.3
"5291",2010,"F-01",56.67219,-167.664655,1.3
"5292",2010,"F-04",56.669805,-165.844725,-0.7
"5293",2010,"F-05",56.66728,-165.21614,-1
"5294",2010,"F-18",56.657385,-168.291645,2.3
"5295",2010,"F-19",56.676155,-168.907975,1.8
"5296",2010,"F-21",56.663845,-170.13466,2.3
"5297",2010,"F-23",56.6603,-171.35424,3.7
"5298",2010,"G-01",56.996125,-167.707335,-0.7
"5299",2010,"G-02",57.00419,-167.08959,-0.4
"5300",2010,"G-03",57.00079,-166.467015,-0.3
"5301",2010,"G-04",56.99806,-165.844555,-0.2
"5302",2010,"G-06",57.00134,-164.60276,-1
"5303",2010,"G-07",56.987475,-164.04783,-1
"5304",2010,"G-18",57.00635,-168.34639,-0.5
"5305",2010,"G-19",57.00965,-168.945635,-0.4
"5306",2010,"G-20",56.9965,-169.55851,-0.7
"5307",2010,"GF1918",56.83641,-168.626815,2
"5308",2010,"H-01",57.330705,-167.736125,0.2
"5309",2010,"H-02",57.33577,-167.12205,0
"5310",2010,"H-03",57.332135,-166.48505,0
"5311",2010,"H-04",57.333935,-165.872255,0.2
"5312",2010,"H-05",57.33576,-165.233385,-0.5
"5313",2010,"H-06",57.32508,-164.621,-0.5
"5314",2010,"H-18",57.333815,-168.3668,-0.7
"5315",2010,"H-19",57.331625,-168.984865,-0.9
"5316",2010,"H-20",57.334845,-169.59404,-0.4
"5317",2010,"H-22",57.35585,-170.84773,2.7
"5318",2010,"H-24",57.3296,-172.09026,3.4
"5319",2010,"HG1918",57.16774,-168.63343,-0.9
"5320",2010,"HG2019",57.1733,-169.309925,-0.8
"5321",2010,"I-01",57.670925,-167.76965,-1.1
"5322",2010,"I-02",57.669715,-167.14249,-0.3
"5323",2010,"I-03",57.659915,-166.506845,-0.6
"5324",2010,"I-04",57.66524,-165.89486,0.6
"5325",2010,"I-05",57.663865,-165.250935,0.5
"5326",2010,"I-18",57.66689,-168.39906,-0.2
"5327",2010,"I-19",57.65954,-169.032525,-1.1
"5328",2010,"I-20",57.66766,-169.652665,-1.2
"5329",2010,"I-22",57.663105,-170.891765,1.8
"5330",2010,"I-23",57.6575,-171.537,2.8
"5331",2010,"I-24",57.667985,-172.192605,3.1
"5332",2010,"I-25",57.66419,-172.791715,3
"5333",2010,"I-26",57.679435,-173.3984,3.4
"5334",2010,"IH1918",57.50083,-168.748505,-1
"5335",2010,"IH2019",57.499855,-169.3677,-1.1
"5336",2010,"IH2120",57.500165,-169.98411,-0.5
"5337",2010,"J-01",57.99744,-167.803845,-1.3
"5338",2010,"J-02",58.001215,-167.16859,-0.4
"5339",2010,"J-03",58.003575,-166.531485,0.1
"5340",2010,"J-04",58.001945,-165.907935,1.6
"5341",2010,"J-18",57.99919,-168.43459,-1.3
"5342",2010,"J-19",58.00151,-169.07064,-1.4
"5343",2010,"J-20",58.001095,-169.7013,-1.3
"5344",2010,"J-21",58.000505,-170.346795,-0.7
"5345",2010,"J-22",57.997425,-170.984885,1.2
"5346",2010,"J-23",57.99007,-171.589755,2
"5347",2010,"J-24",57.99951,-172.27632,2.2
"5348",2010,"J-25",57.99725,-172.86515,2.8
"5349",2010,"J-26",57.998775,-173.461825,3
"5350",2010,"JI1918",57.83119,-168.73787,-1.2
"5351",2010,"JI2019",57.832075,-169.335765,-1.4
"5352",2010,"JI2120",57.8341,-169.973745,-1.1
"5353",2010,"JI2221",57.842355,-170.60938,0.3
"5354",2010,"K-01",58.325945,-167.842055,0.2
"5355",2010,"K-18",58.330815,-168.488825,-0.8
"5356",2010,"K-19",58.33632,-169.116785,-1.4
"5357",2010,"K-20",58.34434,-169.73869,-1.4
"5358",2010,"K-21",58.32835,-170.366445,-1.2
"5359",2010,"K-22",58.33095,-171.02413,0.3
"5360",2010,"K-23",58.32615,-171.647875,1.8
"5361",2010,"K-24",58.33419,-172.311775,2.5
"5362",2010,"K-26",58.335045,-173.56738,3.5
"5363",2010,"L-20",58.673485,-169.787375,-1.1
"5364",2010,"L-21",58.666965,-170.4307,-1.4
"5365",2010,"L-22",58.668315,-171.084025,-0.1
"5366",2010,"L-23",58.66689,-171.708045,1.2
"5367",2010,"L-24",58.668925,-172.379525,2.1
"5368",2010,"L-25",58.66605,-172.99505,2.6
"5369",2010,"L-26",58.661375,-173.62871,3.4
"5370",2010,"L-27",58.665735,-174.266665,3.1
"5371",2010,"L-29",58.665875,-175.537575,2.5
"5372",2010,"L-30",58.66558,-176.209005,2.8
"5373",2010,"M-01",59.00219,-167.88665,1.5
"5374",2010,"M-20",58.99955,-169.83926,-1.2
"5375",2010,"M-21",58.999265,-170.48885,-1.5
"5376",2010,"M-22",59.00037,-171.133205,-1.4
"5377",2010,"M-23",58.999915,-171.78111,0.8
"5378",2010,"M-24",59.00001,-172.4316,1.5
"5379",2010,"M-25",58.99771,-173.089915,2.3
"5380",2010,"M-26",58.99819,-173.712915,2.6
"5381",2010,"M-27",59.00231,-174.39045,2.9
"5382",2010,"M-30",59.0013,-176.32493,2.7
"5383",2010,"M-31",59.00636,-176.949365,2.5
"5384",2010,"N-18",59.336735,-168.572775,1
"5385",2010,"N-19",59.335395,-169.249265,-0.7
"5386",2010,"N-20",59.33091,-169.86166,-1.2
"5387",2010,"N-21",59.329535,-170.543025,-1.5
"5388",2010,"N-22",59.33,-171.18426,-1.5
"5389",2010,"N-23",59.33185,-171.836265,-0.9
"5390",2010,"N-24",59.333275,-172.494425,-0.4
"5391",2010,"N-25",59.331975,-173.17054,1.6
"5392",2010,"N-26",59.337215,-173.800115,2.1
"5393",2010,"N-27",59.332215,-174.45515,2.4
"5394",2010,"N-28",59.334585,-175.09661,1.9
"5395",2010,"N-29",59.322715,-175.74969,2.6
"5396",2010,"N-30",59.333735,-176.389385,2.6
"5397",2010,"N-31",59.3338,-177.04768,2.5
"5398",2010,"O-19",59.664695,-169.264265,-1.1
"5399",2010,"O-20",59.655535,-169.918085,-1.4
"5400",2010,"O-21",59.664025,-170.578325,-1.5
"5401",2010,"O-22",59.667475,-171.224665,-1.5
"5402",2010,"O-23",59.66692,-171.87825,-1.4
"5403",2010,"O-24",59.671295,-172.55824,-1.1
"5404",2010,"O-25",59.663525,-173.253075,-0.2
"5405",2010,"O-26",59.66751,-173.84999,1.8
"5406",2010,"O-27",59.66551,-174.4784,2.1
"5407",2010,"O-28",59.666615,-175.10041,1.7
"5408",2010,"O-29",59.666865,-175.8669,2.2
"5409",2010,"O-30",59.66744,-176.527135,2.7
"5410",2010,"O-31",59.6715,-177.1449,2.4
"5411",2010,"ON2524",59.50719,-172.904055,1.2
"5412",2010,"ON2625",59.504955,-173.52946,1.9
"5413",2010,"P-18",60.002575,-168.667765,-0.3
"5414",2010,"P-19",60.00635,-169.324915,-1.2
"5415",2010,"P-20",59.996915,-169.9448,-1.3
"5416",2010,"P-21",59.996995,-170.62435,-1.5
"5417",2010,"P-22",59.99456,-171.308975,-1.5
"5418",2010,"P-23",59.986095,-171.937285,-1.3
"5419",2010,"P-24",59.988,-172.578705,-1
"5420",2010,"P-25",59.998145,-173.243605,-1.1
"5421",2010,"P-26",59.99982,-173.959725,0.6
"5422",2010,"P-27",59.995,-174.594965,1.2
"5423",2010,"P-28",59.9989,-175.24837,1.6
"5424",2010,"P-29",60.00315,-175.925345,2
"5425",2010,"P-30",59.999565,-176.715275,2.4
"5426",2010,"P-31",59.996475,-177.21053,2
"5427",2010,"PO2423",59.831515,-172.27506,-1.3
"5428",2010,"PO2524",59.831725,-172.91776,-1.2
"5429",2010,"PO2625",59.83077,-173.58089,-0.3
"5430",2010,"PO2726",59.833765,-174.225285,1.3
"5431",2010,"Q-19",60.329425,-169.33781,-0.9
"5432",2010,"Q-20",60.33006,-170.005405,-1.5
"5433",2010,"Q-21",60.327775,-170.651545,-1.6
"5434",2010,"Q-22",60.3364,-171.35636,-1.5
"5435",2010,"Q-23",60.339385,-172.065695,-1.5
"5436",2010,"Q-25",60.29426,-173.381425,0
"5437",2010,"Q-26",60.33058,-174.075315,-0.2
"5438",2010,"Q-27",60.32639,-174.718815,1
"5439",2010,"Q-28",60.332455,-175.39281,1.5
"5440",2010,"Q-29",60.33629,-176.02534,1.8
"5441",2010,"Q-30",60.332465,-176.711935,2.1
"5442",2010,"Q-31",60.33545,-177.398405,2
"5443",2010,"QP2423",60.161525,-172.32524,1.7
"5444",2010,"QP2524",60.15715,-172.987995,0.5
"5445",2010,"QP2625",60.129335,-173.76431,0.4
"5446",2010,"QP2726",60.1739,-174.349825,0.6
"5447",2010,"R-22",60.663625,-171.43985,-1.6
"5448",2010,"R-23",60.66291,-172.117865,-0.7
"5449",2010,"R-24",60.680295,-172.79411,2.5
"5450",2010,"R-25",60.67411,-173.46319,-0.4
"5451",2010,"R-26",60.669525,-174.136195,-0.8
"5452",2010,"R-27",60.6653,-174.817915,1
"5453",2010,"R-28",60.65627,-175.420685,1.4
"5454",2010,"R-29",60.66679,-176.196515,1.7
"5455",2010,"R-30",60.668815,-176.81228,2
"5456",2010,"R-31",60.667765,-177.50715,2
"5457",2010,"R-32",60.6656,-178.20216,2.5
"5458",2010,"S-22",60.98359,-171.4863,-1.4
"5459",2010,"S-23",60.98201,-172.15966,-1.4
"5460",2010,"S-24",61.00067,-172.8103,-1.3
"5461",2010,"S-25",60.99451,-173.491585,-1.4
"5462",2010,"S-26",60.99961,-174.18356,-1.2
"5463",2010,"S-27",61.0023,-174.87745,-0.5
"5464",2010,"S-28",60.993615,-175.568695,1
"5465",2010,"S-29",60.993965,-176.282215,1.7
"5466",2010,"S-30",60.99769,-176.973565,1.9
"5467",2010,"S-31",60.99211,-177.62705,2.1
"5468",2010,"T-25",61.326485,-173.586725,-1.4
"5469",2010,"T-26",61.334325,-174.314775,-1.4
"5470",2010,"T-27",61.3351,-174.97533,-1.2
"5471",2010,"T-28",61.33706,-175.648285,-0.3
"5472",2010,"T-29",61.3281,-176.299385,1.3
"5473",2010,"T-30",61.333585,-176.961585,1.8
"5474",2010,"U-25",61.66335,-173.65225,-1.5
"5475",2010,"U-26",61.66009,-174.443885,-1.4
"5476",2010,"U-27",61.66696,-175.085725,-1.4
"5477",2010,"U-28",61.66355,-175.778075,-1
"5478",2010,"U-29",61.663365,-176.464975,0.5
"5479",2010,"V-25",61.99597,-173.737965,-1.5
"5480",2010,"V-26",62.001265,-174.47745,-1.5
"5481",2010,"V-27",61.99556,-175.17323,-1.5
"5482",2010,"V-28",62.002025,-175.837035,-1.2
"5483",2011,"B-02",55.34602,-166.97281,3.8
"5484",2011,"C-03",55.67496,-166.388725,3.8
"5485",2011,"D-02",56.000975,-167.00634,3.6
"5486",2011,"D-03",56.00155,-166.41409,3.7
"5487",2011,"D-04",56.009195,-165.785035,3.6
"5488",2011,"E-02",56.337275,-167.04085,3.3
"5489",2011,"E-03",56.33095,-166.414815,3.2
"5490",2011,"E-20",56.355925,-169.452935,3.6
"5491",2011,"E-21",56.339115,-170.088845,3.4
"5492",2011,"F-01",56.66125,-167.646925,3
"5493",2011,"F-03",56.66989,-166.44012,2.1
"5494",2011,"F-04",56.644215,-165.819575,2.4
"5495",2011,"F-05",56.66662,-165.22179,2.7
"5496",2011,"F-18",56.660865,-168.299065,3.3
"5497",2011,"F-21",56.66983,-170.098885,3.8
"5498",2011,"F-22",56.673725,-170.73578,3.4
"5499",2011,"G-01",57.000055,-167.69321,3.4
"5500",2011,"G-02",57.0014,-167.08218,3.4
"5501",2011,"G-03",57.007745,-166.460145,1.6
"5502",2011,"G-04",56.98431,-165.84926,1.6
"5503",2011,"G-05",56.997075,-165.2296,1.2
"5504",2011,"G-06",56.99777,-164.602055,2
"5505",2011,"G-07",57.001955,-164.02813,1.2
"5506",2011,"G-18",56.991725,-168.342065,3.4
"5507",2011,"G-19",57.00081,-168.950855,3.1
"5508",2011,"G-22",57.005025,-170.78695,3.1
"5509",2011,"G-24",56.997685,-172.0337,3.4
"5510",2011,"GF1918",56.833515,-168.623565,3.1
"5511",2011,"GF2019",56.829005,-169.264115,3.3
"5512",2011,"GF2221",56.83483,-170.48635,3.2
"5513",2011,"H-01",57.332995,-167.73566,2.6
"5514",2011,"H-02",57.33541,-167.129335,2.1
"5515",2011,"H-03",57.329785,-166.50161,0.7
"5516",2011,"H-04",57.33043,-165.869225,0.4
"5517",2011,"H-05",57.33221,-165.2355,0.2
"5518",2011,"H-06",57.352965,-164.63506,0.8
"5519",2011,"H-18",57.331535,-168.376375,3.3
"5520",2011,"H-20",57.329015,-169.614575,1.4
"5521",2011,"H-23",57.326265,-171.468815,2.9
"5522",2011,"H-24",57.3289,-172.093245,3.1
"5523",2011,"HG2019",57.15973,-169.328765,2.1
"5524",2011,"I-01",57.66673,-167.76701,2.5
"5525",2011,"I-02",57.67584,-167.124775,1.1
"5526",2011,"I-03",57.66709,-166.519905,0.9
"5527",2011,"I-04",57.666025,-165.87991,0.8
"5528",2011,"I-05",57.658325,-165.245615,0.8
"5529",2011,"I-18",57.67131,-168.406035,3.6
"5530",2011,"I-19",57.65537,-169.02817,2.8
"5531",2011,"I-20",57.66843,-169.645615,0.3
"5532",2011,"I-21",57.663135,-170.276935,3.1
"5533",2011,"I-22",57.666075,-170.902955,2.7
"5534",2011,"I-23",57.66863,-171.51975,2.9
"5535",2011,"I-24",57.66561,-172.161745,3.1
"5536",2011,"I-25",57.66928,-172.80262,3.1
"5537",2011,"IH1918",57.50061,-168.75296,3.5
"5538",2011,"IH2019",57.50109,-169.382925,0.7
"5539",2011,"IH2120",57.50159,-170.000345,2.3
"5540",2011,"IH2221",57.500325,-170.57718,2.7
"5541",2011,"J-01",57.997225,-167.815105,1
"5542",2011,"J-02",58.014685,-167.173745,1.1
"5543",2011,"J-18",57.989025,-168.43065,1.7
"5544",2011,"J-19",58.000305,-169.069915,0.6
"5545",2011,"J-20",58.0003,-169.70404,0.1
"5546",2011,"J-21",57.995275,-170.3403,1.4
"5547",2011,"J-22",58.00725,-170.97503,2.4
"5548",2011,"J-23",58.005685,-171.595385,2.5
"5549",2011,"J-24",58.00135,-172.238325,2.8
"5550",2011,"J-25",58.003115,-172.86119,2.9
"5551",2011,"JI1918",57.825065,-168.730215,1.4
"5552",2011,"JI2019",57.83689,-169.360505,0.3
"5553",2011,"JI2120",57.829475,-169.966575,2
"5554",2011,"JI2221",57.83285,-170.61086,2
"5555",2011,"K-01",58.336275,-167.84441,1.6
"5556",2011,"K-18",58.31991,-168.46197,1.2
"5557",2011,"K-19",58.3349,-169.122,1.2
"5558",2011,"K-20",58.336125,-169.74306,1.1
"5559",2011,"K-21",58.33198,-170.38495,0.1
"5560",2011,"K-22",58.336225,-171.01475,1.6
"5561",2011,"K-23",58.34307,-171.652525,1.7
"5562",2011,"K-24",58.33924,-172.2913,2.2
"5563",2011,"K-25",58.335715,-172.92917,2.5
"5564",2011,"K-26",58.344075,-173.5749,2.9
"5565",2011,"K-27",58.33241,-174.2963,3.3
"5566",2011,"L-19",58.67445,-169.15315,1.4
"5567",2011,"L-20",58.66906,-169.7815,1.2
"5568",2011,"L-21",58.673825,-170.4257,-0.4
"5569",2011,"L-22",58.66673,-171.07385,0.7
"5570",2011,"L-23",58.670415,-171.70695,1.5
"5571",2011,"L-24",58.66634,-172.376515,1.9
"5572",2011,"L-25",58.66435,-173.000685,2.5
"5573",2011,"L-26",58.674055,-173.64279,2.9
"5574",2011,"L-27",58.66528,-174.278325,3.2
"5575",2011,"L-28",58.721995,-174.91105,3.2
"5576",2011,"L-30",58.660075,-176.21535,3.2
"5577",2011,"M-18",58.98824,-168.51245,3
"5578",2011,"M-19",59.00326,-169.180885,2.2
"5579",2011,"M-20",59.000935,-169.81514,0.9
"5580",2011,"M-21",59.003735,-170.489485,0.2
"5581",2011,"M-22",59.0035,-171.11465,-0.8
"5582",2011,"M-23",59.004375,-171.784265,1.1
"5583",2011,"M-24",58.9963,-172.43204,1.8
"5584",2011,"M-25",59.007175,-173.084555,2.4
"5585",2011,"M-26",59.013375,-173.7274,2.5
"5586",2011,"M-27",58.998125,-174.370385,2.8
"5587",2011,"M-28",59.00237,-174.989515,2.9
"5588",2011,"M-29",58.99847,-175.72376,2.3
"5589",2011,"M-30",58.997675,-176.304905,2.4
"5590",2011,"M-32",58.998725,-177.587925,3
"5591",2011,"N-20",59.338875,-169.8714,0.7
"5592",2011,"N-21",59.32676,-170.532685,-0.6
"5593",2011,"N-22",59.325775,-171.177285,-0.9
"5594",2011,"N-23",59.337865,-171.83029,-0.5
"5595",2011,"N-24",59.32776,-172.49862,0.9
"5596",2011,"N-25",59.339855,-173.157015,2.1
"5597",2011,"N-26",59.335735,-173.79525,2.3
"5598",2011,"N-27",59.33851,-174.439775,2.6
"5599",2011,"N-28",59.33495,-175.129535,2.3
"5600",2011,"N-29",59.321125,-175.74547,2.1
"5601",2011,"N-30",59.33206,-176.377035,2.2
"5602",2011,"N-31",59.325495,-177.071875,2.6
"5603",2011,"O-21",59.66513,-170.58097,0.2
"5604",2011,"O-22",59.67271,-171.24195,-1.1
"5605",2011,"O-23",59.67475,-171.903165,-0.2
"5606",2011,"O-24",59.6677,-172.563515,0.8
"5607",2011,"O-25",59.673595,-173.250275,0.9
"5608",2011,"O-26",59.66458,-173.869525,2.1
"5609",2011,"O-27",59.66256,-174.44754,2.4
"5610",2011,"O-28",59.673705,-175.102225,2.5
"5611",2011,"O-29",59.65695,-175.855625,2.3
"5612",2011,"O-30",59.672415,-176.573425,2.5
"5613",2011,"O-31",59.66772,-177.15556,3
"5614",2011,"ON2524",59.498765,-172.845595,0.8
"5615",2011,"ON2625",59.50354,-173.49058,1.5
"5616",2011,"P-20",60.00531,-169.96701,0.7
"5617",2011,"P-21",59.996235,-170.626265,-0.3
"5618",2011,"P-22",60.00395,-171.30327,-1.1
"5619",2011,"P-23",59.999785,-171.97314,-1
"5620",2011,"P-24",59.99133,-172.592665,-1
"5621",2011,"P-25",60.003825,-173.26305,0.2
"5622",2011,"P-26",59.993575,-173.95188,1.4
"5623",2011,"P-27",59.997865,-174.590165,1.8
"5624",2011,"P-28",60.004,-175.26426,1.7
"5625",2011,"P-29",60.012515,-175.934425,2.3
"5626",2011,"P-30",60.004225,-176.719535,1.7
"5627",2011,"P-31",60.007175,-177.20361,1.6
"5628",2011,"P-32",60.003175,-177.89746,2.4
"5629",2011,"PO2423",59.839785,-172.24995,-0.1
"5630",2011,"PO2524",59.82541,-172.89496,0.2
"5631",2011,"PO2625",59.83403,-173.56176,0.9
"5632",2011,"PO2726",59.838075,-174.25024,1.9
"5633",2011,"Q-19",60.32971,-169.30202,3.1
"5634",2011,"Q-20",60.33125,-169.985125,1.2
"5635",2011,"Q-21",60.330515,-170.66416,-0.5
"5636",2011,"Q-22",60.341975,-171.356965,-0.6
"5637",2011,"Q-23",60.3324,-172.06321,-0.4
"5638",2011,"Q-25",60.33388,-173.423485,-0.9
"5639",2011,"Q-26",60.336,-174.0685,0.6
"5640",2011,"Q-27",60.326315,-174.701775,1.1
"5641",2011,"Q-28",60.34201,-175.38435,1.6
"5642",2011,"Q-29",60.324465,-176.039635,1.6
"5643",2011,"Q-30",60.33444,-176.735995,1.6
"5644",2011,"Q-31",60.331975,-177.400855,2
"5645",2011,"QP2423",60.161885,-172.3268,1.3
"5646",2011,"QP2524",60.178715,-173.02409,0
"5647",2011,"QP2625",60.12566,-173.76866,0.5
"5648",2011,"QP2726",60.165605,-174.352165,1
"5649",2011,"R-22",60.669275,-171.41678,-0.9
"5650",2011,"R-23",60.66317,-172.108925,-1.1
"5651",2011,"R-24",60.669305,-172.748985,1.6
"5652",2011,"R-25",60.67305,-173.466525,-0.4
"5653",2011,"R-26",60.6755,-174.125875,0.6
"5654",2011,"R-27",60.664275,-174.81323,0.9
"5655",2011,"R-28",60.677375,-175.451035,1.3
"5656",2011,"R-29",60.666625,-176.192525,1.3
"5657",2011,"R-30",60.66634,-176.798535,1.5
"5658",2011,"R-31",60.66485,-177.50719,1.9
"5659",2011,"R-32",60.67136,-178.18254,2.3
"5660",2011,"S-22",60.997615,-171.4781,-1.1
"5661",2011,"S-23",60.998075,-172.147695,-1.2
"5662",2011,"S-24",60.99991,-172.8257,-1.2
"5663",2011,"S-25",61.003975,-173.50249,-0.3
"5664",2011,"S-26",60.99916,-174.187325,0.3
"5665",2011,"S-27",60.993825,-174.86644,0.7
"5666",2011,"S-28",60.998615,-175.54015,1.1
"5667",2011,"S-29",60.99927,-176.30275,1.1
"5668",2011,"S-30",61.00704,-176.983555,1.1
"5669",2011,"S-31",61.003375,-177.6169,1.5
"5670",2011,"T-25",61.33583,-173.576035,-1
"5671",2011,"T-26",61.334925,-174.3135,-0.6
"5672",2011,"T-27",61.340745,-174.97727,0.6
"5673",2011,"T-28",61.3318,-175.6591,0.9
"5674",2011,"T-29",61.335115,-176.2996,1
"5675",2011,"T-30",61.34005,-176.96505,1.1
"5676",2011,"U-25",61.66785,-173.661675,-1.3
"5677",2011,"U-26",61.66294,-174.433525,-0.1
"5678",2011,"U-27",61.682395,-175.071315,0.4
"5679",2011,"U-28",61.66122,-175.793315,0.6
"5680",2011,"U-29",61.67185,-176.46123,0.8
"5681",2011,"V-25",62.000675,-173.748725,-1.6
"5682",2011,"V-26",62.010245,-174.49755,-1.6
"5683",2011,"V-27",61.99758,-175.17705,0.1
"5684",2011,"V-28",62.00097,-175.833725,0.6
"5685",2012,"B-02",55.3439,-166.9672,3
"5686",2012,"C-06",55.659925,-164.5927,1.6
"5687",2012,"C-18",55.66689,-168.19516,3.1
"5688",2012,"D-04",56.001285,-165.78539,2.6
"5689",2012,"E-02",56.32685,-167.033875,2.4
"5690",2012,"E-03",56.348175,-166.416175,1.9
"5691",2012,"E-21",56.33107,-170.060165,2.6
"5692",2012,"F-02",56.66315,-167.069975,1
"5693",2012,"F-05",56.66439,-165.203525,-0.2
"5694",2012,"F-18",56.662375,-168.29911,1.7
"5695",2012,"F-19",56.675595,-168.91443,1.1
"5696",2012,"F-23",56.65254,-171.350515,2.9
"5697",2012,"G-01",56.996435,-167.70525,0.2
"5698",2012,"G-02",56.996845,-167.095975,-0.5
"5699",2012,"G-03",57.00918,-166.463175,-0.6
"5700",2012,"G-04",56.99854,-165.86057,-1
"5701",2012,"G-05",56.98338,-165.22915,-0.8
"5702",2012,"G-06",57.00142,-164.616575,-0.9
"5703",2012,"G-08",57.0019,-163.393745,-0.5
"5704",2012,"G-18",57.00312,-168.352065,0.3
"5705",2012,"G-19",57.00012,-168.95629,0
"5706",2012,"G-20",56.9975,-169.574985,-0.1
"5707",2012,"G-21",57.00226,-170.163225,1.2
"5708",2012,"G-23",56.99958,-171.40255,2.4
"5709",2012,"G-24",57.001075,-172.0335,2.7
"5710",2012,"GF2019",56.83465,-169.302225,-0.2
"5711",2012,"H-01",57.326935,-167.73854,-0.4
"5712",2012,"H-02",57.3344,-167.12533,-0.8
"5713",2012,"H-03",57.334535,-166.487615,-0.8
"5714",2012,"H-04",57.3312,-165.871165,-0.3
"5715",2012,"H-05",57.33482,-165.23293,-0.5
"5716",2012,"H-06",57.334895,-164.625675,0.2
"5717",2012,"H-18",57.33664,-168.37111,-0.1
"5718",2012,"H-19",57.3429,-168.98755,0
"5719",2012,"H-20",57.33565,-169.60091,0
"5720",2012,"H-22",57.348475,-170.8337,1.2
"5721",2012,"H-23",57.331115,-171.475375,1.9
"5722",2012,"H-24",57.34563,-172.10616,1.7
"5723",2012,"H-25",57.344515,-172.81457,2.1
"5724",2012,"HG1918",57.170935,-168.623615,-0.1
"5725",2012,"HG2019",57.16466,-169.32011,-0.3
"5726",2012,"I-01",57.65845,-167.769965,0.5
"5727",2012,"I-02",57.669765,-167.148475,0.5
"5728",2012,"I-03",57.67309,-166.520505,0.4
"5729",2012,"I-04",57.668525,-165.887035,0.3
"5730",2012,"I-05",57.65855,-165.24205,0.4
"5731",2012,"I-18",57.664085,-168.40468,0.5
"5732",2012,"I-19",57.6691,-169.02209,0.1
"5733",2012,"I-20",57.658895,-169.652085,-0.6
"5734",2012,"I-21",57.668,-170.280515,-0.2
"5735",2012,"I-22",57.673525,-170.8958,0.6
"5736",2012,"I-23",57.66262,-171.51324,1.2
"5737",2012,"I-24",57.663645,-172.159385,1.3
"5738",2012,"I-25",57.668765,-172.795915,1.6
"5739",2012,"I-26",57.6917,-173.39912,2.5
"5740",2012,"IH1918",57.49775,-168.747435,0.2
"5741",2012,"IH2019",57.50249,-169.36644,0.4
"5742",2012,"IH2120",57.498825,-169.98315,-0.2
"5743",2012,"IH2221",57.495965,-170.585185,0.6
"5744",2012,"J-01",57.993235,-167.80035,0.4
"5745",2012,"J-02",57.99985,-167.159435,0.5
"5746",2012,"J-03",57.9995,-166.52751,0.7
"5747",2012,"J-04",58.00486,-165.896885,1.2
"5748",2012,"J-18",58.000585,-168.42607,0.3
"5749",2012,"J-19",58.000195,-169.08831,-0.2
"5750",2012,"J-20",58.003235,-169.7032,-0.2
"5751",2012,"J-21",57.998215,-170.34214,-0.6
"5752",2012,"J-22",58.00464,-170.979555,-0.6
"5753",2012,"J-23",58.000535,-171.62036,0.8
"5754",2012,"J-24",58.002675,-172.253395,1.1
"5755",2012,"J-25",57.99724,-172.877725,1.1
"5756",2012,"J-26",57.997225,-173.502715,1.8
"5757",2012,"JI1918",57.825585,-168.733675,0
"5758",2012,"JI2019",57.83149,-169.357005,0
"5759",2012,"JI2120",57.814855,-170.00684,-0.4
"5760",2012,"JI2221",57.833155,-170.614825,-0.2
"5761",2012,"K-01",58.317755,-167.83193,1.1
"5762",2012,"K-18",58.34066,-168.47629,0.7
"5763",2012,"K-19",58.335055,-169.105265,-0.1
"5764",2012,"K-20",58.33435,-169.739945,-0.6
"5765",2012,"K-21",58.324215,-170.396265,-0.6
"5766",2012,"K-22",58.3374,-171.0261,-1.3
"5767",2012,"K-23",58.33975,-171.6567,0.1
"5768",2012,"K-24",58.32911,-172.300155,0.4
"5769",2012,"K-25",58.33056,-172.932895,0.7
"5770",2012,"K-26",58.33153,-173.56738,1.6
"5771",2012,"K-27",58.33396,-174.304175,2.6
"5772",2012,"L-18",58.663155,-168.517625,1.1
"5773",2012,"L-19",58.65937,-169.14549,0
"5774",2012,"L-20",58.666695,-169.78894,-0.4
"5775",2012,"L-21",58.670175,-170.4379,-0.9
"5776",2012,"L-22",58.6673,-171.08376,-1.1
"5777",2012,"L-23",58.67008,-171.713745,-1.1
"5778",2012,"L-24",58.68394,-172.36229,-0.5
"5779",2012,"L-25",58.666985,-173.00396,0.8
"5780",2012,"L-26",58.666835,-173.62955,1.5
"5781",2012,"L-27",58.669445,-174.269395,1.9
"5782",2012,"L-29",58.667575,-175.54894,1.9
"5783",2012,"M-18",58.992445,-168.5417,-1.2
"5784",2012,"M-19",59.00689,-169.1713,-1.3
"5785",2012,"M-20",59.00476,-169.822015,-1
"5786",2012,"M-21",59.00089,-170.48655,-1.2
"5787",2012,"M-22",58.99957,-171.13016,-1.3
"5788",2012,"M-23",59.01269,-171.790865,-1
"5789",2012,"M-24",58.994305,-172.432635,-0.6
"5790",2012,"M-25",58.99813,-173.0896,0.3
"5791",2012,"M-26",59.00176,-173.72809,0.9
"5792",2012,"M-27",59.00231,-174.36974,1.4
"5793",2012,"M-28",59.00085,-175.025975,1.4
"5794",2012,"M-29",58.9998,-175.733285,1.7
"5795",2012,"M-30",58.99912,-176.3053,1.1
"5796",2012,"M-31",59.00033,-176.94913,1.6
"5797",2012,"N-18",59.335135,-168.576015,-1.2
"5798",2012,"N-19",59.337005,-169.237525,-1.3
"5799",2012,"N-20",59.34233,-169.871625,-1.4
"5800",2012,"N-21",59.3323,-170.539275,-1.4
"5801",2012,"N-22",59.33295,-171.183665,-1.4
"5802",2012,"N-23",59.33996,-171.843425,-1.1
"5803",2012,"N-24",59.334405,-172.51705,-0.8
"5804",2012,"N-25",59.33529,-173.16685,-0.1
"5805",2012,"N-27",59.333125,-174.44357,1.1
"5806",2012,"N-28",59.32384,-175.10441,1.4
"5807",2012,"N-29",59.3346,-175.750135,1.7
"5808",2012,"N-30",59.347195,-176.38624,1.2
"5809",2012,"N-31",59.330125,-177.053295,1.6
"5810",2012,"O-18",59.665475,-168.618045,-1
"5811",2012,"O-19",59.6703,-169.265855,-1.3
"5812",2012,"O-20",59.671485,-169.923575,-1.4
"5813",2012,"O-21",59.66584,-170.587055,-1.5
"5814",2012,"O-22",59.66555,-171.253495,-1.5
"5815",2012,"O-23",59.66885,-171.92225,-1.3
"5816",2012,"O-24",59.66505,-172.56766,-1.2
"5817",2012,"O-25",59.67461,-173.25936,-0.7
"5818",2012,"O-26",59.666205,-173.86171,0.3
"5819",2012,"O-27",59.66675,-174.460335,0.6
"5820",2012,"O-28",59.64946,-175.110815,1
"5821",2012,"O-29",59.667425,-175.861755,1.7
"5822",2012,"O-30",59.68535,-176.546285,1
"5823",2012,"O-31",59.66785,-177.142395,2.1
"5824",2012,"ON2524",59.50729,-172.912795,-0.6
"5825",2012,"ON2625",59.499975,-173.50504,0.1
"5826",2012,"P-19",59.99924,-169.32185,-1.2
"5827",2012,"P-20",60.000625,-169.972465,-1.4
"5828",2012,"P-21",59.98832,-170.636915,-1.5
"5829",2012,"P-22",59.999375,-171.320775,-1.5
"5830",2012,"P-23",60.00045,-171.966065,-1.5
"5831",2012,"P-24",59.989225,-172.585505,-1.4
"5832",2012,"P-25",60.0051,-173.25834,-1.1
"5833",2012,"P-26",59.99915,-173.967415,-0.1
"5834",2012,"P-27",59.99615,-174.59635,0.4
"5835",2012,"P-28",59.98701,-175.27452,0.8
"5836",2012,"P-30",60.00035,-176.714775,0.9
"5837",2012,"P-31",60.00173,-177.216095,0.6
"5838",2012,"P-32",60.00309,-177.896055,0.9
"5839",2012,"PO2423",59.83696,-172.2527,-1.3
"5840",2012,"PO2524",59.82405,-172.889225,-1.2
"5841",2012,"PO2625",59.83124,-173.569085,-0.6
"5842",2012,"PO2726",59.83193,-174.24326,0.4
"5843",2012,"Q-18",60.3349,-168.674415,-0.1
"5844",2012,"Q-19",60.32902,-169.33349,-1.1
"5845",2012,"Q-20",60.331425,-170.02356,-1.3
"5846",2012,"Q-21",60.331525,-170.66203,-1.4
"5847",2012,"Q-22",60.33335,-171.34822,-1.6
"5848",2012,"Q-23",60.33642,-172.0577,-1.4
"5849",2012,"Q-25",60.29105,-173.376375,-1.4
"5850",2012,"Q-26",60.332195,-174.072625,-0.9
"5851",2012,"Q-27",60.333655,-174.712465,0
"5852",2012,"Q-28",60.32943,-175.38922,0.8
"5853",2012,"Q-29",60.33065,-176.045905,1.3
"5854",2012,"Q-30",60.335625,-176.756975,1.1
"5855",2012,"Q-31",60.356175,-177.37275,0.7
"5856",2012,"QP2423",60.173665,-172.32455,-0.5
"5857",2012,"QP2524",60.1547,-172.973195,-1.4
"5858",2012,"QP2625",60.12626,-173.760885,-1.1
"5859",2012,"QP2726",60.1732,-174.354775,-0.1
"5860",2012,"R-22",60.658625,-171.428945,-1.5
"5861",2012,"R-23",60.668405,-172.10931,-1.3
"5862",2012,"R-24",60.67418,-172.78001,0
"5863",2012,"R-25",60.66565,-173.4666,-1.4
"5864",2012,"R-26",60.66947,-174.130485,-0.9
"5865",2012,"R-27",60.663275,-174.831745,-0.5
"5866",2012,"R-28",60.66731,-175.458285,0.3
"5867",2012,"R-29",60.668765,-176.20336,0.9
"5868",2012,"R-30",60.668365,-176.802375,0.7
"5869",2012,"R-31",60.663555,-177.47281,0.6
"5870",2012,"R-32",60.67124,-178.188395,1.3
"5871",2012,"S-22",60.97687,-171.489915,-1.5
"5872",2012,"S-23",61.000675,-172.172245,-1.3
"5873",2012,"S-24",61.001905,-172.8191,-1.5
"5874",2012,"S-25",61.003485,-173.49805,-1.6
"5875",2012,"S-26",60.977485,-174.165915,-1.5
"5876",2012,"S-27",61.002025,-174.89482,-1.4
"5877",2012,"S-28",60.98999,-175.53927,-1.3
"5878",2012,"S-29",61.002145,-176.276505,-0.1
"5879",2012,"S-30",61.00491,-176.96385,0.4
"5880",2012,"S-31",61.00041,-177.635425,0.7
"5881",2012,"T-25",61.330335,-173.589945,-1.6
"5882",2012,"T-26",61.31778,-174.315975,-1.6
"5883",2012,"T-27",61.330315,-175.00491,-1.3
"5884",2012,"T-28",61.336735,-175.66411,-1
"5885",2012,"T-29",61.334725,-176.30656,-0.8
"5886",2012,"T-30",61.336965,-176.98085,-0.7
"5887",2012,"U-25",61.65921,-173.65858,-1.7
"5888",2012,"U-26",61.671375,-174.442685,-1.6
"5889",2012,"U-27",61.665845,-175.09204,-1
"5890",2012,"U-28",61.668025,-175.786825,-0.6
"5891",2012,"U-29",61.66836,-176.4624,-0.4
"5892",2012,"V-25",61.98441,-173.738435,-1.6
"5893",2012,"V-26",61.9953,-174.46976,-1.6
"5894",2012,"V-27",62.001675,-175.165105,-1.4
"5895",2012,"V-28",61.9999,-175.8159,-0.9
"5896",2013,"B-02",55.330045,-166.96195,3.7
"5897",2013,"C-03",55.680845,-166.38771,3.6
"5898",2013,"D-02",56.000635,-167.00415,3.8
"5899",2013,"D-03",55.99787,-166.39974,3.5
"5900",2013,"D-04",56.002675,-165.779685,3.3
"5901",2013,"D-05",55.99833,-165.179285,1.7
"5902",2013,"E-01",56.34308,-167.65028,3.7
"5903",2013,"E-02",56.3352,-167.03206,3.4
"5904",2013,"E-03",56.324335,-166.41348,3
"5905",2013,"E-04",56.33062,-165.803425,1.6
"5906",2013,"E-05",56.330115,-165.20321,1.1
"5907",2013,"E-18",56.334605,-168.25853,3.7
"5908",2013,"E-20",56.36622,-169.439285,3.6
"5909",2013,"E-21",56.33737,-170.048295,3.3
"5910",2013,"E-22",56.32609,-170.675495,3.9
"5911",2013,"F-01",56.671945,-167.675715,1.5
"5912",2013,"F-02",56.67224,-167.05801,1.2
"5913",2013,"F-04",56.65726,-165.85302,0.3
"5914",2013,"F-05",56.66507,-165.223495,0.2
"5915",2013,"F-18",56.656595,-168.27706,1.5
"5916",2013,"F-19",56.673945,-168.920955,2.1
"5917",2013,"F-21",56.66088,-170.105475,2.2
"5918",2013,"F-24",56.67685,-171.97316,3.7
"5919",2013,"G-01",56.998575,-167.70929,0.9
"5920",2013,"G-02",56.99834,-167.09449,1.1
"5921",2013,"G-03",56.997435,-166.46272,0.6
"5922",2013,"G-04",57.000855,-165.8752,0.4
"5923",2013,"G-05",56.994155,-165.22177,0.1
"5924",2013,"G-18",56.992355,-168.34864,1
"5925",2013,"G-20",56.991355,-169.557365,0.5
"5926",2013,"G-22",56.997765,-170.783585,2
"5927",2013,"G-23",56.997895,-171.38874,3
"5928",2013,"G-24",56.995435,-172.03518,3.6
"5929",2013,"GF1918",56.82943,-168.625225,1.3
"5930",2013,"GF2120",56.84354,-169.913015,2.4
"5931",2013,"H-01",57.329815,-167.759115,0.1
"5932",2013,"H-02",57.32507,-167.117365,0.2
"5933",2013,"H-03",57.326845,-166.48358,0.5
"5934",2013,"H-04",57.34512,-165.862195,0.8
"5935",2013,"H-05",57.333855,-165.229115,-0.2
"5936",2013,"H-06",57.32937,-164.62375,-0.2
"5937",2013,"H-18",57.323355,-168.36676,0.4
"5938",2013,"H-19",57.33169,-168.991015,0.7
"5939",2013,"H-20",57.325195,-169.598305,0
"5940",2013,"H-22",57.342645,-170.85282,2
"5941",2013,"H-23",57.32794,-171.467985,2.1
"5942",2013,"H-24",57.34075,-172.097385,3.6
"5943",2013,"HG2019",57.156275,-169.327635,0.2
"5944",2013,"I-01",57.666925,-167.75435,0.6
"5945",2013,"I-02",57.67497,-167.13178,0.8
"5946",2013,"I-03",57.663505,-166.504255,1
"5947",2013,"I-04",57.683925,-165.86727,1
"5948",2013,"I-18",57.669155,-168.398335,0.2
"5949",2013,"I-19",57.658785,-169.034385,-0.2
"5950",2013,"I-20",57.666325,-169.643095,-0.5
"5951",2013,"I-21",57.66733,-170.26808,1.5
"5952",2013,"I-22",57.662235,-170.89491,2.2
"5953",2013,"I-23",57.674105,-171.53992,2.2
"5954",2013,"I-24",57.66716,-172.168755,2.8
"5955",2013,"I-25",57.669305,-172.79976,3
"5956",2013,"IH1918",57.501325,-168.751595,0.1
"5957",2013,"IH2019",57.50543,-169.37648,-0.1
"5958",2013,"IH2120",57.49204,-169.97234,1.9
"5959",2013,"J-01",58.00143,-167.81684,0.8
"5960",2013,"J-02",57.99978,-167.17227,1
"5961",2013,"J-18",58.000865,-168.42203,0.3
"5962",2013,"J-19",58.00103,-169.056785,-0.2
"5963",2013,"J-20",57.99451,-169.70899,-0.4
"5964",2013,"J-21",58.000255,-170.331885,-0.9
"5965",2013,"J-22",57.992965,-170.96359,1.4
"5966",2013,"J-23",57.9946,-171.60179,1.9
"5967",2013,"J-24",58.0017,-172.2373,2.3
"5968",2013,"J-25",58.00374,-172.860265,2.5
"5969",2013,"J-26",57.997295,-173.494865,3.1
"5970",2013,"JI1918",57.82527,-168.736685,0
"5971",2013,"JI2019",57.834305,-169.379,0.2
"5972",2013,"JI2120",57.838235,-169.983705,-0.6
"5973",2013,"JI2221",57.83444,-170.61729,1.5
"5974",2013,"K-01",58.33743,-167.846925,1.2
"5975",2013,"K-18",58.33459,-168.4629,1
"5976",2013,"K-19",58.3329,-169.128665,0.3
"5977",2013,"K-20",58.332965,-169.732425,-0.5
"5978",2013,"K-21",58.336115,-170.389185,-1.1
"5979",2013,"K-22",58.348405,-171.0023,-0.1
"5980",2013,"K-23",58.3322,-171.64256,1.1
"5981",2013,"K-24",58.325675,-172.297105,1.5
"5982",2013,"K-25",58.33256,-172.92171,1.8
"5983",2013,"K-26",58.329125,-173.57002,2.5
"5984",2013,"K-27",58.34469,-174.310095,2.8
"5985",2013,"L-19",58.667825,-169.15704,0.1
"5986",2013,"L-20",58.664565,-169.794865,-0.7
"5987",2013,"L-21",58.665505,-170.434755,-1.3
"5988",2013,"L-22",58.671045,-171.07802,-1.2
"5989",2013,"L-23",58.666975,-171.7158,0.6
"5990",2013,"L-24",58.672975,-172.374345,0.9
"5991",2013,"L-25",58.67346,-172.987385,1.8
"5992",2013,"L-26",58.6616,-173.62722,2.5
"5993",2013,"L-27",58.67362,-174.272255,2.8
"5994",2013,"L-29",58.66866,-175.531825,2.7
"5995",2013,"M-19",59.015785,-169.181205,1.9
"5996",2013,"M-20",58.99732,-169.835145,-0.8
"5997",2013,"M-21",59,-170.47938,-1.2
"5998",2013,"M-22",59.00576,-171.12223,-1.4
"5999",2013,"M-23",58.9955,-171.784415,-1.2
"6000",2013,"M-25",58.999285,-173.065045,1.6
"6001",2013,"M-26",58.992495,-173.709615,2
"6002",2013,"M-27",59.00489,-174.373385,2.2
"6003",2013,"M-28",58.99572,-175.025755,2.5
"6004",2013,"M-29",58.996095,-175.722505,2
"6005",2013,"M-30",58.99652,-176.3291,2.1
"6006",2013,"M-32",59.000235,-177.59352,2
"6007",2013,"N-19",59.335945,-169.24224,2
"6008",2013,"N-20",59.33259,-169.8613,-0.5
"6009",2013,"N-21",59.332485,-170.538805,-1.3
"6010",2013,"N-22",59.332185,-171.169475,-1.4
"6011",2013,"N-23",59.33712,-171.8354,-1.3
"6012",2013,"N-24",59.332955,-172.505165,-0.7
"6013",2013,"N-25",59.33133,-173.14486,0.4
"6014",2013,"N-26",59.332555,-173.793535,1
"6015",2013,"N-27",59.33851,-174.446715,1.7
"6016",2013,"N-28",59.33211,-175.10956,2
"6017",2013,"N-31",59.33056,-177.07064,1.8
"6018",2013,"O-20",59.666475,-169.923995,-0.1
"6019",2013,"O-21",59.67307,-170.59376,-1.5
"6020",2013,"O-22",59.665725,-171.2584,-1.5
"6021",2013,"O-23",59.668465,-171.897695,-1.4
"6022",2013,"O-24",59.66665,-172.551105,-1.3
"6023",2013,"O-25",59.682245,-173.24139,-0.2
"6024",2013,"O-26",59.659925,-173.870035,0.7
"6025",2013,"O-27",59.670575,-174.4537,1.1
"6026",2013,"O-28",59.66692,-175.129035,1.6
"6027",2013,"O-29",59.67691,-175.85521,1.7
"6028",2013,"O-30",59.66664,-176.532285,1.6
"6029",2013,"O-31",59.661045,-177.12254,1.8
"6030",2013,"ON2524",59.50137,-172.885395,-0.6
"6031",2013,"ON2625",59.497755,-173.50272,0.8
"6032",2013,"P-20",60.00289,-169.950005,-0.9
"6033",2013,"P-21",60.007255,-170.61375,-1.4
"6034",2013,"P-22",59.99825,-171.312885,-1.6
"6035",2013,"P-23",60.002775,-171.96749,-1.5
"6036",2013,"P-24",59.98886,-172.583105,-1.4
"6037",2013,"P-25",60.00554,-173.27098,-1.3
"6038",2013,"P-26",59.997405,-173.942505,-0.8
"6039",2013,"P-27",60.01186,-174.60775,0.5
"6040",2013,"P-28",59.99574,-175.24568,1
"6041",2013,"P-29",60.0106,-175.93554,1.3
"6042",2013,"P-30",60.026225,-176.680475,1.4
"6043",2013,"P-31",60.003475,-177.21128,1.4
"6044",2013,"P-32",60.00322,-177.911055,1.6
"6045",2013,"PO2423",59.83482,-172.24537,-1.4
"6046",2013,"PO2524",59.83139,-172.92008,-1.2
"6047",2013,"PO2625",59.828995,-173.58677,0.1
"6048",2013,"PO2726",59.832035,-174.23475,0.9
"6049",2013,"Q-20",60.33089,-170.02305,-1.3
"6050",2013,"Q-21",60.334575,-170.651285,-1.5
"6051",2013,"Q-22",60.325995,-171.378335,-1.3
"6052",2013,"Q-23",60.33519,-172.06416,-1.5
"6053",2013,"Q-25",60.29622,-173.37991,-0.8
"6054",2013,"Q-26",60.338585,-174.074735,-1.1
"6055",2013,"Q-27",60.333795,-174.716285,0.2
"6056",2013,"Q-28",60.33745,-175.38624,0.6
"6057",2013,"Q-29",60.32941,-176.023725,1
"6058",2013,"Q-30",60.33622,-176.71753,1.2
"6059",2013,"QP2423",60.162775,-172.327945,0.7
"6060",2013,"QP2524",60.176345,-173.019525,-0.6
"6061",2013,"QP2625",60.12606,-173.766385,-1.2
"6062",2013,"R-22",60.6638,-171.42676,-1.5
"6063",2013,"R-23",60.66501,-172.10277,-1.6
"6064",2013,"R-24",60.66075,-172.74584,0.8
"6065",2013,"R-25",60.670155,-173.463305,-1
"6066",2013,"R-26",60.66789,-174.13099,-1.2
"6067",2013,"R-27",60.665315,-174.819205,-0.7
"6068",2013,"R-28",60.65957,-175.466345,0.1
"6069",2013,"R-29",60.67879,-176.205405,0.8
"6070",2013,"R-30",60.67483,-176.81335,1.2
"6071",2013,"R-31",60.6688,-177.503395,1.2
"6072",2013,"R-32",60.67334,-178.162795,1.4
"6073",2013,"S-22",60.98754,-171.482635,-1.6
"6074",2013,"S-23",60.99801,-172.156775,-1.5
"6075",2013,"S-24",60.999065,-172.82073,-1.6
"6076",2013,"S-25",60.999215,-173.50124,-1.5
"6077",2013,"S-26",60.994175,-174.180445,-1.5
"6078",2013,"S-27",61.01101,-174.877095,-1.5
"6079",2013,"S-29",61.001795,-176.26744,0.3
"6080",2013,"S-30",61.001155,-176.97249,0.8
"6081",2013,"S-31",60.99926,-177.632745,1.3
"6082",2013,"T-25",61.32789,-173.58338,-1.6
"6083",2013,"T-26",61.33006,-174.33429,-1.6
"6084",2013,"T-27",61.324125,-175.013085,-1.6
"6085",2013,"T-28",61.33615,-175.65767,-1.4
"6086",2013,"T-29",61.337745,-176.30356,-0.8
"6087",2013,"T-30",61.326605,-176.952305,0.9
"6088",2013,"U-25",61.66582,-173.66915,-1.7
"6089",2013,"U-26",61.661235,-174.43513,-1.6
"6090",2013,"U-27",61.666535,-175.08708,-1.6
"6091",2013,"U-28",61.66265,-175.76934,-1.2
"6092",2013,"U-29",61.664085,-176.468395,-0.9
"6093",2013,"V-25",61.98779,-173.74215,-1.6
"6094",2013,"V-26",62.0011,-174.475535,-1.7
"6095",2013,"V-27",62.00067,-175.17256,-1.6
"6096",2013,"V-28",62.000555,-175.82891,-1.4
"6097",2014,"C-02",55.6749,-166.98966,4.1
"6098",2014,"C-05",55.683445,-165.176745,4
"6099",2014,"D-01",56.010235,-167.61225,4.2
"6100",2014,"D-02",55.99536,-167.003215,4
"6101",2014,"D-03",55.997945,-166.394775,4
"6102",2014,"D-04",56.00214,-165.782525,4
"6103",2014,"D-05",55.991485,-165.1762,3.9
"6104",2014,"D-18",56.00427,-168.238815,4.4
"6105",2014,"E-01",56.3429,-167.65526,4
"6106",2014,"E-02",56.33444,-167.019185,3.9
"6107",2014,"E-03",56.33331,-166.417895,3.8
"6108",2014,"E-18",56.33913,-168.2228,4.3
"6109",2014,"E-19",56.3348,-168.88161,4.2
"6110",2014,"E-20",56.35596,-169.455425,4.1
"6111",2014,"E-21",56.336185,-170.051585,3.8
"6112",2014,"E-22",56.345085,-170.68351,4.2
"6113",2014,"F-01",56.68282,-167.665005,3.2
"6114",2014,"F-02",56.66428,-167.06828,3.1
"6115",2014,"F-03",56.661445,-166.44135,3.5
"6116",2014,"F-04",56.66221,-165.834075,3.2
"6117",2014,"F-18",56.66468,-168.284705,3.6
"6118",2014,"F-19",56.661955,-168.912415,3.2
"6119",2014,"F-22",56.676805,-170.7325,4.1
"6120",2014,"F-23",56.67455,-171.34966,4.2
"6121",2014,"G-01",57.00278,-167.694385,3.2
"6122",2014,"G-03",56.99334,-166.458965,3.3
"6123",2014,"G-18",57.009895,-168.3306,3.1
"6124",2014,"G-19",57.002665,-168.9684,3.2
"6125",2014,"G-22",57.00098,-170.78367,3.9
"6126",2014,"G-23",56.999075,-171.38639,3.8
"6127",2014,"G-24",56.998155,-172.035595,4.1
"6128",2014,"GF1918",56.82604,-168.621145,3
"6129",2014,"H-01",57.334575,-167.73573,3.2
"6130",2014,"H-02",57.32381,-167.14557,3.3
"6131",2014,"H-20",57.34629,-169.613685,2.9
"6132",2014,"H-23",57.335885,-171.46787,3.6
"6133",2014,"H-24",57.33387,-172.096345,3.7
"6134",2014,"HG2019",57.17154,-169.32103,3.6
"6135",2014,"I-01",57.67003,-167.76784,3.4
"6136",2014,"I-02",57.667545,-167.11428,3.2
"6137",2014,"I-03",57.659605,-166.49896,3
"6138",2014,"I-18",57.65801,-168.400925,2.8
"6139",2014,"I-19",57.666995,-169.031945,2.6
"6140",2014,"I-20",57.666025,-169.64877,2.8
"6141",2014,"I-21",57.676,-170.296465,2.8
"6142",2014,"I-22",57.68529,-170.894085,3.4
"6143",2014,"I-23",57.67772,-171.523475,3.1
"6144",2014,"I-24",57.672325,-172.167495,2.9
"6145",2014,"I-25",57.661045,-172.79631,3.2
"6146",2014,"IH1918",57.49704,-168.74823,3
"6147",2014,"IH2019",57.501095,-169.364675,3.2
"6148",2014,"IH2120",57.500655,-169.967995,2.7
"6149",2014,"IH2221",57.504855,-170.59171,3.6
"6150",2014,"J-01",57.999325,-167.812145,2.8
"6151",2014,"J-02",57.99574,-167.16997,2.8
"6152",2014,"J-18",58,-168.428085,2.7
"6153",2014,"J-19",58.005135,-169.078325,1.8
"6154",2014,"J-20",57.998625,-169.70011,2.3
"6155",2014,"J-21",58.00066,-170.341665,1.5
"6156",2014,"J-22",57.995845,-170.96278,3.3
"6157",2014,"J-23",58.00407,-171.58972,3
"6158",2014,"J-24",58.00318,-172.23821,2.9
"6159",2014,"J-25",57.98768,-172.864335,2.6
"6160",2014,"J-26",58.00386,-173.486175,3.2
"6161",2014,"JI1918",57.830815,-168.742475,2.6
"6162",2014,"JI2019",57.82656,-169.365135,2.4
"6163",2014,"JI2120",57.833445,-169.986835,1.7
"6164",2014,"JI2221",57.83765,-170.613505,3.3
"6165",2014,"K-01",58.333505,-167.834895,1.8
"6166",2014,"K-18",58.33527,-168.46385,1.9
"6167",2014,"K-19",58.3399,-169.10131,1.4
"6168",2014,"K-20",58.336795,-169.73306,1.7
"6169",2014,"K-21",58.337155,-170.38536,1.6
"6170",2014,"K-22",58.336695,-171.01407,1.5
"6171",2014,"K-23",58.34434,-171.66061,2.6
"6172",2014,"K-24",58.333305,-172.29806,2.5
"6173",2014,"K-25",58.318555,-172.919725,2.6
"6174",2014,"K-26",58.32755,-173.56924,3.1
"6175",2014,"L-20",58.66502,-169.78299,1.1
"6176",2014,"L-21",58.661125,-170.433095,1
"6177",2014,"L-22",58.670805,-171.08113,0.7
"6178",2014,"L-23",58.67152,-171.716825,1.1
"6179",2014,"L-25",58.661895,-172.99073,2.5
"6180",2014,"L-26",58.672405,-173.622095,2.9
"6181",2014,"L-27",58.66326,-174.278855,3.8
"6182",2014,"L-29",58.662925,-175.516205,3
"6183",2014,"L-31",58.66594,-176.869555,2.6
"6184",2014,"M-20",58.99466,-169.837595,0.7
"6185",2014,"M-21",59.01777,-170.48507,0.3
"6186",2014,"M-22",58.992095,-171.12288,0.2
"6187",2014,"M-23",59.00415,-171.77819,0.4
"6188",2014,"M-24",58.998845,-172.42659,1.6
"6189",2014,"M-25",59.003555,-173.07881,2.1
"6190",2014,"M-26",59.00429,-173.72003,2.4
"6191",2014,"M-27",58.993205,-174.36506,2.7
"6192",2014,"M-28",59.00443,-175.02662,2.9
"6193",2014,"M-29",58.97771,-175.724715,2.3
"6194",2014,"M-30",58.99395,-176.308235,2.5
"6195",2014,"N-19",59.31679,-169.234205,1.7
"6196",2014,"N-20",59.33895,-169.87188,0.2
"6197",2014,"N-21",59.322735,-170.53761,-0.2
"6198",2014,"N-22",59.32698,-171.173965,-0.1
"6199",2014,"N-23",59.348415,-171.825525,0.1
"6200",2014,"N-24",59.33251,-172.501725,0.8
"6201",2014,"N-25",59.334235,-173.15712,2
"6202",2014,"N-26",59.34082,-173.778975,2.2
"6203",2014,"N-27",59.328805,-174.44877,2.4
"6204",2014,"N-28",59.32482,-175.107265,2.4
"6205",2014,"N-29",59.3365,-175.75016,2.1
"6206",2014,"N-31",59.335575,-177.05774,3
"6207",2014,"O-18",59.662645,-168.58644,1.4
"6208",2014,"O-20",59.67728,-169.91872,0.2
"6209",2014,"O-21",59.673335,-170.58064,-0.5
"6210",2014,"O-22",59.662995,-171.253165,-0.2
"6211",2014,"O-23",59.672205,-171.89492,0
"6212",2014,"O-24",59.665695,-172.57744,0.4
"6213",2014,"O-25",59.667915,-173.23412,1.2
"6214",2014,"O-26",59.66823,-173.87046,2.2
"6215",2014,"O-27",59.666455,-174.44471,2.3
"6216",2014,"O-28",59.66764,-175.123845,2.3
"6217",2014,"O-29",59.66631,-175.85974,2
"6218",2014,"O-30",59.67985,-176.562905,2.2
"6219",2014,"O-31",59.67004,-177.147735,2.8
"6220",2014,"ON2524",59.49608,-172.876015,1.5
"6221",2014,"ON2625",59.500505,-173.4992,2
"6222",2014,"P-20",59.99144,-169.952145,-0.3
"6223",2014,"P-21",59.99889,-170.62424,-0.7
"6224",2014,"P-22",60.00517,-171.30903,-0.5
"6225",2014,"P-23",60.0009,-171.967715,0
"6226",2014,"P-24",59.98442,-172.562845,0.2
"6227",2014,"P-25",60.004275,-173.26583,0.3
"6228",2014,"P-26",59.998695,-173.95604,1.9
"6229",2014,"P-27",59.999465,-174.60301,2.1
"6230",2014,"P-28",59.998725,-175.258105,2.3
"6231",2014,"P-29",59.994175,-175.89793,2
"6232",2014,"P-30",60.001325,-176.67076,1.9
"6233",2014,"P-31",60.000755,-177.208045,1.8
"6234",2014,"P-32",60.000355,-177.92744,1.9
"6235",2014,"PO2423",59.82765,-172.25905,0.1
"6236",2014,"PO2524",59.826015,-172.93671,0.3
"6237",2014,"PO2625",59.83658,-173.56644,1.6
"6238",2014,"PO2726",59.84308,-174.24659,2
"6239",2014,"Q-20",60.333345,-170.019875,-0.3
"6240",2014,"Q-21",60.330995,-170.669205,-0.4
"6241",2014,"Q-22",60.3249,-171.35289,-0.6
"6242",2014,"Q-23",60.32955,-172.05945,-0.5
"6243",2014,"Q-25",60.290345,-173.37544,0.6
"6244",2014,"Q-26",60.332,-174.07029,0.8
"6245",2014,"Q-27",60.33017,-174.70747,1.5
"6246",2014,"Q-28",60.33539,-175.377535,1.7
"6247",2014,"Q-29",60.331615,-176.025095,1.9
"6248",2014,"Q-30",60.33398,-176.721105,1.8
"6249",2014,"QP2423",60.159485,-172.324635,4.4
"6250",2014,"QP2524",60.169695,-173.00492,1.8
"6251",2014,"QP2625",60.124815,-173.77432,1.2
"6252",2014,"QP2726",60.168755,-174.350905,1.5
"6253",2014,"R-22",60.65276,-171.41686,-1.1
"6254",2014,"R-23",60.6683,-172.11611,0.2
"6255",2014,"R-24",60.67098,-172.75961,4.5
"6256",2014,"R-25",60.668215,-173.469665,0.6
"6257",2014,"R-26",60.665175,-174.129335,0.5
"6258",2014,"R-27",60.66972,-174.82059,0.7
"6259",2014,"R-28",60.664135,-175.461965,0.9
"6260",2014,"R-29",60.67109,-176.20801,1.4
"6261",2014,"R-30",60.667955,-176.8009,1.6
"6262",2014,"R-31",60.667265,-177.510125,1.6
"6263",2014,"R-32",60.66875,-178.168865,2.1
"6264",2014,"S-22",60.981765,-171.497115,-1.1
"6265",2014,"S-23",60.99833,-172.154455,-1.1
"6266",2014,"S-24",60.999555,-172.8086,0.5
"6267",2014,"S-25",60.99436,-173.503875,0.4
"6268",2014,"S-26",61.00251,-174.149385,0.4
"6269",2014,"S-27",61.00414,-174.8797,0.6
"6270",2014,"S-28",61.00566,-175.51927,0.6
"6271",2014,"S-29",60.995165,-176.272765,1
"6272",2014,"S-30",60.994485,-176.964905,1.4
"6273",2014,"S-31",60.99057,-177.65041,1.5
"6274",2014,"T-25",61.335185,-173.58283,-0.6
"6275",2014,"T-26",61.32502,-174.335275,-0.4
"6276",2014,"T-27",61.33506,-174.994415,-0.5
"6277",2014,"T-28",61.327915,-175.64629,0.2
"6278",2014,"T-29",61.33134,-176.3027,0.8
"6279",2014,"T-30",61.3384,-176.952895,1.2
"6280",2014,"U-25",61.66731,-173.66821,-1.5
"6281",2014,"U-26",61.666765,-174.42992,-1.4
"6282",2014,"U-27",61.668695,-175.084775,-1.2
"6283",2014,"U-28",61.66828,-175.7824,0
"6284",2014,"U-29",61.663095,-176.465895,0.5
"6285",2014,"V-25",62.00066,-173.74579,-1.5
"6286",2014,"V-26",62.000265,-174.492795,-1.5
"6287",2014,"V-27",61.998315,-175.163245,-1.6
"6288",2014,"V-28",61.998515,-175.84005,-0.7
"6289",2015,"A-02",55.00635,-166.94038,4.5
"6290",2015,"B-02",55.334995,-166.968185,4.9
"6291",2015,"B-03",55.31969,-166.34498,4.7
"6292",2015,"B-06",55.3467,-164.561985,5.1
"6293",2015,"D-01",56.00599,-167.619185,5
"6294",2015,"D-02",56.00349,-167.00471,5.1
"6295",2015,"D-03",55.99438,-166.38885,5.1
"6296",2015,"D-04",56.01706,-165.776415,4.9
"6297",2015,"D-05",56.0014,-165.17393,4.5
"6298",2015,"D-18",55.992495,-168.230585,4.6
"6299",2015,"E-01",56.33624,-167.65332,5.1
"6300",2015,"E-02",56.33109,-167.03907,5
"6301",2015,"E-03",56.32227,-166.435635,4.8
"6302",2015,"E-04",56.32838,-165.804175,4.3
"6303",2015,"E-05",56.341175,-165.192295,4.6
"6304",2015,"E-06",56.33025,-164.582325,4.4
"6305",2015,"E-18",56.32823,-168.245625,4.4
"6306",2015,"E-19",56.33581,-168.887865,4.9
"6307",2015,"E-21",56.33911,-170.06807,4.6
"6308",2015,"F-01",56.66656,-167.66879,4.2
"6309",2015,"F-02",56.654665,-167.06564,4.1
"6310",2015,"F-04",56.676925,-165.84816,4
"6311",2015,"F-18",56.664515,-168.28367,4.7
"6312",2015,"F-19",56.668725,-168.913295,3.7
"6313",2015,"F-20",56.67319,-169.50114,5.5
"6314",2015,"F-23",56.671385,-171.358195,4.4
"6315",2015,"G-20",56.997345,-169.5581,4.8
"6316",2015,"G-22",57.00206,-170.78292,4.9
"6317",2015,"G-23",57.00178,-171.4061,4.3
"6318",2015,"GF1918",56.83151,-168.62136,3.9
"6319",2015,"GF2019",56.83199,-169.307135,4.4
"6320",2015,"H-18",57.325555,-168.371895,3.3
"6321",2015,"H-23",57.328875,-171.46637,4.5
"6322",2015,"H-25",57.349785,-172.81358,4.5
"6323",2015,"HG1918",57.16791,-168.636935,3.9
"6324",2015,"I-01",57.666635,-167.76284,3.3
"6325",2015,"I-02",57.667,-167.121935,3
"6326",2015,"I-18",57.65115,-168.385235,2.7
"6327",2015,"I-19",57.669885,-169.04424,2.7
"6328",2015,"I-20",57.660945,-169.64438,3.9
"6329",2015,"I-22",57.67468,-170.89628,3.9
"6330",2015,"I-23",57.674915,-171.5324,2.3
"6331",2015,"I-24",57.6683,-172.181885,3.3
"6332",2015,"I-25",57.66706,-172.798105,4.3
"6333",2015,"IH1918",57.500785,-168.742355,3
"6334",2015,"IH2221",57.512225,-170.590255,4.8
"6335",2015,"J-01",57.99462,-167.800635,2.9
"6336",2015,"J-03",58.006125,-166.51724,3.1
"6337",2015,"J-04",58.00257,-165.905645,3.7
"6338",2015,"J-18",57.97571,-168.421615,2.6
"6339",2015,"J-19",58.00101,-169.077095,2.5
"6340",2015,"J-21",57.994125,-170.323405,2.9
"6341",2015,"J-22",57.993915,-170.978055,2.6
"6342",2015,"J-23",58.00451,-171.598785,1.3
"6343",2015,"J-24",58.00477,-172.24301,1.9
"6344",2015,"J-25",57.996035,-172.8609,2.7
"6345",2015,"J-26",57.998375,-173.489295,4.4
"6346",2015,"JI1918",57.83482,-168.731245,2.6
"6347",2015,"JI2019",57.83676,-169.374955,3.6
"6348",2015,"JI2221",57.82747,-170.615585,4
"6349",2015,"K-01",58.334,-167.843665,3.1
"6350",2015,"K-02",58.333575,-167.18736,4.3
"6351",2015,"K-18",58.335585,-168.46354,2.3
"6352",2015,"K-19",58.344035,-169.117505,1.7
"6353",2015,"K-20",58.333825,-169.73896,1.6
"6354",2015,"K-21",58.33137,-170.385885,0.5
"6355",2015,"K-22",58.325865,-170.96721,1.2
"6356",2015,"K-23",58.333025,-171.6431,0.6
"6357",2015,"K-24",58.33997,-172.301295,1.1
"6358",2015,"K-25",58.33412,-172.92691,3
"6359",2015,"K-26",58.334565,-173.572095,3.6
"6360",2015,"K-27",58.3361,-174.300195,3.7
"6361",2015,"L-19",58.675215,-169.15048,1
"6362",2015,"L-20",58.661955,-169.775095,1.2
"6363",2015,"L-21",58.66666,-170.44171,0.2
"6364",2015,"L-22",58.66936,-171.08138,-0.1
"6365",2015,"L-23",58.667985,-171.721185,0
"6366",2015,"L-24",58.670805,-172.364785,1.4
"6367",2015,"L-25",58.67199,-173.01103,2.4
"6368",2015,"L-26",58.664815,-173.632185,3.4
"6369",2015,"L-29",58.66673,-175.56067,3.6
"6370",2015,"L-30",58.66708,-176.1924,3.6
"6371",2015,"M-18",59.00019,-168.54862,3
"6372",2015,"M-19",58.999845,-169.191015,1.8
"6373",2015,"M-20",58.98915,-169.83229,0
"6374",2015,"M-21",59.007295,-170.506115,-0.8
"6375",2015,"M-22",59.003345,-171.13538,-1.1
"6376",2015,"M-23",58.99655,-171.789845,-1.3
"6377",2015,"M-24",59.011415,-172.447675,-0.4
"6378",2015,"M-25",58.99411,-173.08907,1.8
"6379",2015,"M-26",58.99128,-173.712445,2.6
"6380",2015,"M-27",59.002775,-174.35468,2.4
"6381",2015,"M-28",59.00787,-175.00671,3
"6382",2015,"M-29",59.005765,-175.74077,2.8
"6383",2015,"M-30",58.99637,-176.312315,2.9
"6384",2015,"M-31",58.994025,-176.951685,3.4
"6385",2015,"M-32",58.99908,-177.594525,3.5
"6386",2015,"N-19",59.32959,-169.24386,1.4
"6387",2015,"N-20",59.32491,-169.869055,0
"6388",2015,"N-21",59.333025,-170.549585,-0.9
"6389",2015,"N-22",59.32676,-171.172675,-1
"6390",2015,"N-23",59.33262,-171.831095,-1.3
"6391",2015,"N-24",59.334645,-172.498905,-0.9
"6392",2015,"N-25",59.337545,-173.166925,0.4
"6393",2015,"N-26",59.34358,-173.825385,1.3
"6394",2015,"N-27",59.34116,-174.444065,2.1
"6395",2015,"N-28",59.338975,-175.097825,2.8
"6396",2015,"N-29",59.34209,-175.75193,2.7
"6397",2015,"N-30",59.332915,-176.36699,2.7
"6398",2015,"N-31",59.33738,-177.062825,3.1
"6399",2015,"O-18",59.663635,-168.62092,2.7
"6400",2015,"O-20",59.66736,-169.918135,0.9
"6401",2015,"O-21",59.66723,-170.56564,-0.8
"6402",2015,"O-22",59.66461,-171.2441,-1.1
"6403",2015,"O-23",59.66538,-171.900105,-1.3
"6404",2015,"O-24",59.66896,-172.560505,-1.3
"6405",2015,"O-25",59.666635,-173.241865,-0.7
"6406",2015,"O-26",59.662225,-173.86258,1.2
"6407",2015,"O-27",59.66666,-174.450265,1.8
"6408",2015,"O-28",59.66428,-175.10187,2.5
"6409",2015,"O-29",59.676965,-175.875735,2.5
"6410",2015,"O-31",59.67101,-177.147805,3.1
"6411",2015,"ON2524",59.49721,-172.87744,-0.5
"6412",2015,"ON2625",59.493435,-173.50716,0.6
"6413",2015,"P-19",60.000435,-169.308025,1.2
"6414",2015,"P-20",59.99341,-169.96041,0.5
"6415",2015,"P-21",60.002965,-170.609075,-1
"6416",2015,"P-22",60.001575,-171.31735,-1.3
"6417",2015,"P-23",59.976885,-171.944265,-0.7
"6418",2015,"P-24",59.990885,-172.59309,-0.8
"6419",2015,"P-25",60.002955,-173.258335,-1.1
"6420",2015,"P-26",60.003555,-173.951465,-0.2
"6421",2015,"P-27",60.00362,-174.60225,0.6
"6422",2015,"P-28",59.999275,-175.266315,2
"6423",2015,"P-29",60.013675,-175.93902,2.3
"6424",2015,"P-30",59.985005,-176.717015,2.4
"6425",2015,"P-31",60.00119,-177.22993,2.5
"6426",2015,"P-32",60.006605,-177.906135,2.1
"6427",2015,"PO2423",59.83614,-172.253135,-1.1
"6428",2015,"PO2524",59.831395,-172.9056,-1.3
"6429",2015,"PO2625",59.831275,-173.589905,-1
"6430",2015,"PO2726",59.834055,-174.234465,0.6
"6431",2015,"Q-19",60.338025,-169.284415,1.4
"6432",2015,"Q-20",60.33243,-170.022045,0.4
"6433",2015,"Q-21",60.324995,-170.62573,-1
"6434",2015,"Q-22",60.32636,-171.355645,-1.3
"6435",2015,"Q-23",60.32675,-172.0631,-0.6
"6436",2015,"Q-25",60.29155,-173.38106,0.2
"6437",2015,"Q-26",60.33281,-174.069265,-0.8
"6438",2015,"Q-27",60.336165,-174.716585,0.7
"6439",2015,"Q-28",60.33358,-175.387255,1.2
"6440",2015,"Q-29",60.33424,-176.042075,2.1
"6441",2015,"Q-30",60.33945,-176.720015,2.3
"6442",2015,"Q-31",60.32514,-177.36619,2.1
"6443",2015,"QP2423",60.158975,-172.315575,2.8
"6444",2015,"QP2524",60.17754,-173.021585,0.3
"6445",2015,"QP2625",60.126215,-173.77351,-1.1
"6446",2015,"R-22",60.666345,-171.43993,-1.3
"6447",2015,"R-23",60.65565,-172.11712,-1.2
"6448",2015,"R-24",60.674295,-172.76599,3.1
"6449",2015,"R-25",60.667425,-173.47683,0
"6450",2015,"R-26",60.665705,-174.145545,-0.8
"6451",2015,"R-27",60.66938,-174.815695,-0.2
"6452",2015,"R-28",60.66089,-175.44884,0.8
"6453",2015,"R-29",60.664895,-176.199205,2
"6454",2015,"R-31",60.669805,-177.52011,2.2
"6455",2015,"R-32",60.66667,-178.183075,2.3
"6456",2015,"S-22",60.98895,-171.447145,-1
"6457",2015,"S-23",60.99866,-172.152795,-1
"6458",2015,"S-24",60.9992,-172.80786,-0.2
"6459",2015,"S-25",61.000165,-173.50451,-1
"6460",2015,"S-26",61.001505,-174.186025,-0.9
"6461",2015,"S-27",61.013155,-174.881055,-0.6
"6462",2015,"S-28",60.999365,-175.541175,0.7
"6463",2015,"S-29",60.99354,-176.28046,1.1
"6464",2015,"S-30",60.99865,-176.97634,1.7
"6465",2015,"T-25",61.326085,-173.58026,-1.4
"6466",2015,"T-26",61.328815,-174.334425,-1.5
"6467",2015,"T-27",61.33236,-175.003595,-1.5
"6468",2015,"T-28",61.340935,-175.65606,-0.6
"6469",2015,"T-29",61.32707,-176.30812,1.1
"6470",2015,"T-30",61.3367,-176.96916,1.3
"6471",2015,"U-25",61.66044,-173.66794,-1.2
"6472",2015,"U-26",61.66029,-174.401125,-1.3
"6473",2015,"U-27",61.667635,-175.085425,-1.3
"6474",2015,"U-28",61.671915,-175.78884,-0.6
"6475",2015,"U-29",61.664995,-176.464905,0.7
"6476",2015,"V-25",62.001105,-173.74575,-0.8
"6477",2015,"V-26",62.00311,-174.492165,-1.1
"6478",2015,"V-27",61.999705,-175.182965,-1
"6479",2015,"V-28",62.000395,-175.81862,-0.4
"6480",2016,"B-01",55.342505,-167.5561,4.6
"6481",2016,"B-02",55.3463,-166.95129,4.7
"6482",2016,"B-06",55.30882,-164.550065,5.5
"6483",2016,"C-01",55.667225,-167.58319,4.6
"6484",2016,"C-03",55.674585,-166.38039,4.8
"6485",2016,"C-05",55.65994,-165.17956,5.3
"6486",2016,"D-01",56.01209,-167.61603,4.7
"6487",2016,"D-02",56.00147,-167.00952,4.7
"6488",2016,"D-03",56.002595,-166.391855,4.8
"6489",2016,"D-04",55.99835,-165.789495,5.1
"6490",2016,"D-05",55.995425,-165.17406,4.7
"6491",2016,"D-18",55.993965,-168.230405,4.4
"6492",2016,"E-02",56.329855,-167.030015,4.9
"6493",2016,"E-18",56.334405,-168.21286,4.6
"6494",2016,"E-19",56.332395,-168.872225,4.7
"6495",2016,"E-20",56.338955,-169.32442,4.7
"6496",2016,"E-21",56.33334,-170.06767,4.9
"6497",2016,"E-22",56.3363,-170.68599,4.6
"6498",2016,"F-01",56.6714,-167.6671,4.8
"6499",2016,"F-02",56.65509,-167.06329,4.8
"6500",2016,"F-04",56.67023,-165.8545,4.5
"6501",2016,"F-19",56.66846,-168.89153,4.8
"6502",2016,"F-23",56.670605,-171.352895,4.8
"6503",2016,"G-19",56.994075,-168.92948,4.7
"6504",2016,"G-23",56.993915,-171.383035,4.9
"6505",2016,"G-24",57.00182,-172.03176,4.8
"6506",2016,"G-25",57.000745,-172.64996,4.8
"6507",2016,"GF1918",56.83587,-168.62528,4.6
"6508",2016,"GF2019",56.83094,-169.300045,4.9
"6509",2016,"H-22",57.348165,-170.863515,5.5
"6510",2016,"H-23",57.33635,-171.46452,4.8
"6511",2016,"H-24",57.34024,-172.10235,4.7
"6512",2016,"H-25",57.34782,-172.813665,4.7
"6513",2016,"HG2019",57.1659,-169.315935,4.8
"6514",2016,"I-19",57.672835,-169.04113,4.5
"6515",2016,"I-21",57.66656,-170.31032,4.6
"6516",2016,"I-22",57.668625,-170.89219,4.5
"6517",2016,"I-23",57.66754,-171.530275,4.6
"6518",2016,"I-24",57.658125,-172.17837,4.4
"6519",2016,"I-25",57.66367,-172.79136,4.6
"6520",2016,"IH1918",57.494165,-168.751985,4.7
"6521",2016,"IH2221",57.504355,-170.583135,5.3
"6522",2016,"J-19",57.99694,-169.065715,4.3
"6523",2016,"J-20",57.99358,-169.699465,4.6
"6524",2016,"J-21",58.00109,-170.342135,4.1
"6525",2016,"J-22",57.992345,-170.97424,3.6
"6526",2016,"J-23",58.005125,-171.59858,3.4
"6527",2016,"J-24",58.00335,-172.244985,3.9
"6528",2016,"J-25",57.99496,-172.866195,4
"6529",2016,"J-26",57.99946,-173.495245,4.4
"6530",2016,"JI2019",57.836665,-169.34243,4.6
"6531",2016,"K-01",58.332635,-167.83323,4.8
"6532",2016,"K-21",58.340395,-170.373835,3.7
"6533",2016,"K-22",58.33568,-171.01122,2.9
"6534",2016,"K-23",58.330225,-171.650985,3
"6535",2016,"K-24",58.33555,-172.298945,3.4
"6536",2016,"K-26",58.323965,-173.57216,4.1
"6537",2016,"L-20",58.667415,-169.783265,4
"6538",2016,"L-21",58.673745,-170.43121,3.5
"6539",2016,"L-22",58.662115,-171.07645,2.4
"6540",2016,"L-23",58.66509,-171.71947,1.9
"6541",2016,"L-24",58.671505,-172.36693,3.1
"6542",2016,"L-25",58.663095,-173.00205,3.3
"6543",2016,"L-26",58.665525,-173.650625,3.9
"6544",2016,"L-28",58.68682,-174.91791,3.7
"6545",2016,"L-29",58.66513,-175.553485,2.8
"6546",2016,"M-01",59.00193,-167.89584,5.9
"6547",2016,"M-20",59.00662,-169.86056,3.8
"6548",2016,"M-21",58.992865,-170.47975,3.1
"6549",2016,"M-22",58.988645,-171.121965,2.5
"6550",2016,"M-23",58.99711,-171.77962,2.2
"6551",2016,"M-24",59.002215,-172.43222,1.9
"6552",2016,"M-25",58.998755,-173.063185,3
"6553",2016,"M-26",59.003025,-173.72244,3.3
"6554",2016,"M-27",59.000725,-174.36199,3.3
"6555",2016,"M-28",59.005675,-174.99776,2.7
"6556",2016,"N-01",59.33795,-167.915355,5.5
"6557",2016,"N-18",59.330095,-168.577315,5.4
"6558",2016,"N-21",59.312645,-170.53396,3.3
"6559",2016,"N-22",59.32693,-171.191025,2.5
"6560",2016,"N-23",59.33518,-171.8213,2.8
"6561",2016,"N-24",59.329485,-172.491565,1.9
"6562",2016,"N-25",59.33636,-173.140735,1.9
"6563",2016,"N-26",59.33469,-173.79611,2.8
"6564",2016,"N-27",59.334405,-174.438415,2.9
"6565",2016,"N-28",59.33142,-175.10722,2.4
"6566",2016,"N-30",59.33313,-176.388855,2.1
"6567",2016,"N-31",59.336965,-177.052525,2
"6568",2016,"O-20",59.66935,-169.92074,3.7
"6569",2016,"O-21",59.660065,-170.58561,3.5
"6570",2016,"O-22",59.662485,-171.24466,3.3
"6571",2016,"O-23",59.664125,-171.902045,2.6
"6572",2016,"O-25",59.66667,-173.239435,1.3
"6573",2016,"O-26",59.67519,-173.864025,2.3
"6574",2016,"O-27",59.66808,-174.46198,2.6
"6575",2016,"O-28",59.660405,-175.11577,2.5
"6576",2016,"O-29",59.666105,-175.868175,1.6
"6577",2016,"O-31",59.690585,-177.147995,2.1
"6578",2016,"ON2524",59.50198,-172.8791,1.4
"6579",2016,"ON2625",59.498515,-173.50456,2.2
"6580",2016,"P-19",59.99712,-169.327005,3.8
"6581",2016,"P-20",60.00759,-169.964955,2.7
"6582",2016,"P-21",59.995055,-170.63368,3
"6583",2016,"P-22",59.947,-171.299005,2.9
"6584",2016,"P-23",59.990845,-171.942255,1.8
"6585",2016,"P-24",59.989355,-172.602465,1.6
"6586",2016,"P-25",60.005235,-173.269025,1.2
"6587",2016,"P-26",59.99884,-173.935725,1.3
"6588",2016,"P-27",60.002605,-174.616905,1.7
"6589",2016,"P-28",60.000825,-175.28004,2.2
"6590",2016,"P-29",59.999105,-175.92031,1.5
"6591",2016,"P-30",60.00277,-176.72375,1.6
"6592",2016,"P-31",60.00442,-177.21711,1.7
"6593",2016,"PO2423",59.83639,-172.24832,2
"6594",2016,"PO2524",59.825215,-172.939065,1.2
"6595",2016,"PO2625",59.833075,-173.586415,1.2
"6596",2016,"PO2726",59.832625,-174.24263,2.2
"6597",2016,"Q-20",60.335835,-170.015735,1.3
"6598",2016,"Q-21",60.32984,-170.659225,1.7
"6599",2016,"Q-22",60.3286,-171.33798,1.7
"6600",2016,"Q-23",60.336725,-172.054405,0.4
"6601",2016,"Q-25",60.291645,-173.380865,1.2
"6602",2016,"Q-26",60.333935,-174.061155,1.1
"6603",2016,"Q-27",60.325425,-174.71722,1.3
"6604",2016,"Q-28",60.34376,-175.373755,1.4
"6605",2016,"Q-29",60.33573,-176.053285,1.7
"6606",2016,"Q-30",60.33916,-176.71246,1.5
"6607",2016,"QP2423",60.16958,-172.328345,1.5
"6608",2016,"QP2524",60.174215,-173.00682,1.4
"6609",2016,"QP2625",60.12076,-173.77576,1.1
"6610",2016,"QP2726",60.167945,-174.357615,1.4
"6611",2016,"R-22",60.651515,-171.437995,-0.4
"6612",2016,"R-23",60.67166,-172.113065,-0.7
"6613",2016,"R-25",60.66427,-173.46477,1.4
"6614",2016,"R-26",60.66825,-174.13024,0.9
"6615",2016,"R-27",60.666935,-174.81746,1
"6616",2016,"R-28",60.66842,-175.454265,1.4
"6617",2016,"R-29",60.673735,-176.1884,1.8
"6618",2016,"R-30",60.67037,-176.806215,1.4
"6619",2016,"R-32",60.668305,-178.19078,2.4
"6620",2016,"S-22",60.978045,-171.49915,-0.5
"6621",2016,"S-23",61.003025,-172.136015,-0.8
"6622",2016,"S-24",60.99522,-172.810975,-1.1
"6623",2016,"S-25",61.00076,-173.490185,-0.9
"6624",2016,"S-26",60.998025,-174.177985,0.4
"6625",2016,"S-27",61.001935,-174.8753,0.9
"6626",2016,"S-29",60.995535,-176.291565,1.5
"6627",2016,"S-30",60.998685,-176.983185,1.5
"6628",2016,"S-31",60.99861,-177.63533,1.4
"6629",2016,"T-25",61.330495,-173.580085,-1.3
"6630",2016,"T-26",61.331435,-174.32603,-1.4
"6631",2016,"T-27",61.32374,-175.009405,0.4
"6632",2016,"T-28",61.32155,-175.64187,0.7
"6633",2016,"T-29",61.33106,-176.325245,1.3
"6634",2016,"T-30",61.33067,-176.960705,1.4
"6635",2016,"U-25",61.665475,-173.659765,-1.2
"6636",2016,"U-26",61.66481,-174.447065,-1.4
"6637",2016,"U-27",61.666055,-175.05542,-1.2
"6638",2016,"U-28",61.66562,-175.770255,0.5
"6639",2016,"U-29",61.667215,-176.469135,1
"6640",2016,"V-25",61.999545,-173.726045,-1.3
"6641",2016,"V-26",61.998585,-174.513375,-1.4
"6642",2016,"V-27",62.00242,-175.174015,-1.5
"6643",2016,"V-28",61.99964,-175.841355,-0.5
"6644",2017,"A-02",55.011165,-166.949675,4.3
"6645",2017,"C-04",55.661065,-165.801835,4.5
"6646",2017,"D-01",56.00069,-167.62366,4.4
"6647",2017,"D-04",56.0021,-165.784375,3.9
"6648",2017,"E-01",56.329435,-167.653035,4.2
"6649",2017,"E-02",56.337265,-167.04023,3.7
"6650",2017,"E-18",56.334585,-168.246335,4.4
"6651",2017,"E-19",56.33314,-168.876355,3.8
"6652",2017,"E-20",56.337415,-169.31494,4
"6653",2017,"E-21",56.33562,-170.07847,3.9
"6654",2017,"F-01",56.664335,-167.68521,1.5
"6655",2017,"F-02",56.678765,-167.069355,1.7
"6656",2017,"F-04",56.6677,-165.837475,1.4
"6657",2017,"F-18",56.66887,-168.302285,2.2
"6658",2017,"F-19",56.6673,-168.91142,2.2
"6659",2017,"F-23",56.671465,-171.353145,4.4
"6660",2017,"F-24",56.665845,-171.97567,4.1
"6661",2017,"G-02",57.007215,-167.090275,1.5
"6662",2017,"G-03",57.00134,-166.474855,0.5
"6663",2017,"G-18",57.00258,-168.321365,2.3
"6664",2017,"G-19",57.00077,-168.946055,2.8
"6665",2017,"G-23",57.00054,-171.39904,4.4
"6666",2017,"G-24",56.99855,-172.03894,4.4
"6667",2017,"GF1918",56.83862,-168.620775,2.3
"6668",2017,"GF2019",56.834385,-169.307635,4.1
"6669",2017,"H-20",57.3406,-169.60684,3
"6670",2017,"H-23",57.334655,-171.46998,3.9
"6671",2017,"H-24",57.335075,-172.10209,4.1
"6672",2017,"HG2019",57.167375,-169.31341,3
"6673",2017,"I-01",57.667995,-167.76741,0.4
"6674",2017,"I-23",57.66526,-171.551645,3.4
"6675",2017,"I-24",57.66363,-172.16309,3.4
"6676",2017,"I-25",57.66453,-172.788865,4.4
"6677",2017,"J-19",57.99941,-169.056545,1
"6678",2017,"J-20",58.00057,-169.69523,1.7
"6679",2017,"J-21",57.994175,-170.354985,2.5
"6680",2017,"J-23",58.001755,-171.598725,2.9
"6681",2017,"J-24",57.99835,-172.235655,3.2
"6682",2017,"J-25",58.00076,-172.873815,3.6
"6683",2017,"JI2019",57.84521,-169.360485,1.2
"6684",2017,"JI2120",57.83769,-169.982085,2.1
"6685",2017,"JI2221",57.83383,-170.62469,2.7
"6686",2017,"K-18",58.335545,-168.462265,0.6
"6687",2017,"K-19",58.337655,-169.12582,1
"6688",2017,"K-20",58.33586,-169.731445,1.4
"6689",2017,"K-21",58.347805,-170.38723,1.6
"6690",2017,"K-23",58.33404,-171.647995,2.9
"6691",2017,"K-24",58.33522,-172.30009,3.1
"6692",2017,"K-25",58.334915,-172.938855,3.5
"6693",2017,"K-26",58.32141,-173.565705,4
"6694",2017,"K-27",58.338245,-174.309685,3.5
"6695",2017,"L-18",58.67383,-168.479165,2.3
"6696",2017,"L-19",58.665795,-169.15747,0.7
"6697",2017,"L-20",58.66891,-169.80843,1
"6698",2017,"L-21",58.67735,-170.434635,1.1
"6699",2017,"L-22",58.666125,-171.08147,1.1
"6700",2017,"L-23",58.66913,-171.71518,1.6
"6701",2017,"L-24",58.67251,-172.371915,2.9
"6702",2017,"L-25",58.66925,-172.98352,3.3
"6703",2017,"L-26",58.667855,-173.63799,3.7
"6704",2017,"L-29",58.679175,-175.533925,3.5
"6705",2017,"M-20",59.00478,-169.834925,1
"6706",2017,"M-21",58.99773,-170.48745,0.8
"6707",2017,"M-22",58.989445,-171.126315,0.5
"6708",2017,"M-23",58.994855,-171.7821,0.8
"6709",2017,"M-24",59.003385,-172.429265,2.7
"6710",2017,"M-25",59.00291,-173.07386,3
"6711",2017,"M-26",58.99964,-173.72127,3.2
"6712",2017,"M-27",59.00055,-174.363475,3.4
"6713",2017,"M-30",59.001495,-176.311425,3.1
"6714",2017,"N-21",59.343295,-170.54433,0.4
"6715",2017,"N-22",59.334445,-171.18722,-0.2
"6716",2017,"N-23",59.332145,-171.846195,-0.5
"6717",2017,"N-24",59.33115,-172.49296,1
"6718",2017,"N-25",59.33346,-173.158825,2.4
"6719",2017,"N-28",59.346085,-175.131175,3.2
"6720",2017,"N-29",59.33685,-175.74397,2.9
"6721",2017,"N-30",59.342615,-176.38859,2.7
"6722",2017,"N-31",59.3578,-177.08144,3.2
"6723",2017,"O-20",59.670985,-169.922305,0.5
"6724",2017,"O-21",59.66223,-170.583845,-0.2
"6725",2017,"O-22",59.6717,-171.244485,-0.8
"6726",2017,"O-23",59.66451,-171.89398,-0.3
"6727",2017,"O-24",59.666255,-172.56224,0.6
"6728",2017,"O-25",59.6686,-173.238365,1
"6729",2017,"O-26",59.663205,-173.87824,2
"6730",2017,"O-27",59.66417,-174.460195,2.6
"6731",2017,"O-28",59.662655,-175.133305,2.6
"6732",2017,"O-29",59.672845,-175.863995,3.1
"6733",2017,"O-30",59.655525,-176.554105,2.7
"6734",2017,"ON2524",59.501495,-172.888895,0.8
"6735",2017,"ON2625",59.49745,-173.506125,2
"6736",2017,"P-19",59.99494,-169.315895,2.5
"6737",2017,"P-20",60.002475,-169.968665,0.3
"6738",2017,"P-21",59.9934,-170.631345,-0.9
"6739",2017,"P-22",60.00283,-171.28805,-0.8
"6740",2017,"P-23",59.98954,-171.94147,-0.5
"6741",2017,"P-24",60.0046,-172.608235,-0.3
"6742",2017,"P-25",59.998765,-173.33656,-0.2
"6743",2017,"P-26",59.99051,-173.941965,1.2
"6744",2017,"P-28",60.006945,-175.255305,2.2
"6745",2017,"P-29",59.98614,-175.91986,2.9
"6746",2017,"P-30",59.99702,-176.707955,2.6
"6747",2017,"PO2423",59.834375,-172.255585,-0.3
"6748",2017,"PO2524",59.83035,-172.92197,0.4
"6749",2017,"PO2625",59.83518,-173.59114,1.3
"6750",2017,"PO2726",59.835495,-174.231145,2
"6751",2017,"Q-20",60.33115,-169.990265,0.2
"6752",2017,"Q-21",60.32596,-170.65344,-0.8
"6753",2017,"Q-22",60.33999,-171.34534,-1
"6754",2017,"Q-23",60.331875,-172.05691,-1.1
"6755",2017,"Q-25",60.298325,-173.380445,0.1
"6756",2017,"Q-26",60.333325,-174.087965,0.4
"6757",2017,"Q-27",60.331105,-174.727515,1.7
"6758",2017,"Q-28",60.346635,-175.376525,1.9
"6759",2017,"Q-29",60.331575,-176.026465,2.7
"6760",2017,"Q-31",60.31835,-177.36047,2.4
"6761",2017,"QP2524",60.177155,-173.02194,0.6
"6762",2017,"QP2625",60.12344,-173.76832,1
"6763",2017,"QP2726",60.16427,-174.361145,1
"6764",2017,"R-22",60.66803,-171.429835,-1.2
"6765",2017,"R-23",60.662485,-172.113455,-1.3
"6766",2017,"R-24",60.66782,-172.744315,4
"6767",2017,"R-25",60.677995,-173.454015,-0.2
"6768",2017,"R-26",60.671495,-174.12853,0.2
"6769",2017,"R-27",60.67069,-174.798355,0.7
"6770",2017,"R-28",60.66409,-175.468685,1.5
"6771",2017,"R-29",60.682735,-176.211755,2.3
"6772",2017,"R-30",60.666075,-176.793525,2.5
"6773",2017,"R-31",60.66262,-177.501245,2.4
"6774",2017,"S-22",60.986805,-171.492455,-1.3
"6775",2017,"S-23",61.00397,-172.15016,-1.4
"6776",2017,"S-24",60.99789,-172.78524,-0.4
"6777",2017,"S-25",60.99907,-173.512005,-0.4
"6778",2017,"S-26",60.98571,-174.18266,-0.2
"6779",2017,"S-27",60.99334,-174.86197,0.6
"6780",2017,"S-28",60.99689,-175.55575,1.4
"6781",2017,"S-29",61.003975,-176.280395,1.9
"6782",2017,"S-30",61.009915,-176.99192,2.3
"6783",2017,"T-25",61.331525,-173.587155,-1.6
"6784",2017,"T-26",61.334245,-174.339915,-1.6
"6785",2017,"T-27",61.34522,-175.00445,0.1
"6786",2017,"T-28",61.3277,-175.62913,0.8
"6787",2017,"T-29",61.331185,-176.328,1.2
"6788",2017,"T-30",61.32375,-176.958555,1.8
"6789",2017,"U-25",61.66929,-173.66956,-1.5
"6790",2017,"U-26",61.68018,-174.42111,-1.6
"6791",2017,"U-27",61.684835,-175.083535,-0.4
"6792",2017,"U-28",61.67748,-175.758405,0.5
"6793",2017,"U-29",61.64865,-176.47592,0.7
"6794",2017,"V-25",62.004695,-173.738705,-1.5
"6795",2017,"V-26",61.991635,-174.497025,-1.6
"6796",2017,"V-27",61.998575,-175.1881,-1.3
"6797",2017,"V-28",61.99528,-175.887035,0.2
"6798",2018,"C-02",55.66557,-166.98954,4.5
"6799",2018,"D-04",56.005935,-165.789585,4.3
"6800",2018,"E-02",56.327945,-167.02492,4.4
"6801",2018,"E-03",56.325835,-166.420125,4.2
"6802",2018,"E-04",56.32439,-165.808875,4.2
"6803",2018,"E-05",56.33467,-165.20549,4
"6804",2018,"E-18",56.335675,-168.25328,4.4
"6805",2018,"E-19",56.32994,-168.87116,4.4
"6806",2018,"F-01",56.66476,-167.668145,4.4
"6807",2018,"F-04",56.667075,-165.85724,4.1
"6808",2018,"F-18",56.66687,-168.299075,4.5
"6809",2018,"F-19",56.672645,-168.916245,4.5
"6810",2018,"F-23",56.668005,-171.336055,4.1
"6811",2018,"F-24",56.667645,-171.987955,4.3
"6812",2018,"G-05",56.991645,-165.238415,3.8
"6813",2018,"G-06",56.999235,-164.62009,4
"6814",2018,"G-19",56.997595,-168.977385,4.5
"6815",2018,"G-23",57.00754,-171.380455,4.1
"6816",2018,"G-24",56.99962,-172.048695,4.1
"6817",2018,"GF1918",56.82707,-168.620345,4.5
"6818",2018,"H-02",57.342045,-167.100535,4.9
"6819",2018,"H-04",57.33297,-165.88832,3.7
"6820",2018,"H-05",57.33895,-165.248365,3.6
"6821",2018,"H-06",57.3366,-164.620225,3.7
"6822",2018,"H-20",57.33112,-169.58318,4.2
"6823",2018,"H-24",57.334685,-172.108235,3.9
"6824",2018,"HG2019",57.1631,-169.32018,4.4
"6825",2018,"I-03",57.672255,-166.52091,3.8
"6826",2018,"I-04",57.67443,-165.893135,3.5
"6827",2018,"I-05",57.66267,-165.25538,3.8
"6828",2018,"I-22",57.68136,-170.910945,4.1
"6829",2018,"I-23",57.66616,-171.54429,3.7
"6830",2018,"I-24",57.663455,-172.177925,3.8
"6831",2018,"I-25",57.66678,-172.785325,3.8
"6832",2018,"J-01",57.99428,-167.80542,4.3
"6833",2018,"J-02",57.993075,-167.169725,3.8
"6834",2018,"J-05",58.010285,-165.260205,4.4
"6835",2018,"J-18",58.005555,-168.445605,4.5
"6836",2018,"J-21",58.00241,-170.35638,3.8
"6837",2018,"J-22",57.98446,-170.94973,3.5
"6838",2018,"J-23",58.00026,-171.58153,3.6
"6839",2018,"J-25",58.0063,-172.829405,3.6
"6840",2018,"JI1918",57.83076,-168.736175,4.4
"6841",2018,"JI2120",57.83366,-169.978145,4
"6842",2018,"JI2221",57.84532,-170.611685,3.7
"6843",2018,"K-01",58.321125,-167.83353,4
"6844",2018,"K-18",58.327575,-168.4872,4.2
"6845",2018,"K-19",58.338035,-169.12815,3.9
"6846",2018,"K-20",58.33181,-169.7311,3.7
"6847",2018,"K-21",58.323485,-170.362355,3.6
"6848",2018,"K-22",58.33177,-171.00801,3.6
"6849",2018,"K-23",58.338135,-171.656595,3.3
"6850",2018,"K-24",58.3367,-172.27075,3.4
"6851",2018,"K-25",58.324,-172.9208,3.6
"6852",2018,"L-01",58.65994,-167.87462,4.4
"6853",2018,"L-19",58.68202,-169.156425,3.8
"6854",2018,"L-20",58.66928,-169.783275,3.8
"6855",2018,"L-21",58.669885,-170.430925,3.3
"6856",2018,"L-22",58.666195,-171.08591,3.6
"6857",2018,"L-23",58.66392,-171.720045,3.4
"6858",2018,"L-24",58.673815,-172.36066,3.4
"6859",2018,"L-25",58.70274,-173.01226,3.5
"6860",2018,"M-20",59.00499,-169.82928,3.7
"6861",2018,"M-21",59.0013,-170.47417,3.3
"6862",2018,"M-22",58.97688,-171.124705,3.3
"6863",2018,"M-23",58.990795,-171.779665,3.4
"6864",2018,"M-24",59.00315,-172.444205,3.3
"6865",2018,"M-25",59.005435,-173.091245,3.4
"6866",2018,"M-26",58.99857,-173.72279,3.5
"6867",2018,"M-27",58.987095,-174.370675,3.6
"6868",2018,"M-28",58.996355,-175.027185,3.6
"6869",2018,"N-20",59.33322,-169.86086,3.8
"6870",2018,"N-21",59.33451,-170.530675,3.3
"6871",2018,"N-22",59.324865,-171.163875,3.1
"6872",2018,"N-23",59.333095,-171.82932,3.4
"6873",2018,"N-24",59.33064,-172.500785,3.3
"6874",2018,"N-25",59.32854,-173.17416,3.3
"6875",2018,"N-26",59.34186,-173.803345,3.4
"6876",2018,"N-27",59.33564,-174.44146,3.5
"6877",2018,"N-28",59.32966,-175.091775,3.3
"6878",2018,"N-30",59.32824,-176.387795,2.6
"6879",2018,"N-31",59.334105,-177.05982,3.6
"6880",2018,"O-20",59.664245,-169.91677,3.6
"6881",2018,"O-21",59.67407,-170.58683,2.8
"6882",2018,"O-22",59.65995,-171.250395,2.9
"6883",2018,"O-23",59.65869,-171.89185,3.2
"6884",2018,"O-24",59.66633,-172.56053,3.3
"6885",2018,"O-25",59.67589,-173.24615,3.3
"6886",2018,"O-26",59.67489,-173.89589,3.2
"6887",2018,"O-27",59.66394,-174.45041,3.2
"6888",2018,"O-28",59.664355,-175.097955,3.2
"6889",2018,"O-29",59.678725,-175.875595,2.7
"6890",2018,"O-30",59.63736,-176.52038,2.6
"6891",2018,"ON2524",59.498545,-172.865365,3.3
"6892",2018,"ON2625",59.50244,-173.49805,3.3
"6893",2018,"P-20",60.00669,-169.97333,3.5
"6894",2018,"P-21",60.007295,-170.6428,2.8
"6895",2018,"P-22",59.97862,-171.303165,2.7
"6896",2018,"P-23",59.998095,-171.969425,3.1
"6897",2018,"P-24",59.997115,-172.61309,3.5
"6898",2018,"P-25",60.006755,-173.268975,3.5
"6899",2018,"P-26",60.012075,-173.956295,3.2
"6900",2018,"P-27",60.04184,-174.604385,3.1
"6901",2018,"P-28",59.999,-175.24836,2.9
"6902",2018,"P-29",60.003255,-175.91188,2.7
"6903",2018,"PO2423",59.82531,-172.266445,3.3
"6904",2018,"PO2524",59.834495,-172.906495,3.2
"6905",2018,"PO2625",59.84067,-173.56242,3.3
"6906",2018,"PO2726",59.848545,-174.23486,3.2
"6907",2018,"Q-20",60.336055,-170.02491,3.2
"6908",2018,"Q-21",60.32992,-170.667655,2.8
"6909",2018,"Q-22",60.339595,-171.32929,2.5
"6910",2018,"Q-23",60.33011,-172.06737,3.4
"6911",2018,"Q-25",60.29465,-173.379695,3.9
"6912",2018,"Q-26",60.33871,-174.077065,3.3
"6913",2018,"Q-27",60.324445,-174.706105,3.2
"6914",2018,"Q-28",60.352405,-175.39697,2.9
"6915",2018,"Q-29",60.330825,-176.028725,2.6
"6916",2018,"Q-30",60.328655,-176.733795,2.2
"6917",2018,"QP2524",60.1763,-173.01342,4.2
"6918",2018,"QP2625",60.12494,-173.769315,3.3
"6919",2018,"QP2726",60.16513,-174.35946,3.2
"6920",2018,"R-22",60.65953,-171.433515,2.7
"6921",2018,"R-23",60.669705,-172.115335,2.6
"6922",2018,"R-24",60.670545,-172.786115,6
"6923",2018,"R-25",60.663595,-173.467895,4.7
"6924",2018,"R-26",60.675265,-174.141685,3.4
"6925",2018,"R-27",60.66344,-174.812665,3
"6926",2018,"R-28",60.662465,-175.44815,2.9
"6927",2018,"R-29",60.673365,-176.20809,2.6
"6928",2018,"R-30",60.65491,-176.820555,2.3
"6929",2018,"R-32",60.67557,-178.158935,3.1
"6930",2018,"S-22",60.99658,-171.479675,2.7
"6931",2018,"S-23",61.000265,-172.15882,2.4
"6932",2018,"S-24",61.0005,-172.79938,3.8
"6933",2018,"S-25",60.998575,-173.50817,2.5
"6934",2018,"S-26",61.00166,-174.17948,3
"6935",2018,"S-27",61.00018,-174.86463,2.6
"6936",2018,"S-28",60.997315,-175.54529,2.7
"6937",2018,"S-29",61.000345,-176.29536,2.5
"6938",2018,"T-25",61.33124,-173.600065,2.5
"6939",2018,"T-26",61.3374,-174.338885,2.1
"6940",2018,"T-27",61.342265,-174.998755,2.3
"6941",2018,"T-28",61.33998,-175.671435,2.6
"6942",2018,"T-29",61.33123,-176.297255,2.4
"6943",2018,"T-30",61.32818,-177.007465,2.3
"6944",2018,"U-25",61.671415,-173.70258,1.9
"6945",2018,"U-26",61.667065,-174.451145,1.8
"6946",2018,"U-27",61.665515,-175.082045,2.1
"6947",2018,"U-28",61.67302,-175.82275,2.4
"6948",2018,"U-29",61.66659,-176.484,2.3
"6949",2018,"V-25",61.993915,-173.72688,2
"6950",2018,"V-26",62.00247,-174.466575,1.6
"6951",2018,"V-27",62.00416,-175.225525,1.9
"6952",2018,"V-28",62.000355,-175.82484,2
"6953",2019,"D-05",55.98287,-165.1891,4.9
"6954",2019,"E-02",56.336775,-167.0286,4.6
"6955",2019,"E-05",56.33626,-165.21135,4.2
"6956",2019,"E-18",56.339865,-168.24856,4.4
"6957",2019,"E-19",56.33292,-168.87882,4.5
"6958",2019,"F-04",56.658075,-165.8574,4
"6959",2019,"F-05",56.66824,-165.22766,3.9
"6960",2019,"F-18",56.653165,-168.29549,4.5
"6961",2019,"F-19",56.67072,-168.895765,4.4
"6962",2019,"F-23",56.67088,-171.34666,4.4
"6963",2019,"F-24",56.67602,-171.968175,4.4
"6964",2019,"G-03",57.00364,-166.46765,4.1
"6965",2019,"G-04",56.99247,-165.84465,4
"6966",2019,"G-19",57.011905,-168.942765,4.3
"6967",2019,"G-22",57.000875,-170.788085,4.9
"6968",2019,"G-23",57.007405,-171.39197,4.6
"6969",2019,"G-24",56.99944,-172.05392,4.4
"6970",2019,"G-26",56.99321,-173.232605,4.3
"6971",2019,"H-23",57.34001,-171.473595,4.4
"6972",2019,"H-24",57.32965,-172.111735,4.2
"6973",2019,"HG2221",57.11589,-170.47024,7.2
"6974",2019,"I-02",57.6604,-167.135655,3.6
"6975",2019,"I-18",57.661525,-168.40708,4
"6976",2019,"I-20",57.66851,-169.668655,3.9
"6977",2019,"I-22",57.66848,-170.900175,4.8
"6978",2019,"I-23",57.659995,-171.53644,4.3
"6979",2019,"I-24",57.67354,-172.190825,4.1
"6980",2019,"I-25",57.671875,-172.782045,4.1
"6981",2019,"IH2019",57.5099,-169.36614,4.2
"6982",2019,"J-02",57.994255,-167.16039,3.6
"6983",2019,"J-18",58.01197,-168.444155,3.5
"6984",2019,"J-21",58.002205,-170.340425,4
"6985",2019,"J-23",58.00116,-171.59948,3.9
"6986",2019,"J-24",57.990875,-172.24598,3.7
"6987",2019,"J-25",58.008515,-172.83487,3.9
"6988",2019,"JI1918",57.82608,-168.737835,3.7
"6989",2019,"JI2120",57.815155,-170.006615,3.7
"6990",2019,"JI2221",57.835065,-170.61108,4.3
"6991",2019,"K-23",58.33301,-171.648795,3.7
"6992",2019,"K-24",58.33779,-172.29746,3.6
"6993",2019,"K-25",58.326435,-172.92123,3.8
"6994",2019,"L-19",58.67059,-169.135165,3.2
"6995",2019,"L-22",58.6585,-171.077795,3.4
"6996",2019,"L-23",58.669605,-171.71027,3.6
"6997",2019,"L-24",58.67681,-172.375305,3.4
"6998",2019,"L-25",58.6745,-172.985565,3.7
"6999",2019,"M-18",59.008685,-168.529175,5.5
"7000",2019,"M-22",58.999705,-171.118205,2.8
"7001",2019,"M-23",58.997585,-171.786115,3.2
"7002",2019,"M-25",59.003535,-173.066235,3.4
"7003",2019,"M-26",58.99066,-173.715865,3.6
"7004",2019,"M-27",58.994165,-174.36948,3.7
"7005",2019,"M-29",58.997115,-175.732815,3.4
"7006",2019,"M-30",59.016675,-176.299385,3.2
"7007",2019,"M-31",58.998565,-176.938225,3.3
"7008",2019,"N-18",59.338415,-168.554795,5.3
"7009",2019,"N-19",59.348025,-169.22843,4.1
"7010",2019,"N-20",59.326855,-169.86517,3.1
"7011",2019,"N-21",59.34016,-170.53897,2.8
"7012",2019,"N-22",59.32573,-171.18238,2.6
"7013",2019,"N-23",59.33174,-171.828855,2.8
"7014",2019,"N-24",59.33234,-172.50128,3.2
"7015",2019,"N-25",59.33412,-173.15272,3.2
"7016",2019,"N-27",59.330835,-174.445195,3.6
"7017",2019,"N-28",59.33945,-175.09689,3.4
"7018",2019,"N-30",59.343195,-176.38181,3
"7019",2019,"N-31",59.327425,-177.05585,3.2
"7020",2019,"O-18",59.668125,-168.61609,5.1
"7021",2019,"O-19",59.67059,-169.271245,4.1
"7022",2019,"O-20",59.667285,-169.90886,3.4
"7023",2019,"O-21",59.673965,-170.583605,2.7
"7024",2019,"O-22",59.665555,-171.24852,2.7
"7025",2019,"O-23",59.66327,-171.88137,2.6
"7026",2019,"O-24",59.671175,-172.5644,2.8
"7027",2019,"O-25",59.661225,-173.231685,2.9
"7028",2019,"O-27",59.65837,-174.45317,3.3
"7029",2019,"O-28",59.66951,-175.113535,3.4
"7030",2019,"O-29",59.666825,-175.870585,3.2
"7031",2019,"O-30",59.659945,-176.49786,2.4
"7032",2019,"O-31",59.65589,-177.1321,3.3
"7033",2019,"ON2524",59.504365,-172.88133,3
"7034",2019,"ON2625",59.483925,-173.50992,3.1
"7035",2019,"P-18",59.997175,-168.64673,5
"7036",2019,"P-19",60.00377,-169.3345,3.9
"7037",2019,"P-20",59.99773,-169.964395,3.1
"7038",2019,"P-21",60.019235,-170.637105,2.7
"7039",2019,"P-22",59.98294,-171.302165,2.4
"7040",2019,"P-24",59.9942,-172.669075,2.5
"7041",2019,"P-25",60.004275,-173.269195,2.4
"7042",2019,"P-26",60.015595,-173.936695,2.6
"7043",2019,"P-27",60.00487,-174.599705,2.7
"7044",2019,"P-28",60.002235,-175.238685,3.1
"7045",2019,"P-29",60.000035,-175.92272,3.1
"7046",2019,"P-30",60.00062,-176.67745,1.9
"7047",2019,"P-31",60.006695,-177.205165,2.6
"7048",2019,"P-32",60.00657,-177.89505,2.7
"7049",2019,"PO2423",59.834765,-172.245775,2.3
"7050",2019,"PO2524",59.83709,-172.89989,2.4
"7051",2019,"PO2625",59.83169,-173.5523,2.7
"7052",2019,"PO2726",59.8172,-174.22902,2.7
"7053",2019,"Q-19",60.33717,-169.31331,3.5
"7054",2019,"Q-20",60.32774,-170.027165,2.9
"7055",2019,"Q-21",60.329275,-170.664495,2.6
"7056",2019,"Q-22",60.33778,-171.339665,2.2
"7057",2019,"Q-23",60.326695,-172.0607,2.1
"7058",2019,"Q-25",60.299305,-173.380345,2.8
"7059",2019,"Q-26",60.32013,-174.066965,2.5
"7060",2019,"Q-27",60.32847,-174.72027,2.4
"7061",2019,"Q-28",60.33795,-175.38835,2.6
"7062",2019,"Q-29",60.337535,-176.0268,3.1
"7063",2019,"Q-30",60.32844,-176.698505,1.9
"7064",2019,"Q-31",60.33242,-177.35992,2.3
"7065",2019,"QP2423",60.162575,-172.343215,3.6
"7066",2019,"QP2524",60.16502,-172.99523,2.9
"7067",2019,"QP2625",60.133465,-173.764885,2.6
"7068",2019,"R-22",60.657095,-171.43228,2.2
"7069",2019,"R-23",60.67206,-172.112085,2
"7070",2019,"R-24",60.666925,-172.748815,4.6
"7071",2019,"R-25",60.66273,-173.4682,2.9
"7072",2019,"R-26",60.66855,-174.123285,2.4
"7073",2019,"R-27",60.667645,-174.826645,2.4
"7074",2019,"R-28",60.673685,-175.452705,2.3
"7075",2019,"R-29",60.6735,-176.202135,2.5
"7076",2019,"R-30",60.67027,-176.822595,2.5
"7077",2019,"R-31",60.668315,-177.537575,1.7
"7078",2019,"S-22",60.99637,-171.475545,2.1
"7079",2019,"S-23",61.000775,-172.16231,1.9
"7080",2019,"S-24",61.00004,-172.80977,2.3
"7081",2019,"S-25",60.999765,-173.494965,2.2
"7082",2019,"S-26",60.98989,-174.18557,2.2
"7083",2019,"S-27",61.014575,-174.87941,2.2
"7084",2019,"S-28",61.01047,-175.5553,1.9
"7085",2019,"S-29",61.00421,-176.28088,2.1
"7086",2019,"S-30",61.007415,-176.978815,2.3
"7087",2019,"S-31",61.000705,-177.648315,1.5
"7088",2019,"T-25",61.331375,-173.597065,0.8
"7089",2019,"T-26",61.337475,-174.334795,1.7
"7090",2019,"T-27",61.342035,-174.997845,1.6
"7091",2019,"T-28",61.33526,-175.679635,1.6
"7092",2019,"T-29",61.327305,-176.30998,1.9
"7093",2019,"T-30",61.34204,-176.9457,2.2
"7094",2019,"U-25",61.669475,-173.67274,0.7
"7095",2019,"U-26",61.670065,-174.42728,0.3
"7096",2019,"U-27",61.65876,-175.079595,1
"7097",2019,"U-28",61.65933,-175.765925,1.5
"7098",2019,"U-29",61.681125,-176.450545,1.8
"7099",2019,"V-25",61.985535,-173.746405,1
"7100",2019,"V-26",62.00527,-174.499435,-0.3
"7101",2019,"V-27",61.999075,-175.172015,0.4
"7102",2019,"V-28",62.00035,-175.80656,1.2
"7103",2021,"F-22",56.65739,-170.73806,3.9
"7104",2021,"F-23",56.663035,-171.353555,4.2
"7105",2021,"G-08",56.996275,-163.388395,3.1
"7106",2021,"G-23",56.996145,-171.386635,4
"7107",2021,"G-24",57.005965,-172.05922,4.1
"7108",2021,"H-02",57.332435,-167.112775,3.5
"7109",2021,"H-06",57.31172,-164.623045,2.8
"7110",2021,"H-07",57.333605,-164.00172,3
"7111",2021,"H-23",57.32672,-171.472695,3.9
"7112",2021,"I-02",57.660965,-167.118305,3.4
"7113",2021,"I-04",57.68004,-165.8883,2.2
"7114",2021,"I-05",57.67889,-165.249175,2.9
"7115",2021,"I-06",57.652665,-164.61768,3.7
"7116",2021,"I-19",57.672085,-169.033635,3.6
"7117",2021,"I-21",57.652595,-170.265245,3.9
"7118",2021,"I-23",57.677395,-171.52829,3.6
"7119",2021,"IH1918",57.50281,-168.75304,4.2
"7120",2021,"IH2221",57.49108,-170.58239,4.4
"7121",2021,"J-02",57.987295,-167.161625,3.3
"7122",2021,"J-03",58.00868,-166.52884,2.4
"7123",2021,"J-04",57.993835,-165.91192,3
"7124",2021,"J-18",58.009775,-168.440875,3.8
"7125",2021,"J-20",58.005875,-169.70077,3.8
"7126",2021,"J-22",58.001605,-170.96907,3.4
"7127",2021,"J-23",58.00583,-171.593045,3.3
"7128",2021,"J-24",57.99641,-172.259285,3.2
"7129",2021,"JI2120",57.827545,-169.9703,3.7
"7130",2021,"JI2221",57.835275,-170.62973,3.7
"7131",2021,"K-01",58.329085,-167.838315,3.2
"7132",2021,"K-21",58.326305,-170.38918,3.4
"7133",2021,"K-22",58.330625,-171.01702,3.3
"7134",2021,"K-23",58.346485,-171.65334,3.2
"7135",2021,"L-19",58.67161,-169.161245,3.1
"7136",2021,"L-20",58.668725,-169.786505,3.7
"7137",2021,"L-21",58.662345,-170.43126,3.1
"7138",2021,"L-22",58.66811,-171.08602,3
"7139",2021,"L-23",58.66938,-171.715145,3.1
"7140",2021,"L-25",58.650575,-172.98576,3.1
"7141",2021,"L-28",58.75051,-174.946995,3.3
"7142",2021,"M-19",59.01193,-169.179475,3.1
"7143",2021,"M-20",58.99643,-169.83571,3.5
"7144",2021,"M-22",58.98575,-171.135855,2.7
"7145",2021,"M-23",59.00164,-171.78198,3
"7146",2021,"M-24",59.01091,-172.442535,2.5
"7147",2021,"M-26",58.980785,-173.706825,3
"7148",2021,"M-27",59.000745,-174.382515,3.1
"7149",2021,"M-29",58.98964,-175.731845,2.1
"7150",2021,"M-30",59.010365,-176.349145,1.9
"7151",2021,"N-20",59.325815,-169.88594,3.1
"7152",2021,"N-22",59.33329,-171.19173,2.4
"7153",2021,"N-23",59.35727,-171.82074,2.4
"7154",2021,"N-24",59.334515,-172.51683,2.4
"7155",2021,"N-25",59.326045,-173.15163,2.3
"7156",2021,"N-26",59.32609,-173.80514,2.6
"7157",2021,"N-27",59.321985,-174.434005,2.9
"7158",2021,"N-29",59.3212,-175.755675,1.8
"7159",2021,"N-30",59.333275,-176.386375,1.6
"7160",2021,"N-31",59.34759,-177.064565,2.4
"7161",2021,"O-20",59.673695,-169.91835,3.1
"7162",2021,"O-22",59.661365,-171.251055,2.4
"7163",2021,"O-23",59.676585,-171.8946,2
"7164",2021,"O-24",59.66835,-172.56103,2.3
"7165",2021,"O-25",59.686405,-173.20225,2.2
"7166",2021,"O-26",59.670155,-173.841195,2.1
"7167",2021,"O-27",59.662915,-174.45681,2.5
"7168",2021,"O-28",59.679965,-175.12022,2.8
"7169",2021,"O-29",59.65141,-175.85108,2.3
"7170",2021,"O-30",59.6803,-176.55816,1.6
"7171",2021,"O-31",59.663745,-177.14101,1.8
"7172",2021,"ON2524",59.50246,-172.88652,2.1
"7173",2021,"ON2625",59.512165,-173.50809,2.2
"7174",2021,"P-21",59.991635,-170.631075,3.3
"7175",2021,"P-22",59.985875,-171.295365,2.3
"7176",2021,"P-25",60.006885,-173.310575,1.9
"7177",2021,"P-27",59.981805,-174.584545,2.1
"7178",2021,"P-28",60.011465,-175.26673,2.3
"7179",2021,"P-30",59.98601,-176.700915,1.9
"7180",2021,"P-31",60.009455,-177.218865,1.9
"7181",2021,"P-32",60.004525,-177.89231,1.9
"7182",2021,"PO2524",59.835045,-172.905435,2
"7183",2021,"PO2625",59.828525,-173.582515,2
"7184",2021,"PO2726",59.85166,-174.22702,2.1
"7185",2021,"Q-22",60.334165,-171.332975,2.3
"7186",2021,"Q-23",60.346635,-172.067035,2.1
"7187",2021,"Q-26",60.34057,-174.070425,2.1
"7188",2021,"Q-27",60.317525,-174.70464,1.9
"7189",2021,"Q-28",60.33854,-175.388035,2
"7190",2021,"Q-29",60.324525,-176.026135,2.3
"7191",2021,"Q-30",60.3368,-176.72145,1.7
"7192",2021,"Q-31",60.323755,-177.3797,1.5
"7193",2021,"QP2625",60.118695,-173.77091,2.2
"7194",2021,"QP2726",60.176685,-174.34747,1.9
"7195",2021,"R-22",60.654615,-171.4205,2
"7196",2021,"R-23",60.68044,-172.11475,1.9
"7197",2021,"R-24",60.6777,-172.78795,3.1
"7198",2021,"R-25",60.65872,-173.469315,2.6
"7199",2021,"R-26",60.669995,-174.12725,2.3
"7200",2021,"R-27",60.656295,-174.82539,1.8
"7201",2021,"R-28",60.681215,-175.458635,1.7
"7202",2021,"R-29",60.665645,-176.20071,1.9
"7203",2021,"R-30",60.65664,-176.79445,1.9
"7204",2021,"R-31",60.66455,-177.509485,1.8
"7205",2021,"R-32",60.669515,-178.11975,2.1
"7206",2021,"S-22",60.97536,-171.49696,1.7
"7207",2021,"S-23",61.001175,-172.13922,1.7
"7208",2021,"S-24",60.997365,-172.779025,1.7
"7209",2021,"S-25",61.007225,-173.49849,1.5
"7210",2021,"S-26",61.01246,-174.190285,1.8
"7211",2021,"S-27",60.98117,-174.876775,1.7
"7212",2021,"S-28",61.00998,-175.54969,1.5
"7213",2021,"S-29",60.97676,-176.268855,1.6
"7214",2021,"S-30",61.008955,-176.98434,1.6
"7215",2021,"S-31",60.996745,-177.638695,1.5
"7216",2021,"T-25",61.322175,-173.581905,0.2
"7217",2021,"T-26",61.32826,-174.31936,0.5
"7218",2021,"T-27",61.3181,-175.009135,1.2
"7219",2021,"T-28",61.340875,-175.727785,1.5
"7220",2021,"T-29",61.334875,-176.31088,1.4
"7221",2021,"T-30",61.32859,-176.96867,1.3
"7222",2021,"U-25",61.670585,-173.66495,0.3
"7223",2021,"U-26",61.667155,-174.479945,-0.2
"7224",2021,"U-27",61.65579,-175.086035,0.3
"7225",2021,"U-28",61.674895,-175.82856,0.9
"7226",2021,"U-29",61.65881,-176.44744,1.1
"7227",2021,"V-25",61.98327,-173.75066,-0.3
"7228",2021,"V-26",62.01599,-174.49611,-0.6
"7229",2021,"V-27",61.99316,-175.227855,-0.3
"7230",2021,"V-28",61.99729,-175.82884,0
"7231",2022,"E-22",56.353595,-170.69785,4
"7232",2022,"H-02",57.34668,-167.10946,1.5
"7233",2022,"H-06",57.34911,-164.620355,1
"7234",2022,"I-01",57.656605,-167.76929,0.9
"7235",2022,"I-02",57.672725,-167.153905,0.7
"7236",2022,"I-03",57.68364,-166.505625,0.7
"7237",2022,"I-05",57.649815,-165.251335,0.9
"7238",2022,"I-18",57.655355,-168.405065,1
"7239",2022,"I-19",57.669395,-169.039685,0.9
"7240",2022,"I-20",57.664835,-169.652625,1
"7241",2022,"I-23",57.65094,-171.531305,2.3
"7242",2022,"IH1918",57.48975,-168.7529,1.3
"7243",2022,"IH2019",57.50574,-169.3644,1.3
"7244",2022,"J-02",57.99813,-167.18198,0.5
"7245",2022,"J-03",58.005415,-166.521315,0.6
"7246",2022,"J-18",58.001725,-168.435235,0.9
"7247",2022,"J-19",57.99944,-169.080175,0.7
"7248",2022,"J-20",58.000435,-169.69491,0.7
"7249",2022,"J-21",58.00921,-170.337095,0.3
"7250",2022,"J-22",57.994655,-170.968755,1.3
"7251",2022,"J-23",57.99579,-171.597935,1.6
"7252",2022,"J-24",58.001265,-172.250805,1.8
"7253",2022,"JI1918",57.826765,-168.73237,0.9
"7254",2022,"JI2019",57.850725,-169.36974,1
"7255",2022,"JI2120",57.82862,-169.977105,0.5
"7256",2022,"K-01",58.31114,-167.834765,0.8
"7257",2022,"K-19",58.33895,-169.11492,0.9
"7258",2022,"K-20",58.335245,-169.730555,0.4
"7259",2022,"K-21",58.33725,-170.38538,0
"7260",2022,"K-22",58.338155,-171.01678,-0.6
"7261",2022,"K-23",58.323225,-171.650225,-0.6
"7262",2022,"K-24",58.333345,-172.31387,0.7
"7263",2022,"L-18",58.66545,-168.50241,2.1
"7264",2022,"L-20",58.676485,-169.77616,0.8
"7265",2022,"L-21",58.66451,-170.433435,-0.1
"7266",2022,"L-22",58.664655,-171.084695,-0.4
"7267",2022,"L-23",58.660235,-171.7168,-0.2
"7268",2022,"L-24",58.681,-172.370775,0.4
"7269",2022,"M-19",58.98863,-169.17239,1.6
"7270",2022,"M-20",59.0026,-169.83127,0.9
"7271",2022,"M-21",59.010345,-170.48345,0.1
"7272",2022,"M-22",58.992695,-171.13651,-0.5
"7273",2022,"M-23",58.99078,-171.778945,0.1
"7274",2022,"M-24",59.000165,-172.425845,0.6
"7275",2022,"M-25",58.99534,-173.08845,1.4
"7276",2022,"M-26",58.979855,-173.70965,2.7
"7277",2022,"M-27",58.99799,-174.34925,2.9
"7278",2022,"M-30",58.99403,-176.31067,3
"7279",2022,"N-20",59.32724,-169.886235,0.8
"7280",2022,"N-21",59.32744,-170.53788,0.1
"7281",2022,"N-22",59.321645,-171.17434,-0.2
"7282",2022,"N-23",59.333725,-171.84187,-0.5
"7283",2022,"N-24",59.3343,-172.502165,-0.1
"7284",2022,"N-25",59.324705,-173.14232,0.5
"7285",2022,"N-26",59.34674,-173.788015,1.4
"7286",2022,"N-30",59.335375,-176.37124,2.4
"7287",2022,"O-19",59.665245,-169.26417,2.4
"7288",2022,"O-20",59.676085,-169.92663,0.9
"7289",2022,"O-21",59.666535,-170.585,0
"7290",2022,"O-22",59.666885,-171.25353,-0.2
"7291",2022,"O-23",59.66055,-171.86433,-0.7
"7292",2022,"O-24",59.6709,-172.57502,-0.5
"7293",2022,"O-25",59.666375,-173.24885,0.4
"7294",2022,"O-26",59.669355,-173.85006,0.6
"7295",2022,"O-27",59.672205,-174.442665,1.6
"7296",2022,"O-28",59.67621,-175.117175,2.8
"7297",2022,"O-29",59.665995,-175.829675,1.9
"7298",2022,"O-30",59.66689,-176.549095,2.3
"7299",2022,"O-31",59.67369,-177.13268,3
"7300",2022,"ON2524",59.50487,-172.879425,0.3
"7301",2022,"ON2625",59.5107,-173.50403,0.7
"7302",2022,"P-21",59.99912,-170.627465,0
"7303",2022,"P-22",59.98028,-171.299795,-0.2
"7304",2022,"P-23",59.989055,-171.941485,1.1
"7305",2022,"P-24",59.99152,-172.60664,0.5
"7306",2022,"P-25",60.011475,-173.328525,0.1
"7307",2022,"P-26",60.01424,-173.949655,0.5
"7308",2022,"P-27",59.982765,-174.587675,1.1
"7309",2022,"P-28",59.999655,-175.23958,1.7
"7310",2022,"P-29",59.99965,-175.914595,1.9
"7311",2022,"P-30",60.0072,-176.718235,2
"7312",2022,"P-31",60.008185,-177.235255,2
"7313",2022,"PO2423",59.82478,-172.252735,-0.6
"7314",2022,"PO2524",59.829575,-172.933125,-0.5
"7315",2022,"PO2625",59.84226,-173.59842,0.6
"7316",2022,"PO2726",59.83152,-174.20938,0.9
"7317",2022,"Q-20",60.329945,-170.023685,1.3
"7318",2022,"Q-21",60.32681,-170.665625,0.3
"7319",2022,"Q-22",60.32517,-171.3717,0
"7320",2022,"Q-23",60.349505,-172.067645,0.1
"7321",2022,"Q-26",60.341685,-174.076985,0
"7322",2022,"Q-27",60.31658,-174.703285,1
"7323",2022,"Q-28",60.34044,-175.39308,1.1
"7324",2022,"Q-29",60.329825,-176.030185,1.3
"7325",2022,"Q-30",60.344625,-176.71317,1.9
"7326",2022,"Q-31",60.335845,-177.37448,1.6
"7327",2022,"QP2423",60.170175,-172.32622,3.8
"7328",2022,"QP2625",60.135635,-173.760495,-0.2
"7329",2022,"QP2726",60.18315,-174.34979,0.8
"7330",2022,"R-22",60.65603,-171.434115,0.2
"7331",2022,"R-23",60.681285,-172.11482,-0.2
"7332",2022,"R-24",60.6713,-172.807545,3.7
"7333",2022,"R-25",60.66665,-173.446385,3.2
"7334",2022,"R-26",60.67961,-174.144715,-0.5
"7335",2022,"R-27",60.655745,-174.819355,0.7
"7336",2022,"R-28",60.68487,-175.456605,1.1
"7337",2022,"R-29",60.674605,-176.21333,1.5
"7338",2022,"R-30",60.674075,-176.808395,1.6
"7339",2022,"R-31",60.66287,-177.49151,1.5
"7340",2022,"R-32",60.65824,-178.160985,2
"7341",2022,"S-22",60.97452,-171.49694,0.1
"7342",2022,"S-23",61.004855,-172.159545,-0.4
"7343",2022,"S-24",61.000325,-172.81734,0.4
"7344",2022,"S-25",60.998335,-173.48328,-0.8
"7345",2022,"S-26",60.999555,-174.17599,-0.8
"7346",2022,"S-27",60.98942,-174.880815,0
"7347",2022,"S-28",61.015565,-175.54409,0.6
"7348",2022,"S-29",60.991155,-176.275375,1.2
"7349",2022,"S-30",61.008875,-176.96671,1.6
"7350",2022,"S-31",61.00789,-177.6324,1.5
"7351",2022,"T-25",61.33369,-173.586225,-0.7
"7352",2022,"T-26",61.34625,-174.33349,-1.3
"7353",2022,"T-27",61.32121,-175.008305,-0.6
"7354",2022,"T-28",61.353275,-175.65923,-0.9
"7355",2022,"T-29",61.33116,-176.30919,0.9
"7356",2022,"T-30",61.3438,-176.960645,1.2
"7357",2022,"U-25",61.660095,-173.65809,-1.1
"7358",2022,"U-26",61.66746,-174.474245,-1.4
"7359",2022,"U-27",61.663465,-175.07496,-1.3
"7360",2022,"U-28",61.67094,-175.76005,-1.5
"7361",2022,"U-29",61.664925,-176.472655,0
"7362",2022,"V-25",61.99238,-173.744115,-1.2
"7363",2022,"V-26",61.998465,-174.526115,-1.3
"7364",2022,"V-27",62.00033,-175.174555,-1.6
"7365",2022,"V-28",62.00074,-175.828195,-1.6
"7366",2023,"E-03",56.33833,-166.404165,4
"7367",2023,"F-01",56.671555,-167.68757,3.8
"7368",2023,"G-01",56.99165,-167.698365,3.4
"7369",2023,"G-22",56.98898,-170.797245,3.9
"7370",2023,"GF1918",56.81727,-168.60692,3.9
"7371",2023,"H-01",57.326155,-167.74526,3.1
"7372",2023,"H-02",57.337645,-167.117155,2.6
"7373",2023,"H-18",57.33481,-168.36853,3.1
"7374",2023,"H-20",57.3367,-169.59332,1.7
"7375",2023,"H-21",57.329005,-170.239005,4
"7376",2023,"H-26",57.3256,-173.313555,3.3
"7377",2023,"HG2019",57.17598,-169.33174,2.6
"7378",2023,"I-01",57.66771,-167.777975,2.6
"7379",2023,"I-02",57.654785,-167.15244,2.4
"7380",2023,"I-18",57.670815,-168.39597,2.7
"7381",2023,"I-20",57.65951,-169.65312,1.8
"7382",2023,"I-21",57.66609,-170.270335,2.3
"7383",2023,"IH1918",57.49336,-168.74592,2.7
"7384",2023,"IH2019",57.49803,-169.376485,2.3
"7385",2023,"IH2120",57.507715,-169.962345,2.3
"7386",2023,"J-01",58.000565,-167.808235,1.9
"7387",2023,"J-02",58.006285,-167.191,1.2
"7388",2023,"J-18",58.004325,-168.42941,2
"7389",2023,"J-19",57.995325,-169.075015,0.9
"7390",2023,"J-20",57.998895,-169.7099,1.2
"7391",2023,"J-21",58.003655,-170.3424,0.4
"7392",2023,"J-22",57.98899,-170.96914,2.3
"7393",2023,"JI1918",57.832345,-168.7359,2
"7394",2023,"JI2019",57.834575,-169.368635,1.9
"7395",2023,"JI2120",57.833245,-169.97107,1.4
"7396",2023,"JI2221",57.824385,-170.635365,2.5
"7397",2023,"K-01",58.338835,-167.83584,0.6
"7398",2023,"K-19",58.32471,-169.121975,0.6
"7399",2023,"K-20",58.333705,-169.739715,0.9
"7400",2023,"K-21",58.329495,-170.38641,-0.2
"7401",2023,"K-22",58.334375,-170.990815,1.6
"7402",2023,"L-18",58.671705,-168.49781,0.9
"7403",2023,"L-20",58.66068,-169.77708,0.6
"7404",2023,"L-21",58.669175,-170.43077,-0.5
"7405",2023,"L-22",58.66657,-171.08787,0.6
"7406",2023,"L-23",58.678085,-171.721375,2.1
"7407",2023,"L-24",58.678615,-172.36947,2.3
"7408",2023,"M-19",58.989185,-169.188445,0.7
"7409",2023,"M-20",59.00466,-169.838025,0.3
"7410",2023,"M-21",59.02424,-170.491675,0.1
"7411",2023,"M-22",58.9881,-171.122915,-0.6
"7412",2023,"M-23",58.995845,-171.779345,0.7
"7413",2023,"M-24",59.01068,-172.427765,2
"7414",2023,"M-25",58.993825,-173.073975,2.3
"7415",2023,"M-28",59.01067,-175.030265,2.4
"7416",2023,"M-29",58.99932,-175.71156,2.7
"7417",2023,"N-19",59.3197,-169.24772,1.3
"7418",2023,"N-20",59.328185,-169.87745,0.2
"7419",2023,"N-21",59.331055,-170.551235,-0.3
"7420",2023,"N-22",59.33304,-171.18505,-0.4
"7421",2023,"N-23",59.330585,-171.8506,-0.8
"7422",2023,"N-24",59.33728,-172.505635,0.9
"7423",2023,"N-25",59.323085,-173.155155,1.9
"7424",2023,"N-27",59.320015,-174.43518,2
"7425",2023,"N-28",59.34403,-175.101695,2.1
"7426",2023,"N-29",59.33743,-175.76101,2.1
"7427",2023,"N-30",59.333355,-176.372995,2
"7428",2023,"N-31",59.33919,-177.0702,2.7
"7429",2023,"O-19",59.674255,-169.26628,0.7
"7430",2023,"O-20",59.66427,-169.930445,-0.1
"7431",2023,"O-21",59.66762,-170.585795,-0.6
"7432",2023,"O-22",59.66977,-171.25463,-1
"7433",2023,"O-23",59.67384,-171.898775,-1
"7434",2023,"O-24",59.670945,-172.567725,-0.1
"7435",2023,"O-25",59.66769,-173.23127,1.3
"7436",2023,"O-26",59.676625,-173.872185,0.9
"7437",2023,"O-28",59.657065,-175.120825,1.7
"7438",2023,"O-29",59.68665,-175.87847,2
"7439",2023,"O-30",59.66877,-176.528785,1.8
"7440",2023,"O-31",59.66784,-177.11731,3.2
"7441",2023,"ON2524",59.50115,-172.88797,0.9
"7442",2023,"ON2625",59.502175,-173.50622,1.6
"7443",2023,"P-19",59.996915,-169.32667,-0.2
"7444",2023,"P-20",60.002145,-169.97136,-1
"7445",2023,"P-21",60.00147,-170.62866,-1.5
"7446",2023,"P-22",59.99128,-171.30483,-1.2
"7447",2023,"P-23",59.989995,-171.94672,-1.5
"7448",2023,"P-24",59.99219,-172.606205,-1.3
"7449",2023,"P-25",60.008645,-173.287665,-0.8
"7450",2023,"P-26",60.010425,-173.943755,0.4
"7451",2023,"P-27",59.99705,-174.59523,1.1
"7452",2023,"P-28",60.012225,-175.268545,1.6
"7453",2023,"P-29",60.0046,-175.917315,1.8
"7454",2023,"P-30",60.00591,-176.687895,1.7
"7455",2023,"P-31",60.00095,-177.20138,1.8
"7456",2023,"P-32",60.002965,-177.91547,2
"7457",2023,"PO2423",59.83185,-172.253075,-1.3
"7458",2023,"PO2524",59.82732,-172.92419,-0.6
"7459",2023,"PO2625",59.832305,-173.584785,1.2
"7460",2023,"PO2726",59.85894,-174.26372,1.1
"7461",2023,"Q-19",60.33758,-169.31807,-1.1
"7462",2023,"Q-20",60.32864,-169.9877,-1.5
"7463",2023,"Q-21",60.32818,-170.679435,-1.6
"7464",2023,"Q-22",60.3255,-171.342755,-1.6
"7465",2023,"Q-23",60.344045,-172.06358,-1.1
"7466",2023,"Q-25",60.30686,-173.371115,-0.9
"7467",2023,"Q-26",60.34264,-174.07871,-0.1
"7468",2023,"Q-27",60.351475,-174.70663,0.8
"7469",2023,"Q-28",60.330905,-175.40158,1.3
"7470",2023,"Q-29",60.3349,-176.02672,1.6
"7471",2023,"Q-30",60.335525,-176.72817,1.7
"7472",2023,"Q-31",60.34304,-177.38637,1.8
"7473",2023,"QP2423",60.165325,-172.33922,1.1
"7474",2023,"QP2524",60.1757,-173.01935,-0.8
"7475",2023,"QP2625",60.137005,-173.765745,0
"7476",2023,"QP2726",60.17071,-174.35513,0.5
"7477",2023,"R-22",60.65291,-171.431235,-1.1
"7478",2023,"R-23",60.66061,-172.109175,-1.2
"7479",2023,"R-24",60.67283,-172.76211,1.1
"7480",2023,"R-25",60.67037,-173.478895,-1.2
"7481",2023,"R-26",60.670605,-174.134955,-0.5
"7482",2023,"R-27",60.65801,-174.826895,0
"7483",2023,"R-28",60.6681,-175.448335,0.4
"7484",2023,"R-29",60.672835,-176.20668,1.1
"7485",2023,"R-30",60.666555,-176.81864,1.6
"7486",2023,"R-31",60.674615,-177.50002,1.5
"7487",2023,"R-32",60.666715,-178.18552,2.7
"7488",2023,"S-22",60.98607,-171.50335,-0.2
"7489",2023,"S-23",61.001325,-172.14154,-1.2
"7490",2023,"S-24",61.002105,-172.82045,-1.1
"7491",2023,"S-25",61.013605,-173.50151,-1.1
"7492",2023,"S-26",61.001515,-174.171245,-0.8
"7493",2023,"S-27",61.00411,-174.859045,-0.2
"7494",2023,"S-28",61.008085,-175.53123,0.2
"7495",2023,"S-29",61.006015,-176.273425,0.6
"7496",2023,"S-30",61.00312,-176.94303,1.2
"7497",2023,"S-31",61.01193,-177.620935,1.4
"7498",2023,"T-25",61.32351,-173.582735,-1.3
"7499",2023,"T-26",61.33355,-174.3428,-1
"7500",2023,"T-27",61.337885,-175.004705,-0.4
"7501",2023,"T-28",61.33503,-175.645655,0
"7502",2023,"T-29",61.336435,-176.332635,0.3
"7503",2023,"T-30",61.338885,-177.00921,0.5
"7504",2023,"U-25",61.65186,-173.668495,-1.4
"7505",2023,"U-26",61.65736,-174.450725,-1.6
"7506",2023,"U-27",61.67652,-175.10692,-1.1
"7507",2023,"U-28",61.670335,-175.79393,0.1
"7508",2023,"U-29",61.66602,-176.4631,0.5
"7509",2023,"V-25",61.981035,-173.73251,-1.4
"7510",2023,"V-26",61.99781,-174.50925,-1.6
"7511",2023,"V-27",62.00902,-175.202335,-1.6
"7512",2023,"V-28",62.00608,-175.839895,-1.3
"7513",2024,"A-03",55.01761,-166.32564,3.9
"7514",2024,"B-03",55.339635,-166.34736,4
"7515",2024,"D-02",56.002575,-166.996845,4.2
"7516",2024,"E-03",56.32899,-166.41313,3.9
"7517",2024,"E-19",56.333935,-168.8793,3.9
"7518",2024,"F-02",56.67118,-167.060095,3.4
"7519",2024,"F-03",56.662055,-166.437835,3.2
"7520",2024,"F-04",56.6562,-165.83246,2.9
"7521",2024,"F-19",56.675425,-168.915045,3.3
"7522",2024,"G-19",57.005255,-168.931545,3.2
"7523",2024,"G-20",56.99735,-169.541185,2.2
"7524",2024,"G-23",56.995435,-171.38766,2.8
"7525",2024,"H-01",57.32459,-167.74625,2.9
"7526",2024,"H-04",57.32418,-165.85189,3
"7527",2024,"H-18",57.329085,-168.37235,2.9
"7528",2024,"H-19",57.347025,-168.98097,3.3
"7529",2024,"H-20",57.341895,-169.623945,1.6
"7530",2024,"H-21",57.33382,-170.228255,3.7
"7531",2024,"H-22",57.351735,-170.842945,3.1
"7532",2024,"H-23",57.3309,-171.465835,2.7
"7533",2024,"H-26",57.32448,-173.339375,3.2
"7534",2024,"I-01",57.65,-167.734775,2.5
"7535",2024,"I-02",57.677215,-167.14485,2.5
"7536",2024,"I-03",57.660605,-166.50083,2.7
"7537",2024,"I-04",57.67546,-165.860355,2.7
"7538",2024,"I-18",57.662825,-168.404495,3
"7539",2024,"I-19",57.669165,-169.015615,2.1
"7540",2024,"I-20",57.663815,-169.646285,1.7
"7541",2024,"I-21",57.66549,-170.2594,1.2
"7542",2024,"I-22",57.672345,-170.8698,2.2
"7543",2024,"I-23",57.65023,-171.53237,2
"7544",2024,"I-24",57.666795,-172.17235,2.5
"7545",2024,"J-01",57.9963,-167.80947,2.1
"7546",2024,"J-02",57.991395,-167.139245,2
"7547",2024,"J-03",57.999575,-166.550895,1.8
"7548",2024,"J-04",58.00762,-165.888795,2.2
"7549",2024,"J-18",57.99477,-168.42431,3.2
"7550",2024,"J-19",58.00461,-169.060615,2.7
"7551",2024,"J-20",58.00022,-169.69412,1.7
"7552",2024,"J-21",58.00055,-170.32673,0.6
"7553",2024,"J-22",58.00354,-170.97263,1.3
"7554",2024,"J-23",57.98725,-171.59457,1.6
"7555",2024,"J-24",58.003415,-172.256595,2.1
"7556",2024,"J-26",57.992555,-173.45892,2.8
"7557",2024,"K-01",58.323775,-167.842185,1.8
"7558",2024,"K-02",58.32416,-167.191935,1.6
"7559",2024,"K-18",58.33306,-168.41752,1.7
"7560",2024,"K-19",58.32795,-169.100975,2.6
"7561",2024,"K-20",58.33258,-169.711775,2
"7562",2024,"K-21",58.3305,-170.386525,0.6
"7563",2024,"K-22",58.32996,-170.999345,0.6
"7564",2024,"K-23",58.33113,-171.65338,1.3
"7565",2024,"K-24",58.31751,-172.305235,1.9
"7566",2024,"K-25",58.33391,-172.930705,2.3
"7567",2024,"L-01",58.667145,-167.882535,2.7
"7568",2024,"L-19",58.665165,-169.167515,1.9
"7569",2024,"L-20",58.670385,-169.825565,1.6
"7570",2024,"L-21",58.66899,-170.45196,0.4
"7571",2024,"L-22",58.662435,-171.07696,0.4
"7572",2024,"L-23",58.657515,-171.719075,0.9
"7573",2024,"L-24",58.669155,-172.36943,1.7
"7574",2024,"L-25",58.668495,-173.00771,2
"7575",2024,"L-26",58.68028,-173.63641,2.4
"7576",2024,"M-01",58.990345,-167.908565,3.4
"7577",2024,"M-19",59.012005,-169.17384,2.6
"7578",2024,"M-20",59.000275,-169.82382,1.8
"7579",2024,"M-21",58.999655,-170.479225,0
"7580",2024,"M-22",58.99115,-171.112965,-0.2
"7581",2024,"M-23",58.995255,-171.780515,0.5
"7582",2024,"M-24",59.00792,-172.4294,1.1
"7583",2024,"M-25",59.000405,-173.07313,1.5
"7584",2024,"M-26",59.00344,-173.716125,1.8
"7585",2024,"M-27",59.003245,-174.37167,2.2
"7586",2024,"M-28",59.010625,-175.022275,2.7
"7587",2024,"N-19",59.34784,-169.24497,2.6
"7588",2024,"N-20",59.337725,-169.88018,0.6
"7589",2024,"N-21",59.32916,-170.54091,-0.3
"7590",2024,"N-22",59.32789,-171.170985,-0.5
"7591",2024,"N-23",59.32721,-171.831655,-0.1
"7592",2024,"N-24",59.334875,-172.4965,0.8
"7593",2024,"N-25",59.328495,-173.136595,1.3
"7594",2024,"N-26",59.33106,-173.802665,1.6
"7595",2024,"N-27",59.33551,-174.45102,1.9
"7596",2024,"N-29",59.335995,-175.746245,1.4
"7597",2024,"N-30",59.348725,-176.387825,1.2
"7598",2024,"O-19",59.679475,-169.27622,2.5
"7599",2024,"O-20",59.67604,-169.916035,0.3
"7600",2024,"O-21",59.664825,-170.57866,-0.6
"7601",2024,"O-22",59.672545,-171.26264,-0.8
"7602",2024,"O-23",59.6663,-171.8923,-0.2
"7603",2024,"O-24",59.66387,-172.543655,0.6
"7604",2024,"O-25",59.665735,-173.259475,1.2
"7605",2024,"O-26",59.67762,-173.90133,1.5
"7606",2024,"O-27",59.66615,-174.434045,1.6
"7607",2024,"O-28",59.669375,-175.13382,2.1
"7608",2024,"O-29",59.66968,-175.864155,1.6
"7609",2024,"O-30",59.67927,-176.53975,1.3
"7610",2024,"P-19",60.003815,-169.32454,1.8
"7611",2024,"P-20",60.003115,-169.97254,1.4
"7612",2024,"P-21",59.997985,-170.61746,-0.6
"7613",2024,"P-22",59.99269,-171.27507,-1
"7614",2024,"P-23",59.977455,-171.93012,-0.7
"7615",2024,"P-24",59.990855,-172.594695,-0.1
"7616",2024,"P-25",60.007985,-173.285785,0.4
"7617",2024,"P-26",59.998755,-173.976165,1.3
"7618",2024,"P-27",60.006825,-174.593185,1.5
"7619",2024,"P-28",60.00738,-175.26588,1.7
"7620",2024,"P-30",60.005345,-176.71579,1
"7621",2024,"P-31",60.000365,-177.19938,1.1
"7622",2024,"Q-19",60.33523,-169.30245,1.7
"7623",2024,"Q-20",60.33168,-169.99822,-0.4
"7624",2024,"Q-21",60.33778,-170.676935,-1
"7625",2024,"Q-22",60.32224,-171.3606,-1
"7626",2024,"Q-23",60.329685,-172.06366,-0.4
"7627",2024,"Q-25",60.294685,-173.37399,0.6
"7628",2024,"Q-26",60.32823,-174.076725,1.3
"7629",2024,"Q-27",60.336845,-174.72454,1.4
"7630",2024,"Q-28",60.336445,-175.40425,1.5
"7631",2024,"Q-29",60.32975,-176.051885,1.6
"7632",2024,"Q-30",60.338085,-176.71376,0.9
"7633",2024,"Q-31",60.32688,-177.374215,1.5
"7634",2024,"R-22",60.67741,-171.412055,-1.2
"7635",2024,"R-23",60.66331,-172.09063,-1.3
"7636",2024,"R-24",60.66979,-172.759305,2.5
"7637",2024,"R-26",60.670955,-174.132245,1.1
"7638",2024,"R-27",60.659285,-174.831185,1.4
"7639",2024,"R-28",60.65698,-175.50289,1.4
"7640",2024,"R-29",60.66905,-176.227565,1.3
"7641",2024,"R-30",60.67018,-176.81101,1
"7642",2024,"R-31",60.664945,-177.523365,0.8
"7643",2024,"R-32",60.64997,-178.14495,2.5
"7644",2024,"S-22",60.988845,-171.46551,-1.1
"7645",2024,"S-23",60.99908,-172.16373,-1.2
"7646",2024,"S-24",60.99913,-172.81499,-0.1
"7647",2024,"S-25",60.994675,-173.49924,0.6
"7648",2024,"S-26",60.997075,-174.189045,0.7
"7649",2024,"S-27",61.009645,-174.94231,1.3
"7650",2024,"S-28",61.00126,-175.551875,1.3
"7651",2024,"S-29",60.998605,-176.29293,1.2
"7652",2024,"S-30",61.00753,-176.966795,0.9
"7653",2024,"S-31",60.997025,-177.638415,0.9
"7654",2024,"T-25",61.331215,-173.59209,-0.1
"7655",2024,"T-26",61.332835,-174.335405,0.8
"7656",2024,"T-27",61.33334,-175.038385,1.2
"7657",2024,"T-28",61.34286,-175.701645,1.2
"7658",2024,"T-29",61.332685,-176.321675,1
"7659",2024,"T-30",61.3372,-176.96549,1.3
"7660",2024,"U-25",61.66368,-173.668415,-0.1
"7661",2024,"U-26",61.6664,-174.42157,0.5
"7662",2024,"U-27",61.663205,-175.075535,1
"7663",2024,"U-28",61.673075,-175.78648,1.1
"7664",2024,"U-29",61.6632,-176.461455,0.9
"7665",2024,"V-25",61.993165,-173.72929,-1.6
"7666",2024,"V-26",62.000385,-174.48381,-0.2
"7667",2024,"V-27",61.994765,-175.187575,0.9
"7668",2024,"V-28",61.99277,-175.84529,1.1
"7669",2025,"B-01",55.342225,-167.54403,4.4
"7670",2025,"C-18",55.67138,-168.187305,4.5
"7671",2025,"D-18",56.00767,-168.223395,4.3
"7672",2025,"E-19",56.33736,-168.881905,4.5
"7673",2025,"F-01",56.67235,-167.669805,3.9
"7674",2025,"F-02",56.673815,-167.062,3.1
"7675",2025,"F-03",56.66361,-166.43716,2.8
"7676",2025,"F-18",56.656265,-168.282975,3.9
"7677",2025,"F-19",56.66442,-168.91171,3.4
"7678",2025,"F-20",56.66768,-169.51385,4.6
"7679",2025,"F-22",56.66003,-170.732335,3.7
"7680",2025,"F-23",56.671225,-171.362385,3.7
"7681",2025,"F-24",56.674845,-171.96337,4
"7682",2025,"F-25",56.682075,-172.575095,4.3
"7683",2025,"G-01",57.000655,-167.694605,3.1
"7684",2025,"G-02",56.99672,-167.08583,2.9
"7685",2025,"G-03",57.00077,-166.457225,2.5
"7686",2025,"G-18",57.004155,-168.340355,3.1
"7687",2025,"G-19",56.999495,-168.95956,3.4
"7688",2025,"G-20",57.00607,-169.537585,2.2
"7689",2025,"G-23",56.98969,-171.39637,3.4
"7690",2025,"G-24",57.004115,-172.05212,3.9
"7691",2025,"H-01",57.326335,-167.73517,2.4
"7692",2025,"H-02",57.33464,-167.125055,1.4
"7693",2025,"H-03",57.320525,-166.488355,2.7
"7694",2025,"H-04",57.329185,-165.84018,3.3
"7695",2025,"H-18",57.33858,-168.36924,3.5
"7696",2025,"H-19",57.333765,-168.97811,3.4
"7697",2025,"H-20",57.34668,-169.579765,1.3
"7698",2025,"H-22",57.33345,-170.85245,3.2
"7699",2025,"H-23",57.329695,-171.464815,3.2
"7700",2025,"H-25",57.342895,-172.81543,4.1
"7701",2025,"I-01",57.66569,-167.76801,1.9
"7702",2025,"I-02",57.671425,-167.13331,1.7
"7703",2025,"I-03",57.65069,-166.50593,3.1
"7704",2025,"I-04",57.669925,-165.884075,3.2
"7705",2025,"I-07",57.663625,-164.007635,3.6
"7706",2025,"I-18",57.66061,-168.404575,2.6
"7707",2025,"I-19",57.6727,-169.04216,3.3
"7708",2025,"I-20",57.670135,-169.642015,2.8
"7709",2025,"I-21",57.657105,-170.25954,0.6
"7710",2025,"I-22",57.668715,-170.89005,2.3
"7711",2025,"I-23",57.67698,-171.532435,3.3
"7712",2025,"I-24",57.669785,-172.1648,3.4
"7713",2025,"I-25",57.652355,-172.801375,3.7
"7714",2025,"J-01",57.994435,-167.80212,2.1
"7715",2025,"J-02",58.00502,-167.17188,2.4
"7716",2025,"J-03",57.998895,-166.524365,3.2
"7717",2025,"J-18",58.00538,-168.446785,2.3
"7718",2025,"J-19",57.99278,-169.072135,2
"7719",2025,"J-20",57.997775,-169.69424,0.4
"7720",2025,"J-21",58.00445,-170.345815,0.9
"7721",2025,"J-22",57.99707,-170.962675,1.6
"7722",2025,"J-23",58.01286,-171.603625,3
"7723",2025,"J-24",58.001345,-172.237685,3.1
"7724",2025,"J-26",57.995715,-173.45874,3.4
"7725",2025,"K-01",58.316335,-167.83072,3.1
"7726",2025,"K-18",58.318,-168.46587,2.1
"7727",2025,"K-19",58.329665,-169.11742,1.1
"7728",2025,"K-20",58.33293,-169.72715,0.7
"7729",2025,"K-21",58.32781,-170.39447,0.4
"7730",2025,"K-22",58.33373,-171.00962,1.4
"7731",2025,"K-23",58.39337,-171.648165,2.2
"7732",2025,"K-24",58.32973,-172.299435,2.8
"7733",2025,"K-25",58.32282,-172.91678,3.2
"7734",2025,"K-26",58.33628,-173.569535,3.8
"7735",2025,"L-19",58.675465,-169.151635,1.1
"7736",2025,"L-20",58.670825,-169.778655,0.6
"7737",2025,"L-21",58.666425,-170.440385,0.5
"7738",2025,"L-22",58.664725,-171.07798,1.1
"7739",2025,"L-23",58.664695,-171.71652,1.7
"7740",2025,"L-24",58.668865,-172.35446,2.7
"7741",2025,"L-27",58.669735,-174.271785,4.1
"7742",2025,"M-19",59.009795,-169.17656,2.7
"7743",2025,"M-20",59.007585,-169.83518,0.5
"7744",2025,"M-21",58.998605,-170.48429,0.4
"7745",2025,"M-22",58.987115,-171.121615,0.6
"7746",2025,"M-23",59.003685,-171.779495,1.4
"7747",2025,"M-24",59.00332,-172.42868,2.4
"7748",2025,"M-25",59.00309,-173.080435,2.7
"7749",2025,"M-26",59.005355,-173.72144,2.7
"7750",2025,"M-27",59.001575,-174.391695,3.1
"7751",2025,"M-28",59.010345,-175.0175,3.2
"7752",2025,"M-30",59.016485,-176.30542,2.7
"7753",2025,"N-19",59.3398,-169.242195,2.4
"7754",2025,"N-20",59.327705,-169.872815,0.6
"7755",2025,"N-21",59.329295,-170.542595,0.3
"7756",2025,"N-22",59.325065,-171.172855,0.3
"7757",2025,"N-23",59.33317,-171.83429,0.8
"7758",2025,"N-24",59.33331,-172.533685,1.8
"7759",2025,"N-25",59.32831,-173.14848,2.2
"7760",2025,"N-26",59.339115,-173.7975,2.3
"7761",2025,"N-27",59.335615,-174.45041,2.7
"7762",2025,"N-28",59.33757,-175.09763,3
"7763",2025,"N-30",59.343435,-176.38871,2
"7764",2025,"O-20",59.67753,-169.91831,1.6
"7765",2025,"O-21",59.67025,-170.583055,0.1
"7766",2025,"O-22",59.665605,-171.243205,-0.1
"7767",2025,"O-23",59.672805,-171.902285,0.3
"7768",2025,"O-24",59.676715,-172.57384,1
"7769",2025,"O-25",59.661095,-173.234775,1.7
"7770",2025,"O-26",59.668025,-173.87196,2.1
"7771",2025,"O-27",59.66185,-174.44535,2.2
"7772",2025,"O-28",59.66808,-175.1113,2.8
"7773",2025,"O-29",59.6733,-175.88234,2.4
"7774",2025,"O-30",59.66981,-176.53085,2.1
"7775",2025,"O-31",59.655585,-177.13595,3.5
"7776",2025,"P-20",60.00256,-169.967145,1.2
"7777",2025,"P-21",59.98944,-170.63056,0
"7778",2025,"P-22",60.003075,-171.300005,-0.4
"7779",2025,"P-23",59.986235,-171.94687,-0.3
"7780",2025,"P-24",60.00105,-172.610525,-0.2
"7781",2025,"P-25",59.99725,-173.28132,0.1
"7782",2025,"P-26",60.01123,-173.953715,1.6
"7783",2025,"P-27",60.008735,-174.603835,2
"7784",2025,"P-28",60.00336,-175.266505,2.4
"7785",2025,"P-29",59.99925,-175.92133,2.8
"7786",2025,"P-30",60.00363,-176.722755,1.9
"7787",2025,"P-31",59.994385,-177.228955,2.2
"7788",2025,"P-32",60.00244,-177.91474,2.9
"7789",2025,"Q-20",60.33359,-169.99514,0.6
"7790",2025,"Q-21",60.322595,-170.6649,-0.1
"7791",2025,"Q-22",60.333345,-171.35541,-0.6
"7792",2025,"Q-23",60.333735,-172.06759,-1
"7793",2025,"Q-25",60.296705,-173.374805,-0.4
"7794",2025,"Q-26",60.328705,-174.0764,0.9
"7795",2025,"Q-27",60.32806,-174.711175,1.7
"7796",2025,"Q-28",60.33369,-175.420695,2
"7797",2025,"Q-29",60.333425,-176.104695,2.3
"7798",2025,"Q-30",60.33601,-176.72153,2.8
"7799",2025,"Q-31",60.326155,-177.37363,2.3
"7800",2025,"R-22",60.67449,-171.43371,-1
"7801",2025,"R-23",60.68177,-172.12477,-1.1
"7802",2025,"R-24",60.66684,-172.750215,1.7
"7803",2025,"R-25",60.674895,-173.473005,-0.3
"7804",2025,"R-26",60.67178,-174.145345,0.6
"7805",2025,"R-27",60.656985,-174.825145,1.1
"7806",2025,"R-28",60.64252,-175.45085,1.4
"7807",2025,"R-29",60.67613,-176.20035,1.7
"7808",2025,"R-30",60.67461,-176.76557,2.3
"7809",2025,"R-31",60.669215,-177.504775,2.1
"7810",2025,"R-32",60.66884,-178.203205,2.8
"7811",2025,"S-22",60.995045,-171.48373,-1.1
"7812",2025,"S-23",60.995325,-172.180565,-1.2
"7813",2025,"S-24",60.99623,-172.80817,0.2
"7814",2025,"S-25",61.00291,-173.528145,-0.4
"7815",2025,"S-26",60.999365,-174.18017,0.6
"7816",2025,"S-27",60.984745,-174.885175,0.9
"7817",2025,"S-28",60.992665,-175.549035,1.1
"7818",2025,"S-29",61.00087,-176.316645,1.6
"7819",2025,"S-30",61.0008,-176.98383,2
"7820",2025,"S-31",60.9955,-177.643365,2
"7821",2025,"T-25",61.332305,-173.62181,-0.2
"7822",2025,"T-26",61.33271,-174.33925,-0.3
"7823",2025,"T-27",61.33195,-175.00734,0.6
"7824",2025,"T-28",61.338155,-175.65141,0.8
"7825",2025,"T-29",61.344585,-176.27517,1.4
"7826",2025,"T-30",61.34319,-176.96614,1.8
"7827",2025,"U-25",61.673445,-173.69241,-1.4
"7828",2025,"U-26",61.663165,-174.43944,-1.4
"7829",2025,"U-27",61.6678,-175.07248,0.2
"7830",2025,"U-28",61.66892,-175.784145,0.8
"7831",2025,"U-29",61.63336,-176.471165,1.1
"7832",2025,"V-25",61.996645,-173.736505,-1.3
"7833",2025,"V-26",61.999785,-174.519225,-1.4
"7834",2025,"V-27",62.00345,-175.179605,-1.2
"7835",2025,"V-28",62.003205,-175.789845,-0.2
